Div,Date,HomeTeam,AwayTeam,FTHG,FTAG,FTR,HTHG,HTAG,HTR,B365H,B365D,B365A,BWH,BWD,BWA,GBH,GBD,GBA,IWH,IWD,IWA,LBH,LBD,LBA,SBH,SBD,SBA,WHH,WHD,WHA,GB>2.5,GB<2.5,GBAHH,GBAHA,GBAH,B365AHH,B365AHA,B365AH,Unnamed: 39,Unnamed: 40,Unnamed: 41
P1,2004-08-28,Belenenses,Maritimo,3,0,H,2,0,H,2.25,3.2,2.75,2.25,3.2,2.8,2.25,3.2,2.8,2.2,3.0,2.9,,,,2.25,3.2,2.75,2.15,3.2,2.9,2.1,1.6,2.25,1.49,-0.5,,,,,,
P1,2004-08-28,Sp Lisbon,Gil Vicente,3,2,H,2,0,H,1.25,4.5,10.0,1.35,4.0,8.0,1.35,4.0,8.0,1.3,4.2,8.0,,,,1.29,4.5,8.0,1.25,4.5,10.0,,,1.35,2.67,-0.5,,,,,,
P1,2004-08-29,Beira Mar,Benfica,2,3,A,0,2,A,4.33,3.4,1.66,4.5,3.5,1.65,4.5,3.3,1.7,4.4,3.3,1.65,,,,4.5,3.5,1.62,4.5,3.3,1.66,1.83,1.83,1.9,1.7,0.5,,,,,,
P1,2004-08-29,Boavista,Nacional,1,0,H,0,0,D,1.72,3.4,4.0,2.0,3.2,3.35,1.9,3.2,3.65,1.8,3.1,3.8,,,,1.91,3.2,3.5,1.8,3.3,3.75,2.0,1.65,1.9,1.71,-0.5,,,,,,
P1,2004-08-29,Estoril,Rio Ave,0,0,D,0,0,D,2.25,3.2,2.75,2.3,3.2,2.75,2.3,3.2,2.75,2.2,2.9,3.0,,,,2.25,3.2,2.75,2.15,3.2,2.9,1.85,1.79,2.3,1.48,-0.5,,,,,,
P1,2004-08-29,Moreirense,Guimaraes,0,0,D,0,0,D,1.9,3.2,3.5,1.85,3.25,3.75,1.85,3.25,3.75,2.0,3.1,3.2,,,,1.91,3.25,3.4,2.0,3.25,3.15,2.1,1.6,1.85,1.74,-0.5,,,,,,
P1,2004-08-29,Penafiel,Setubal,1,4,A,1,1,D,1.9,3.2,3.5,1.85,3.25,3.75,1.85,3.25,3.75,2.1,2.9,3.2,,,,1.91,3.25,3.4,1.95,3.25,3.3,1.85,1.79,1.85,1.74,-0.5,,,,,,
P1,2004-08-30,Academica,Sp Braga,2,2,D,1,2,A,2.3,3.25,2.62,2.3,3.2,2.75,2.3,3.2,2.75,2.4,2.9,2.7,,,,2.38,3.1,2.62,2.35,3.1,2.65,1.9,1.75,2.3,1.48,-0.5,,,,,,
P1,2004-09-05,Guimaraes,Academica,2,1,H,2,0,H,,,,1.8,3.4,3.8,1.8,3.25,4.0,1.8,3.1,3.8,,,,1.9,3.25,3.4,1.8,3.25,3.8,1.95,1.71,1.8,1.79,-0.5,,,,,,
P1,2004-09-10,Gil Vicente,Boavista,0,1,A,0,1,A,2.6,3.1,2.4,2.55,3.2,2.45,2.5,3.2,2.5,2.5,3.0,2.5,,,,2.5,3.1,2.5,2.5,3.1,2.5,2.0,1.65,1.9,1.9,0.0,,,,,,
P1,2004-09-11,Benfica,Moreirense,2,0,H,1,0,H,1.25,5.0,8.0,1.25,5.0,9.0,1.25,5.0,9.0,1.3,4.2,8.0,,,,1.3,4.33,8.0,1.22,5.0,9.5,1.65,2.0,1.95,1.85,-1.5,,,,,,
P1,2004-09-11,Leiria,Estoril,4,2,H,2,1,H,1.615,3.3,5.0,1.75,3.4,4.05,1.7,3.4,4.4,1.85,3.1,3.6,,,,1.66,3.4,4.33,1.61,3.5,4.5,1.9,1.75,2.0,1.8,-0.75,,,,,,
P1,2004-09-11,Maritimo,Penafiel,3,0,H,1,0,H,1.5,3.4,6.0,1.6,3.55,4.9,1.6,3.5,5.0,1.7,3.2,4.2,,,,1.57,3.5,5.0,1.57,3.5,5.0,1.9,1.75,1.75,2.08,-0.75,,,,,,
P1,2004-09-11,Sp Braga,Porto,1,1,D,0,1,A,4.0,3.4,1.727,4.05,3.4,1.75,4.0,3.3,1.8,3.5,3.1,1.9,,,,3.8,3.3,1.8,3.75,3.3,1.8,1.83,1.83,1.81,1.8,0.5,,,,,,
P1,2004-09-12,Nacional,Beira Mar,2,1,H,1,1,D,1.615,3.5,4.5,1.65,3.5,4.55,1.65,3.5,4.6,1.7,3.2,4.2,,,,,,,1.72,3.4,4.0,1.75,1.9,1.9,1.9,-0.75,,,,,,
P1,2004-09-12,Setubal,Sp Lisbon,2,0,H,0,0,D,4.0,3.2,1.8,3.65,3.35,1.85,3.75,3.3,1.85,3.5,3.1,1.9,,,,3.8,3.3,1.8,3.75,3.3,1.8,1.79,1.85,1.76,1.85,0.5,,,,,,
P1,2004-09-13,Rio Ave,Belenenses,3,3,D,2,0,H,1.8,3.2,4.0,2.0,3.25,3.3,1.9,3.25,3.6,2.0,3.0,3.3,,,,1.9,3.25,3.4,1.83,3.4,3.5,1.9,1.75,1.9,1.71,-0.5,,,,,,
P1,2004-09-17,Boavista,Setubal,1,1,D,1,0,H,1.61,3.5,4.5,1.6,3.55,4.9,1.6,3.55,4.9,1.65,3.3,4.4,,,,1.62,3.4,4.75,1.6,3.2,5.25,2.0,1.65,1.9,1.9,-0.75,,,,,,
P1,2004-09-18,Porto,Estoril,2,2,D,1,2,A,1.16,5.5,11.0,1.15,6.0,13.0,1.17,5.5,13.0,1.2,5.0,10.0,,,,1.17,5.5,12.0,1.14,6.0,12.0,1.55,2.2,,,,,,,,,
P1,2004-09-19,Academica,Benfica,0,1,A,0,0,D,4.0,3.4,1.72,4.3,3.45,1.7,4.3,3.25,1.75,4.4,3.3,1.65,,,,4.33,3.4,1.67,4.33,3.4,1.66,1.83,1.83,1.85,1.95,0.75,,,,,,
P1,2004-09-19,Beira Mar,Gil Vicente,1,0,H,1,0,H,1.9,3.2,3.5,1.9,3.3,3.55,1.9,3.2,3.65,2.0,3.1,3.2,,,,2.0,3.2,3.2,1.9,3.1,3.6,1.95,1.71,1.9,1.71,-0.5,,,,,,
P1,2004-09-19,Belenenses,Leiria,2,1,H,1,0,H,2.1,3.2,3.0,1.9,3.3,3.55,2.1,3.2,3.1,1.9,3.1,3.5,,,,2.2,3.25,2.75,2.0,3.0,3.4,1.9,1.75,2.1,1.57,-0.5,,,,,,
P1,2004-09-19,Moreirense,Nacional,3,2,H,2,0,H,2.2,3.0,3.0,2.0,3.25,3.3,2.2,3.0,3.1,2.0,3.1,3.2,,,,2.2,3.1,2.88,2.25,3.0,2.85,1.9,1.75,1.85,1.95,-0.25,,,,,,
P1,2004-09-19,Penafiel,Rio Ave,1,1,D,0,0,D,2.5,3.1,2.5,2.5,3.15,2.55,2.5,3.2,2.5,2.4,2.9,2.7,,,,2.5,3.1,2.5,2.62,2.9,2.5,1.95,1.71,1.8,2.0,0.0,,,,,,
P1,2004-09-20,Sp Lisbon,Maritimo,0,1,A,0,1,A,1.33,4.33,7.0,1.3,4.5,8.25,1.35,4.35,7.0,1.33,4.0,7.5,,,,1.36,3.75,8.0,1.33,4.0,8.0,1.75,1.9,1.96,1.84,-1.5,,,,,,
P1,2004-09-21,Sp Braga,Guimaraes,1,0,H,1,0,H,1.83,3.2,3.75,1.85,3.35,3.65,1.85,3.1,4.0,1.9,3.1,3.5,,,,1.83,3.2,3.75,1.8,3.25,3.75,1.95,1.66,1.85,1.75,-0.5,,,,,,
P1,2004-09-22,Porto,Leiria,1,1,D,1,0,H,1.25,5.0,8.0,1.25,5.0,9.0,1.25,5.0,9.0,1.3,4.2,8.0,,,,1.29,4.5,8.0,1.28,4.5,8.0,1.66,1.95,1.85,1.95,-1.5,,,,,,
P1,2004-09-24,Setubal,Beira Mar,1,2,A,1,1,D,1.83,3.2,3.75,1.8,3.4,3.8,1.85,3.3,3.75,1.8,3.1,3.8,,,,1.85,3.25,3.6,1.8,3.3,3.75,1.95,1.71,1.75,1.84,-0.5,,,,,,
P1,2004-09-25,Guimaraes,Porto,0,1,A,0,0,D,3.5,3.2,1.9,3.65,3.35,1.85,3.6,3.25,1.9,3.6,3.1,1.85,,,,3.6,3.25,1.85,3.6,3.3,1.83,1.95,1.71,1.71,1.9,0.5,,,,,,
P1,2004-09-25,Maritimo,Boavista,2,1,H,1,0,H,2.25,3.2,2.75,2.2,3.2,2.9,2.2,3.1,3.0,2.1,2.8,3.3,,,,2.25,3.1,2.8,2.1,3.2,3.0,2.1,1.6,1.95,1.85,-0.25,,,,,,
P1,2004-09-26,Benfica,Sp Braga,0,0,D,0,0,D,1.33,4.33,7.0,1.4,4.0,6.75,1.4,4.0,6.8,1.35,4.0,7.0,,,,1.4,3.75,7.0,1.4,3.75,7.0,,,1.9,1.9,-1.25,,,,,,
P1,2004-09-26,Gil Vicente,Moreirense,3,1,H,0,0,D,2.2,3.2,2.8,2.15,3.25,2.95,2.2,3.1,3.0,1.85,3.1,3.6,,,,2.2,3.2,2.8,2.2,3.1,2.87,1.95,1.71,1.85,1.95,-0.25,,,,,,
P1,2004-09-26,Leiria,Penafiel,1,2,A,0,2,A,1.66,3.4,4.33,1.5,3.65,5.8,1.6,3.5,5.0,1.6,3.4,4.6,,,,1.62,3.4,4.75,1.6,3.4,4.5,1.83,1.83,2.0,1.8,-1.0,,,,,,
P1,2004-09-26,Nacional,Academica,2,1,H,0,0,D,1.72,3.4,4.0,1.6,3.55,4.9,1.7,3.4,4.4,1.7,3.2,4.2,,,,1.62,3.4,4.75,1.72,3.4,4.0,1.83,1.83,1.8,2.0,-0.75,,,,,,
P1,2004-09-26,Rio Ave,Sp Lisbon,0,0,D,0,0,D,3.0,3.2,2.1,3.3,3.25,2.0,3.1,3.2,2.1,3.1,3.0,2.1,,,,3.2,3.2,2.0,3.1,3.2,2.05,1.95,1.71,2.0,1.8,0.25,,,,,,
P1,2004-09-27,Estoril,Belenenses,1,0,H,0,0,D,2.37,3.1,2.62,2.4,3.2,2.6,2.5,3.1,2.55,2.5,3.0,2.5,,,,2.38,3.1,2.6,2.5,3.1,2.5,2.0,1.65,1.9,1.9,0.0,,,,,,
P1,2004-10-01,Boavista,Rio Ave,0,1,A,0,1,A,1.66,3.25,4.5,1.6,3.55,4.9,1.7,3.3,4.5,1.75,3.1,4.2,,,,1.73,3.25,4.2,1.75,3.25,4.0,2.1,1.6,1.95,1.85,-0.75,,,,,,
P1,2004-10-03,Academica,Gil Vicente,2,1,H,2,1,H,2.0,3.2,3.2,2.15,3.25,2.95,2.1,3.2,3.1,2.1,3.0,3.1,,,,2.1,3.1,3.1,2.1,3.2,3.0,1.85,1.79,1.85,1.95,-0.25,,,,,,
P1,2004-10-03,Guimaraes,Benfica,1,2,A,0,0,D,4.5,3.25,1.66,4.05,3.4,1.75,4.0,3.25,1.8,3.6,3.1,1.85,,,,3.75,3.3,1.8,3.75,3.3,1.8,1.95,1.71,1.79,1.8,0.5,,,,,,
P1,2004-10-03,Moreirense,Setubal,2,2,D,1,0,H,2.1,3.2,3.0,1.95,3.25,3.4,2.1,3.2,3.1,2.0,3.0,3.3,,,,2.1,3.1,3.1,2.1,3.2,3.0,1.95,1.71,1.85,1.95,-0.25,,,,,,
P1,2004-10-03,Penafiel,Estoril,2,1,H,2,1,H,2.1,3.2,3.0,1.9,3.3,3.55,2.0,3.2,3.35,2.1,3.0,3.1,,,,2.0,3.2,3.2,2.05,3.1,3.2,1.9,1.75,1.8,2.0,-0.25,,,,,,
P1,2004-10-03,Porto,Belenenses,3,0,H,1,0,H,1.36,4.0,7.0,1.3,4.5,8.25,1.3,4.6,8.0,1.35,4.0,7.0,,,,1.33,4.0,8.0,1.3,4.33,8.0,1.71,1.95,1.3,2.92,-0.5,,,,,,
P1,2004-10-04,Sp Lisbon,Leiria,2,2,D,1,1,D,1.44,3.6,6.5,1.35,4.2,7.5,1.45,3.75,6.4,1.4,3.7,6.5,,,,1.4,3.75,7.0,1.4,3.75,7.0,1.79,1.85,1.45,2.36,-0.5,,,,,,
P1,2004-10-05,Sp Braga,Nacional,3,2,H,1,0,H,1.9,3.2,3.5,1.8,3.4,3.8,1.75,3.4,3.05,1.8,3.1,3.8,,,,1.85,3.25,3.6,1.83,3.2,3.75,2.0,1.65,1.75,1.85,-0.5,,,,,,
P1,2004-10-10,Beira Mar,Maritimo,2,2,D,1,0,H,2.1,3.2,3.0,2.1,3.25,3.05,2.2,3.05,3.0,2.2,2.9,3.0,,,,2.25,3.0,2.88,2.25,3.0,2.87,1.85,1.79,2.2,1.51,-0.5,,,,,,
P1,2004-10-15,Gil Vicente,Sp Braga,0,1,A,0,0,D,2.4,3.1,2.6,2.35,3.2,2.65,2.5,3.2,2.5,2.3,3.0,2.7,2.5,3.2,2.5,2.5,3.1,2.5,2.4,3.25,2.5,1.9,1.75,1.4,2.5,0.5,,,,,,
P1,2004-10-16,Estoril,Sp Lisbon,1,4,A,0,2,A,3.5,3.2,1.9,3.4,3.25,1.95,3.5,3.2,1.95,3.5,3.1,1.9,,,,3.5,3.2,1.91,3.3,3.25,1.95,1.9,1.75,1.67,1.95,0.5,,,,,,
P1,2004-10-16,Maritimo,Moreirense,1,0,H,0,0,D,1.53,3.5,5.5,1.55,3.6,5.3,1.5,3.6,5.9,1.55,3.5,4.8,,,,1.57,3.5,5.0,1.57,3.5,5.0,1.83,1.83,1.5,2.24,-0.5,,,,,,
P1,2004-10-16,Nacional,Guimaraes,1,0,H,1,0,H,1.72,3.4,4.0,1.75,3.4,4.05,1.8,3.2,4.1,1.9,3.1,3.5,,,,1.8,3.1,4.0,1.8,3.4,3.6,1.83,1.83,1.8,1.8,-0.5,,,,,,
P1,2004-10-17,Belenenses,Penafiel,4,1,H,0,1,A,1.66,3.4,4.33,1.7,3.45,4.3,1.7,3.3,4.5,1.7,3.2,4.2,,,,1.73,3.25,4.2,1.72,3.4,4.0,1.83,1.83,1.7,1.9,-0.5,,,,,,
P1,2004-10-17,Benfica,Porto,0,1,A,0,1,A,2.37,3.0,2.75,2.3,3.2,2.75,2.3,3.0,2.9,2.1,3.0,3.1,,,,2.25,3.1,2.8,2.37,2.9,2.8,2.0,1.65,2.3,1.47,-0.5,,,,,,
P1,2004-10-17,Leiria,Boavista,0,3,A,0,1,A,2.25,3.1,2.8,2.2,3.2,2.9,2.2,3.1,3.0,2.2,2.9,3.0,,,,2.3,3.2,2.62,2.25,3.2,2.75,1.9,1.75,2.2,1.52,-0.5,,,,,,
P1,2004-10-17,Rio Ave,Beira Mar,1,1,D,1,0,H,1.83,3.2,3.75,2.0,3.25,3.3,1.85,3.1,4.0,1.85,3.1,3.6,,,,1.83,3.2,3.75,1.83,3.4,3.5,1.85,1.79,1.85,1.75,-0.5,,,,,,
P1,2004-10-18,Setubal,Academica,1,0,H,0,0,D,1.66,3.3,4.5,1.7,3.45,4.3,1.75,3.3,4.2,1.8,3.1,3.8,1.667,3.25,4.5,1.75,3.2,4.2,1.72,3.4,4.0,1.83,1.83,1.75,1.85,-0.5,,,,,,
P1,2004-10-22,Boavista,Estoril,0,0,D,0,0,D,1.44,3.75,6.5,1.4,4.0,6.75,1.5,3.6,6.0,1.5,3.5,5.4,1.5,3.4,6.0,1.5,3.6,5.5,1.44,3.6,6.5,2.0,1.65,1.5,2.25,-0.5,,,,,,
P1,2004-10-23,Moreirense,Rio Ave,0,0,D,0,0,D,2.25,3.2,2.75,2.25,3.2,2.8,2.25,3.0,3.0,2.2,2.8,3.1,,,,2.25,3.2,2.75,2.1,3.2,3.0,1.95,1.71,2.25,1.5,-0.5,,,,,,
P1,2004-10-23,Sp Braga,Setubal,2,3,A,2,1,H,1.72,3.2,4.33,1.8,3.4,3.8,1.75,3.3,4.25,1.75,3.2,4.0,,,,1.73,3.25,4.2,1.7,3.3,4.2,1.95,1.71,1.75,1.86,-0.5,,,,,,
P1,2004-10-23,Sp Lisbon,Belenenses,2,0,H,0,0,D,1.5,3.6,5.5,1.4,4.0,6.75,1.45,3.75,6.5,1.4,3.9,6.0,,,,1.44,3.75,6.0,1.44,3.6,6.5,1.71,1.95,1.45,2.38,-0.5,,,,,,
P1,2004-10-24,Academica,Maritimo,1,0,H,1,0,H,2.62,3.0,2.5,2.5,3.15,2.5,2.55,3.1,2.5,2.4,2.9,2.7,,,,2.5,3.1,2.5,2.6,3.1,2.4,1.9,1.75,1.4,2.5,0.5,,,,,,
P1,2004-10-24,Beira Mar,Leiria,0,1,A,0,0,D,1.9,3.25,3.5,1.95,3.25,3.4,2.0,3.15,3.4,2.0,3.0,3.3,,,,2.0,3.2,3.2,2.0,3.2,3.2,1.9,1.75,2.0,1.64,-0.5,,,,,,
P1,2004-10-24,Benfica,Nacional,2,1,H,0,0,D,1.33,4.33,7.5,1.25,5.0,9.0,1.3,4.5,8.5,1.33,4.0,7.5,,,,1.3,4.33,8.0,1.33,4.0,8.0,1.71,1.95,1.3,2.94,-0.5,,,,,,
P1,2004-10-24,Guimaraes,Gil Vicente,2,1,H,2,0,H,1.8,3.2,4.0,1.8,3.4,3.8,1.8,3.25,4.0,1.8,3.1,3.8,,,,1.8,3.3,3.75,1.85,3.3,3.5,1.9,1.75,1.8,1.79,-0.5,,,,,,
P1,2004-10-24,Porto,Penafiel,2,0,H,2,0,H,1.2,5.0,11.0,1.2,5.5,10.0,1.2,5.3,11.0,1.2,5.0,10.0,,,,1.2,5.0,11.0,,,,1.65,2.0,1.2,3.58,-0.5,,,,,,
P1,2004-10-30,Nacional,Porto,2,2,D,0,1,A,4.33,3.25,1.72,3.8,3.4,1.8,4.0,3.25,1.8,3.8,3.1,1.8,4.0,3.4,1.727,3.75,3.3,1.8,3.75,3.2,1.83,1.83,1.83,1.79,1.8,0.5,,,,,,
P1,2004-10-30,Penafiel,Sp Lisbon,0,3,A,0,0,D,4.33,3.25,1.72,4.0,3.45,1.75,4.0,3.45,1.75,4.4,3.3,1.65,4.333,3.2,1.727,4.0,3.4,1.73,4.2,3.25,1.72,1.9,1.75,1.85,1.75,0.5,,,,,,
P1,2004-10-31,Belenenses,Boavista,1,2,A,1,1,D,2.2,3.2,2.8,2.15,3.25,2.95,2.25,3.3,2.75,2.3,2.9,2.8,,,,2.2,3.25,2.75,2.25,3.2,2.7,1.9,1.75,2.25,1.5,-0.5,,,,,,
P1,2004-10-31,Estoril,Beira Mar,5,0,H,3,0,H,2.25,3.2,2.75,2.15,3.25,2.95,2.3,3.1,2.8,2.2,2.9,3.0,,,,2.25,3.25,2.7,2.25,3.2,2.7,1.83,1.83,2.3,1.47,-0.5,,,,,,
P1,2004-10-31,Gil Vicente,Benfica,1,1,D,1,0,H,5.5,3.5,1.5,5.3,3.6,1.55,5.25,3.6,1.55,4.8,3.5,1.55,6.5,3.6,1.444,5.5,3.5,1.53,5.5,3.5,1.53,1.83,1.83,2.14,1.55,0.5,,,,,,
P1,2004-10-31,Leiria,Moreirense,0,0,D,0,0,D,1.72,3.4,4.0,1.8,3.4,3.8,1.8,3.35,3.85,1.75,3.2,4.0,,,,1.75,3.3,4.0,1.75,3.3,4.0,1.83,1.83,1.8,1.79,-0.5,,,,,,
P1,2004-10-31,Rio Ave,Academica,3,1,H,1,0,H,1.8,3.2,4.0,1.8,3.4,3.8,1.8,3.2,4.1,1.75,3.2,4.0,,,,1.8,3.25,3.8,1.75,3.3,4.0,2.0,1.65,1.8,1.8,-0.5,,,,,,
P1,2004-11-01,Maritimo,Sp Braga,2,0,H,1,0,H,1.9,3.2,3.5,1.8,3.4,3.8,1.95,3.25,3.4,1.85,3.1,3.6,1.909,3.2,3.5,1.91,3.25,3.4,1.9,3.25,3.4,1.83,1.83,1.95,1.66,-0.5,,,,,,
P1,2004-11-01,Setubal,Guimaraes,1,0,H,0,0,D,1.8,3.2,4.0,1.7,3.45,4.3,1.85,3.25,3.75,1.8,3.1,3.8,1.8,3.25,3.75,1.8,3.25,3.8,1.8,3.3,3.75,1.9,1.75,1.85,1.74,-0.5,,,,,,
P1,2004-11-05,Beira Mar,Belenenses,3,3,D,1,1,D,2.1,3.2,3.0,2.1,3.25,3.05,2.15,3.25,2.95,2.2,2.9,3.0,2.1,3.2,3.0,2.1,3.2,3.0,2.2,3.25,2.75,1.9,1.75,2.15,1.55,-0.5,1.825,2.025,-0.25,,,
P1,2004-11-06,Boavista,Penafiel,2,1,H,0,1,A,1.44,3.75,6.0,1.4,4.0,6.75,1.4,3.95,7.0,1.45,3.6,5.8,,,,1.44,3.75,6.0,1.4,3.75,7.0,1.9,1.75,1.4,2.53,-0.5,2.0,1.85,-1.25,,,
P1,2004-11-06,Guimaraes,Maritimo,1,1,D,0,1,A,2.37,3.1,2.62,2.35,3.2,2.65,2.35,3.25,2.65,2.3,2.9,2.8,,,,2.3,3.1,2.7,2.3,3.2,2.65,2.0,1.65,2.35,1.46,-0.5,2.025,1.825,-0.25,,,
P1,2004-11-07,Academica,Leiria,0,1,A,0,1,A,2.1,3.2,3.0,2.2,3.2,2.9,2.1,3.2,3.1,2.2,2.9,3.0,,,,2.1,3.2,3.0,2.0,3.2,3.2,1.95,1.71,2.1,1.57,-0.5,1.95,1.9,-0.25,,,
P1,2004-11-07,Benfica,Setubal,4,0,H,1,0,H,1.4,3.75,7.0,1.45,3.8,6.25,1.4,4.0,6.75,1.45,3.6,5.8,,,,1.4,3.75,7.0,1.4,3.75,7.0,1.79,1.85,1.4,2.51,-0.5,2.025,1.825,-1.25,,,
P1,2004-11-07,Moreirense,Estoril,1,2,A,1,0,H,2.0,3.2,3.2,1.9,3.3,3.55,2.0,3.1,3.45,1.9,3.1,3.5,,,,2.0,3.1,3.3,2.0,3.2,3.2,1.9,1.75,2.0,1.63,-0.5,2.025,1.825,-0.5,,,
P1,2004-11-07,Nacional,Gil Vicente,0,0,D,0,0,D,1.57,3.5,5.0,1.5,3.65,5.8,1.55,3.5,5.5,1.6,3.3,4.8,,,,1.57,3.5,5.0,1.55,3.5,5.25,1.83,1.83,1.55,2.14,-0.5,2.025,1.825,-1.0,,,
P1,2004-11-07,Sp Braga,Rio Ave,3,0,H,2,0,H,1.9,3.2,3.5,1.9,3.3,3.55,2.0,3.0,3.6,2.0,2.9,3.4,,,,2.0,3.1,3.3,1.85,3.2,3.7,2.0,1.65,2.0,1.64,-0.5,2.025,1.825,-0.5,,,
P1,2004-11-08,Porto,Sp Lisbon,3,0,H,0,0,D,1.72,3.2,4.33,1.8,3.4,3.8,1.8,3.4,3.8,1.8,3.1,3.8,1.727,3.2,4.333,1.75,3.3,4.0,1.72,3.25,4.2,1.95,1.71,1.8,1.79,-0.5,1.9,1.95,-0.5,,,
P1,2004-11-12,Estoril,Academica,0,1,A,0,0,D,1.83,3.25,3.6,1.8,3.4,3.8,1.85,3.25,3.8,1.8,3.1,3.8,1.8,3.25,3.75,1.85,3.25,3.6,1.75,3.25,4.0,1.95,1.71,1.85,1.75,-0.5,1.925,1.925,-0.5,,,
P1,2004-11-13,Belenenses,Moreirense,3,0,H,1,0,H,1.61,3.5,4.5,1.7,3.45,4.3,1.65,3.4,4.75,1.65,3.3,4.4,1.62,3.25,5.0,1.62,3.4,4.75,1.7,3.3,4.2,1.9,1.75,1.65,1.98,-0.5,2.0,1.85,-0.75,,,
P1,2004-11-13,Gil Vicente,Porto,0,2,A,0,1,A,5.0,3.5,1.57,5.8,3.65,1.5,5.0,3.5,1.6,4.8,3.5,1.55,5.0,3.5,1.57,5.5,3.4,1.53,6.0,3.4,1.5,1.9,1.75,2.06,1.6,0.5,1.85,2.0,1.0,,,
P1,2004-11-13,Maritimo,Benfica,1,1,D,1,1,D,3.0,3.25,2.1,2.95,3.25,2.15,3.1,3.0,2.2,2.8,2.9,2.3,3.0,3.2,2.1,2.88,3.1,2.2,3.1,3.1,2.1,1.95,1.71,1.52,2.2,0.5,2.0,1.85,0.25,,,
P1,2004-11-13,Penafiel,Beira Mar,2,1,H,2,1,H,2.25,3.2,2.75,2.25,3.2,2.8,2.25,3.2,2.8,2.3,2.9,2.8,2.1,3.2,3.0,2.25,3.2,2.75,2.05,3.2,3.1,1.95,1.71,2.25,1.49,-0.5,2.0,1.85,-0.25,,,
P1,2004-11-13,Setubal,Nacional,1,0,H,0,0,D,1.8,3.4,3.75,1.7,3.45,4.3,1.8,3.4,3.8,1.75,3.2,4.0,1.8,3.25,3.75,1.8,3.25,3.8,1.85,3.25,3.6,1.95,1.71,1.8,1.79,-0.5,1.825,2.025,-0.5,,,
P1,2004-11-14,Leiria,Sp Braga,0,0,D,0,0,D,2.25,3.2,2.75,2.3,3.2,2.75,2.25,3.2,2.8,2.1,3.0,3.1,2.25,3.2,2.75,2.25,3.1,2.8,2.25,3.2,2.75,2.0,1.65,2.25,1.49,-0.5,2.0,1.85,-0.25,,,
P1,2004-11-14,Sp Lisbon,Boavista,6,1,H,3,0,H,1.61,3.5,4.5,1.75,3.4,4.05,1.7,3.4,4.35,1.7,3.2,4.2,1.62,3.25,5.0,1.67,3.4,4.33,1.6,3.4,4.8,1.95,1.71,1.7,1.91,-0.5,1.925,1.925,-0.75,,,
P1,2004-11-15,Rio Ave,Guimaraes,1,1,D,1,0,H,1.8,3.4,3.75,1.75,3.4,4.05,1.8,3.4,3.8,1.85,3.0,3.8,1.8,3.25,3.75,1.83,3.2,3.75,1.9,3.2,3.5,2.0,1.65,1.8,1.79,-0.5,1.85,2.0,-0.5,,,
P1,2004-11-19,Nacional,Maritimo,1,1,D,0,0,D,2.4,3.0,2.7,2.3,3.2,2.75,2.4,3.0,2.75,2.5,2.8,2.7,2.38,3.0,2.75,2.38,3.0,2.7,2.2,3.2,2.8,2.0,1.65,2.4,1.43,-0.5,1.775,2.075,0.0,,,
P1,2004-11-20,Beira Mar,Sp Lisbon,2,2,D,1,1,D,3.4,3.25,1.9,4.05,3.4,1.75,4.0,3.25,1.8,3.8,3.1,1.8,,,,3.75,3.2,1.83,3.6,3.4,1.8,1.79,1.85,1.79,1.8,0.5,1.9,1.95,0.75,,,
P1,2004-11-20,Porto,Boavista,0,1,A,0,0,D,1.5,3.6,5.5,1.5,3.65,5.8,1.42,3.75,7.0,1.5,3.5,5.4,,,,1.5,3.4,6.0,1.4,3.75,7.0,1.85,1.79,1.42,2.44,-0.5,1.95,1.9,-1.0,,,
P1,2004-11-21,Benfica,Rio Ave,3,3,D,3,1,H,1.33,4.33,7.0,1.3,4.5,8.25,1.3,4.5,8.25,1.33,4.0,7.5,1.286,4.333,9.0,1.33,4.0,8.0,1.28,4.5,8.0,1.85,1.79,1.3,2.91,-0.5,1.775,2.075,-1.25,,,
P1,2004-11-21,Gil Vicente,Setubal,2,1,H,1,0,H,2.7,3.0,2.4,3.05,3.25,2.1,2.7,3.1,2.4,2.5,3.0,2.5,,,,2.7,3.0,2.38,2.9,3.2,2.15,1.95,1.71,1.44,2.4,0.5,1.875,1.975,0.25,,,
P1,2004-11-21,Guimaraes,Leiria,1,1,D,1,0,H,2.2,3.0,3.0,2.1,3.25,3.05,2.1,3.1,3.2,2.1,3.0,3.1,,,,2.1,3.1,3.1,2.2,3.2,2.8,2.0,1.65,2.1,1.57,-0.5,1.875,1.975,-0.25,,,
P1,2004-11-21,Moreirense,Penafiel,2,2,D,2,2,D,2.0,3.2,3.2,1.9,3.3,3.55,1.9,3.15,3.75,1.9,3.0,3.6,,,,1.91,3.2,3.5,2.1,3.2,3.0,1.9,1.75,1.9,1.71,-0.5,1.975,1.875,-0.5,,,
P1,2004-11-21,Sp Braga,Estoril,2,0,H,1,0,H,1.72,3.4,4.0,1.7,3.45,4.3,1.73,3.25,4.4,1.65,3.3,4.4,,,,1.7,3.25,4.33,1.6,3.5,4.5,1.85,1.79,1.73,1.87,-0.5,1.75,2.1,-0.5,,,
P1,2004-11-22,Academica,Belenenses,1,1,D,1,0,H,2.2,3.0,3.0,2.1,3.25,3.05,2.2,3.1,3.0,2.1,3.0,3.1,2.1,3.2,3.0,2.1,3.1,3.1,2.0,3.2,3.2,1.9,1.75,2.2,1.52,-0.5,1.825,2.025,-0.25,,,
P1,2004-11-26,Boavista,Beira Mar,3,0,H,1,0,H,1.5,3.6,5.5,1.4,4.0,6.75,1.5,3.5,6.25,1.45,3.8,5.4,1.5,3.4,6.0,1.5,3.6,5.5,1.5,3.4,6.0,1.95,1.71,1.5,2.24,-0.5,1.95,1.9,-1.0,,,
P1,2004-11-27,Belenenses,Sp Braga,1,2,A,0,0,D,2.1,3.1,3.1,2.2,3.2,2.9,2.2,3.1,3.0,2.2,2.9,3.0,,,,2.2,3.1,2.88,2.2,3.1,2.87,1.83,1.83,2.2,1.52,-0.5,1.9,1.95,-0.25,,,
P1,2004-11-28,Estoril,Guimaraes,0,1,A,0,0,D,1.9,3.25,3.4,1.95,3.25,3.45,2.15,3.0,3.2,2.2,2.9,3.0,,,,2.0,3.1,3.3,2.2,3.1,2.87,2.0,1.65,2.15,1.55,-0.5,1.8,2.05,-0.25,,,
P1,2004-11-28,Leiria,Benfica,1,0,H,1,0,H,3.8,3.25,1.8,3.8,3.4,1.8,3.8,3.1,1.9,3.6,3.1,1.85,,,,3.75,3.2,1.83,3.75,3.2,1.83,1.95,1.71,1.71,1.9,0.5,1.9,1.95,0.5,,,
P1,2004-11-28,Maritimo,Gil Vicente,1,1,D,1,0,H,1.5,3.6,5.5,1.5,3.65,5.8,1.5,3.5,6.25,1.45,3.8,5.4,,,,1.5,3.6,5.5,1.44,3.6,6.5,1.95,1.71,1.5,2.24,-0.5,2.05,1.8,-1.25,,,
P1,2004-11-28,Penafiel,Academica,3,1,H,1,1,D,2.0,3.2,3.2,2.0,3.25,3.3,2.0,3.15,3.4,2.1,2.9,3.2,,,,2.0,3.2,3.2,2.0,3.2,3.2,2.0,1.65,2.0,1.64,-0.5,2.05,1.8,-0.5,,,
P1,2004-11-28,Rio Ave,Nacional,4,1,H,2,0,H,1.83,3.1,4.0,1.7,3.4,4.35,1.9,3.0,3.95,1.8,3.1,3.8,,,,1.91,3.0,3.75,2.0,3.2,3.2,1.95,1.71,1.9,1.71,-0.5,1.975,1.875,-0.5,,,
P1,2004-11-28,Sp Lisbon,Moreirense,4,1,H,2,0,H,1.25,5.0,8.0,1.3,4.5,8.25,1.3,4.5,8.25,1.25,4.5,9.0,,,,1.29,4.5,8.0,1.28,4.5,8.0,1.65,2.0,1.3,2.91,-0.5,1.875,1.975,-1.5,,,
P1,2004-11-29,Setubal,Porto,0,1,A,0,1,A,3.2,3.2,2.0,3.3,3.25,2.0,3.5,3.2,1.95,3.8,3.1,1.8,3.6,3.25,1.833,3.5,3.2,1.91,3.75,3.2,1.83,2.0,1.65,1.67,1.95,0.5,1.9,1.95,0.5,,,
P1,2004-12-03,Porto,Beira Mar,0,1,A,0,1,A,1.25,5.0,8.0,,,,1.23,5.25,9.25,1.22,4.8,9.5,1.22,5.0,10.0,1.22,5.0,9.5,1.2,5.0,11.0,1.65,2.0,1.23,3.35,-0.5,1.925,1.925,-1.5,,,
P1,2004-12-04,Guimaraes,Belenenses,1,0,H,1,0,H,2.0,3.2,3.2,1.9,3.3,3.55,2.0,3.15,3.4,2.0,3.0,3.3,2.0,3.2,3.2,2.0,3.2,3.2,1.95,3.1,3.5,1.85,1.79,2.0,1.64,-0.5,2.05,1.8,-0.5,,,
P1,2004-12-04,Nacional,Leiria,0,3,A,0,0,D,2.1,3.2,3.0,2.1,3.25,3.05,2.2,3.1,3.0,2.2,2.9,3.0,2.1,3.2,3.0,2.1,3.1,3.1,2.15,3.1,3.0,1.95,1.71,2.2,1.52,-0.5,1.925,1.925,-0.25,,,
P1,2004-12-05,Academica,Sp Lisbon,2,3,A,0,2,A,3.4,3.25,1.9,3.8,3.4,1.8,3.7,3.25,1.87,3.8,3.1,1.8,3.75,3.25,1.8,3.75,3.2,1.83,3.75,3.3,1.8,1.83,1.83,1.73,1.87,0.5,2.0,1.85,0.5,,,
P1,2004-12-05,Gil Vicente,Rio Ave,3,1,H,1,0,H,2.5,3.0,2.62,2.4,3.2,2.6,2.4,3.1,2.7,2.4,2.7,2.9,2.25,3.2,2.75,2.4,3.1,2.6,2.2,3.0,3.0,1.95,1.71,2.4,1.44,-0.5,1.975,1.875,-0.25,,,
P1,2004-12-05,Moreirense,Boavista,1,1,D,0,0,D,4.0,3.2,1.8,3.3,3.25,2.0,3.35,3.2,2.0,3.5,3.1,1.9,3.2,3.2,2.0,3.5,3.2,1.91,3.1,3.1,2.1,1.9,1.75,1.64,2.0,0.5,1.825,2.025,0.5,,,
P1,2004-12-05,Setubal,Maritimo,2,0,H,1,0,H,2.1,3.1,3.1,1.9,3.3,3.55,2.15,3.15,3.05,2.1,2.9,3.2,2.1,3.2,3.0,2.1,3.2,3.0,2.0,3.2,3.2,1.95,1.71,2.15,1.55,-0.5,1.8,2.05,-0.25,,,
P1,2004-12-05,Sp Braga,Penafiel,0,1,A,0,0,D,1.57,3.5,5.0,1.5,3.65,5.8,1.6,3.4,5.25,1.55,3.4,5.0,1.57,3.5,5.0,1.57,3.5,5.0,1.55,3.4,5.5,1.71,1.95,1.6,2.06,-0.5,1.925,1.925,-1.0,,,
P1,2004-12-06,Benfica,Estoril,2,1,H,2,1,H,1.28,4.5,8.0,1.3,4.5,8.25,1.28,4.55,9.0,1.27,4.3,8.5,1.29,4.5,8.0,1.29,4.5,8.0,1.28,4.5,8.0,1.71,1.95,1.28,3.02,-0.5,1.925,1.925,-1.5,,,
P1,2004-12-10,Boavista,Academica,1,0,H,0,0,D,1.28,4.5,8.0,1.35,4.25,7.4,1.37,4.0,7.7,1.35,3.8,7.5,1.29,4.5,8.0,1.33,4.33,7.0,1.33,4.0,8.0,1.83,1.83,1.37,2.63,-0.5,2.0,1.85,-1.25,,,
P1,2004-12-11,Rio Ave,Setubal,1,0,H,1,0,H,2.1,3.2,3.0,2.1,3.25,3.05,2.1,3.1,3.2,2.0,2.9,3.4,,,,2.1,3.1,3.1,2.15,3.1,2.95,1.83,1.83,2.1,1.57,-0.5,1.8,2.05,-0.25,,,
P1,2004-12-11,Sp Lisbon,Sp Braga,0,0,D,0,0,D,1.5,3.6,5.5,1.55,3.6,5.3,1.47,3.6,6.5,1.5,3.5,5.4,,,,1.5,3.6,5.5,1.4,3.75,7.0,1.75,1.9,1.47,2.32,-0.5,2.05,1.8,-1.25,,,
P1,2004-12-12,Beira Mar,Moreirense,1,3,A,1,2,A,1.66,3.4,4.33,1.8,3.4,3.8,1.8,3.2,4.1,1.75,3.2,4.0,,,,1.75,3.3,4.0,1.75,3.3,4.0,1.85,1.79,1.8,1.8,-0.5,1.85,2.0,-0.5,,,
P1,2004-12-12,Belenenses,Benfica,4,1,H,3,0,H,3.6,3.25,1.83,3.7,3.3,1.85,3.8,3.25,1.85,3.6,3.1,1.85,,,,3.75,3.3,1.8,3.8,3.25,1.8,1.85,1.79,1.75,1.85,0.5,1.925,1.925,0.5,,,
P1,2004-12-12,Estoril,Nacional,2,0,H,1,0,H,2.0,3.2,3.2,1.9,3.3,3.55,2.0,3.2,3.35,1.9,3.1,3.5,,,,2.0,3.2,3.2,2.0,3.2,3.2,1.9,1.75,2.0,1.64,-0.5,2.1,1.75,-0.5,,,
P1,2004-12-12,Leiria,Gil Vicente,1,1,D,0,1,A,1.61,3.25,5.0,1.65,3.35,4.8,1.7,3.3,4.55,1.7,3.2,4.2,,,,1.67,3.3,4.5,1.65,3.35,4.5,1.95,1.71,1.7,1.91,-0.5,2.025,1.825,-0.75,,,
P1,2004-12-12,Penafiel,Guimaraes,1,3,A,0,2,A,2.1,3.2,3.0,1.95,3.25,3.45,2.2,3.0,3.1,2.2,2.9,3.0,,,,2.1,3.1,3.1,2.1,3.2,3.0,2.0,1.65,2.2,1.52,-0.5,1.925,1.925,-0.25,,,
P1,2004-12-17,Porto,Moreirense,1,0,H,1,0,H,1.2,5.0,11.0,1.15,6.0,13.0,1.2,5.35,11.0,1.22,4.8,9.5,1.2,5.0,11.0,1.2,5.0,11.0,1.22,5.0,9.5,1.65,2.0,1.2,3.6,-0.5,2.05,1.8,-1.75,,,
P1,2004-12-18,Benfica,Penafiel,1,0,H,1,0,H,1.3,4.33,8.0,1.3,4.5,8.25,1.3,4.5,8.25,1.27,4.3,8.5,,,,1.3,4.33,8.0,1.3,4.33,8.0,1.65,2.0,1.3,2.91,-0.5,1.875,1.975,-1.5,,,
P1,2004-12-18,Sp Braga,Boavista,3,0,H,2,0,H,2.37,3.1,2.62,2.3,3.2,2.75,2.35,3.1,2.75,2.3,2.8,2.9,,,,2.4,3.1,2.6,2.3,3.1,2.7,2.0,1.65,2.35,1.46,-0.5,1.8,2.05,0.0,,,
P1,2004-12-19,Academica,Beira Mar,1,1,D,1,0,H,2.0,3.2,3.2,2.3,3.2,2.75,2.05,3.15,3.25,1.9,3.1,3.5,,,,2.1,3.2,3.0,2.0,3.2,3.2,1.95,1.71,2.05,1.6,-0.5,1.8,2.05,-0.25,,,
P1,2004-12-19,Gil Vicente,Estoril,2,0,H,0,0,D,1.8,3.3,3.75,1.8,3.4,3.8,1.85,3.25,3.8,1.85,3.1,3.6,,,,1.91,3.1,3.6,1.8,3.3,3.75,1.9,1.75,1.85,1.75,-0.5,1.8,2.05,-0.5,,,
P1,2004-12-19,Maritimo,Rio Ave,1,1,D,1,0,H,1.8,3.2,4.0,1.85,3.35,3.65,1.85,3.15,3.95,1.85,3.1,3.6,,,,1.85,3.1,3.8,1.8,3.3,3.75,2.0,1.65,1.85,1.75,-0.5,1.7,2.15,-0.5,,,
P1,2004-12-19,Nacional,Belenenses,2,0,H,1,0,H,2.1,3.0,3.2,2.25,3.2,2.8,2.1,3.1,3.2,2.3,2.8,2.9,,,,2.2,3.1,2.88,2.2,3.1,2.9,1.95,1.71,2.1,1.57,-0.5,1.8,2.05,-0.25,,,
P1,2004-12-19,Setubal,Leiria,1,1,D,0,0,D,2.0,3.1,3.3,2.1,2.95,3.35,2.1,3.1,3.2,2.1,2.8,3.3,2.1,3.2,3.0,2.1,3.1,3.1,2.1,3.1,3.1,2.0,1.65,2.1,1.57,-0.5,1.8,2.05,-0.25,,,
P1,2004-12-20,Guimaraes,Sp Lisbon,2,4,A,1,2,A,3.3,3.1,2.0,3.1,3.2,2.1,3.15,3.15,2.1,3.2,3.1,2.0,,,,3.0,3.2,2.1,3.2,3.2,2.0,1.83,1.83,1.58,2.1,0.5,1.775,2.075,0.5,,,
P1,2004-12-22,Maritimo,Porto,1,1,D,1,1,D,3.2,3.2,2.0,3.5,3.2,1.95,3.5,3.2,1.95,3.3,3.0,2.0,3.2,3.2,2.0,3.2,3.2,2.0,3.3,3.1,2.0,2.0,1.65,1.67,1.95,0.5,2.075,1.775,0.25,,,
P1,2005-01-07,Estoril,Setubal,2,1,H,0,1,A,2.3,3.1,2.7,2.3,3.2,2.75,2.3,3.1,2.8,2.2,2.9,3.0,2.25,3.0,2.88,2.3,3.1,2.7,2.3,3.1,2.75,2.0,1.65,2.3,1.47,-0.5,1.8,2.05,0.0,,,
P1,2005-01-08,Boavista,Guimaraes,2,1,H,1,0,H,1.57,3.25,5.5,1.5,3.65,5.8,1.65,3.25,5.0,1.6,3.4,4.6,,,,1.62,3.4,4.75,1.66,3.3,4.5,2.0,1.65,1.65,1.97,-0.5,1.925,1.925,-0.75,,,
P1,2005-01-08,Sp Lisbon,Benfica,2,1,H,1,1,D,2.2,3.0,3.0,2.3,3.05,2.85,2.3,3.0,2.9,2.4,2.9,2.7,2.2,3.2,2.8,2.2,3.0,3.0,2.2,3.0,3.0,1.83,1.83,2.3,1.47,-0.5,2.0,1.85,-0.25,,,
P1,2005-01-09,Beira Mar,Sp Braga,1,4,A,1,0,H,2.5,3.1,2.5,2.9,3.2,2.2,2.65,3.0,2.5,2.8,2.9,2.3,,,,2.7,3.0,2.4,2.6,3.1,2.4,1.85,1.79,1.41,2.5,0.5,2.0,1.85,0.0,,,
P1,2005-01-09,Belenenses,Gil Vicente,0,1,A,0,1,A,1.9,3.0,3.75,1.75,3.4,4.05,1.9,3.15,3.75,1.85,3.1,3.6,,,,1.83,3.2,3.75,1.9,3.1,3.6,1.83,1.83,1.9,1.71,-0.5,1.925,1.925,-0.5,,,
P1,2005-01-09,Leiria,Maritimo,0,0,D,0,0,D,2.0,3.0,3.4,2.1,3.25,3.05,2.05,2.95,3.5,2.1,2.8,3.3,2.0,3.0,3.4,2.05,2.9,3.4,2.0,3.1,3.3,2.1,1.6,2.05,1.6,-0.5,1.8,2.05,-0.25,,,
P1,2005-01-09,Moreirense,Academica,1,0,H,1,0,H,2.0,3.0,3.4,1.9,3.3,3.55,1.95,3.0,3.75,1.85,3.1,3.6,,,,2.0,3.0,3.4,2.0,3.1,3.3,1.9,1.75,1.95,1.67,-0.5,1.925,1.925,-0.5,,,
P1,2005-01-09,Penafiel,Nacional,0,1,A,0,0,D,1.9,3.0,3.75,1.9,3.15,3.75,1.95,3.1,3.6,2.0,3.1,3.2,,,,1.91,3.1,3.6,1.8,3.1,4.0,1.83,1.83,1.95,1.67,-0.5,2.15,1.7,-0.5,,,
P1,2005-01-09,Porto,Rio Ave,1,1,D,0,1,A,1.3,4.33,8.0,1.4,4.0,6.75,1.35,4.2,7.5,1.4,3.7,6.5,1.3,4.0,9.0,1.3,4.33,8.0,1.36,3.75,8.0,1.83,1.83,1.35,2.69,-0.5,2.1,1.75,-1.5,,,
P1,2005-01-15,Academica,Porto,0,0,D,0,0,D,5.5,3.4,1.53,5.3,3.6,1.55,5.5,3.5,1.55,4.6,3.4,1.6,5.5,3.4,1.533,5.5,3.4,1.53,5.0,3.5,1.57,2.0,1.65,2.14,1.55,0.5,1.8,2.05,1.0,,,
P1,2005-01-15,Guimaraes,Beira Mar,1,0,H,0,0,D,1.72,3.2,4.33,1.75,3.4,4.05,1.71,3.4,4.3,1.7,3.2,4.2,1.727,3.4,4.0,1.7,3.4,4.2,1.72,3.25,4.2,1.9,1.75,1.71,1.9,-0.5,2.05,1.8,-0.75,,,
P1,2005-01-16,Benfica,Boavista,4,0,H,1,0,H,1.83,3.0,4.0,1.7,3.45,4.3,1.71,3.4,4.3,1.85,3.1,3.6,1.615,3.5,4.5,1.73,3.4,4.0,1.61,3.3,5.0,1.85,1.79,1.71,1.9,-0.5,1.8,2.05,-0.5,,,
P1,2005-01-16,Gil Vicente,Penafiel,0,1,A,0,0,D,1.8,3.1,4.0,1.8,3.4,3.8,1.8,3.25,4.0,1.75,3.2,4.0,1.8,3.2,4.0,1.75,3.3,4.0,1.72,3.25,4.2,1.85,1.79,1.8,1.79,-0.5,1.8,2.05,-0.5,,,
P1,2005-01-16,Maritimo,Estoril,2,1,H,1,0,H,1.72,3.1,4.5,1.7,3.45,4.3,1.71,3.4,4.3,1.65,3.2,4.6,1.615,3.25,5.0,1.62,3.4,4.75,1.66,3.3,4.5,1.95,1.71,1.71,1.9,-0.5,1.75,2.1,-0.75,,,
P1,2005-01-16,Nacional,Sp Lisbon,3,2,H,2,0,H,3.75,3.25,1.8,3.8,3.4,1.8,4.0,3.25,1.8,3.8,3.1,1.8,4.0,3.2,1.8,3.75,3.3,1.8,3.75,3.2,1.83,1.83,1.83,1.79,1.8,0.5,1.925,1.925,0.5,,,
P1,2005-01-16,Rio Ave,Leiria,2,0,H,1,0,H,2.2,3.2,2.8,2.0,3.25,3.3,2.2,3.2,2.9,2.1,3.0,3.1,2.1,3.0,3.2,2.1,3.0,3.2,2.05,3.1,3.2,2.0,1.65,2.2,1.52,-0.5,1.85,2.0,-0.25,,,
P1,2005-01-16,Sp Braga,Moreirense,0,0,D,0,0,D,1.5,3.4,6.0,1.5,3.65,5.8,1.5,3.6,6.0,1.5,3.7,5.0,1.444,3.6,6.5,1.5,3.6,5.5,1.53,3.5,5.5,1.83,1.83,1.5,2.25,-0.5,1.975,1.875,-1.0,,,
P1,2005-01-17,Setubal,Belenenses,1,2,A,0,0,D,1.72,3.1,4.5,1.7,3.45,4.3,1.71,3.4,4.3,1.75,3.2,4.0,1.727,3.4,4.0,1.73,3.25,4.2,1.8,3.1,4.0,1.95,1.71,1.71,1.9,-0.5,2.1,1.75,-0.75,,,
P1,2005-01-21,Sp Braga,Academica,2,0,H,1,0,H,1.4,3.75,7.0,1.4,4.0,6.75,1.4,3.85,7.3,1.4,3.9,6.0,1.4,3.75,7.0,1.4,3.75,7.0,1.44,3.6,6.5,1.95,1.71,1.4,2.52,-0.5,2.1,1.75,-1.25,,,
P1,2005-01-22,Benfica,Beira Mar,0,2,A,0,1,A,1.22,5.0,9.0,1.25,5.0,9.0,1.25,5.0,9.0,1.27,4.3,8.5,1.25,5.0,8.0,1.25,5.0,8.0,1.22,5.0,9.5,1.65,2.0,1.25,3.21,-0.5,1.975,1.875,-1.5,,,
P1,2005-01-22,Guimaraes,Moreirense,0,0,D,0,0,D,1.66,3.4,4.33,1.7,3.45,4.3,1.7,3.4,4.35,1.65,3.3,4.4,1.66,3.4,4.33,1.7,3.4,4.2,1.7,3.3,4.2,1.9,1.75,1.7,1.91,-0.5,1.975,1.875,-0.75,,,
P1,2005-01-22,Nacional,Boavista,0,2,A,0,0,D,2.5,3.2,2.5,2.6,3.2,2.4,2.55,3.1,2.5,2.5,3.0,2.5,2.1,3.2,3.0,2.5,3.1,2.5,2.4,3.2,2.5,1.9,1.75,1.4,2.5,0.5,1.85,2.0,0.0,,,
P1,2005-01-22,Setubal,Penafiel,4,0,H,3,0,H,1.72,3.25,4.2,1.65,3.5,4.55,1.75,3.3,4.2,1.8,3.1,3.8,1.72,3.2,4.33,1.75,3.3,4.0,1.85,3.25,3.6,1.9,1.75,1.75,1.85,-0.5,2.05,1.8,-0.75,,,
P1,2005-01-23,Gil Vicente,Sp Lisbon,0,3,A,0,1,A,3.6,3.25,1.83,3.75,3.3,1.85,3.85,3.25,1.83,3.8,3.1,1.8,4.33,3.2,1.72,3.8,3.25,1.8,3.6,3.1,1.9,1.71,1.95,1.89,1.75,0.5,2.1,1.75,0.5,,,
P1,2005-01-23,Leiria,Porto,0,1,A,0,1,A,3.6,3.25,1.83,3.65,3.35,1.85,3.6,3.25,1.9,3.3,3.0,2.0,3.75,3.25,1.8,3.5,3.2,1.91,3.6,3.1,1.9,2.1,1.6,1.71,1.9,0.5,1.85,2.0,0.5,,,
P1,2005-01-23,Maritimo,Belenenses,0,0,D,0,0,D,1.72,3.4,4.0,1.65,3.5,4.55,1.7,3.3,4.5,1.85,3.1,3.6,1.66,3.4,4.33,1.7,3.25,4.33,1.7,3.3,4.2,2.0,1.65,1.7,1.9,-0.5,1.75,2.1,-0.5,,,
P1,2005-01-23,Rio Ave,Estoril,2,1,H,0,1,A,1.66,3.4,4.33,1.65,3.5,4.55,1.7,3.3,4.5,1.65,3.3,4.4,1.66,3.4,4.33,1.67,3.4,4.33,1.75,3.25,4.0,1.85,1.79,1.7,1.9,-0.5,1.875,1.975,-0.75,,,
P1,2005-01-29,Academica,Guimaraes,0,2,A,0,0,D,2.39,3.2,2.6,2.55,3.15,2.5,2.45,3.1,2.6,2.55,2.9,2.55,2.3,3.2,2.625,2.25,3.1,2.8,2.45,3.1,2.6,,,,,,1.85,2.0,-0.25,,,
P1,2005-01-29,Moreirense,Benfica,1,2,A,0,2,A,4.5,3.39,1.66,4.05,3.4,1.75,4.1,3.2,1.8,3.6,3.1,1.85,4.333,3.2,1.727,4.75,3.4,1.615,4.1,3.2,1.8,,,,,,2.075,1.775,0.75,,,
P1,2005-01-30,Beira Mar,Nacional,0,3,A,0,1,A,2.25,3.1,2.79,2.1,3.25,3.05,2.25,3.1,2.9,2.1,3.0,3.1,2.2,3.2,2.8,,,,2.25,3.1,2.9,,,,,,1.85,2.0,-0.25,,,
P1,2005-01-30,Belenenses,Rio Ave,2,1,H,1,0,H,1.83,3.2,3.75,2.2,3.2,2.9,2.2,3.1,3.0,2.2,2.9,3.0,1.909,3.2,3.5,1.909,3.1,3.6,2.2,3.1,3.0,,,,,,1.725,2.125,-0.25,,,
P1,2005-01-30,Boavista,Gil Vicente,2,2,D,0,1,A,1.5,3.6,5.5,1.5,3.65,5.8,1.5,3.6,6.0,1.45,3.8,5.4,1.444,3.75,6.0,1.5,3.6,6.0,1.5,3.6,6.0,,,,,,2.05,1.8,-1.0,,,
P1,2005-01-30,Estoril,Leiria,1,1,D,1,1,D,2.37,3.1,2.62,2.3,3.05,2.85,2.3,3.1,2.8,2.3,3.0,2.7,2.25,3.1,2.75,2.3,3.2,2.75,2.3,3.1,2.8,,,,,,2.125,1.725,-0.25,,,
P1,2005-01-30,Penafiel,Maritimo,0,1,A,0,1,A,2.37,3.1,2.62,2.3,3.2,2.75,2.35,3.0,2.8,2.4,2.8,2.8,2.375,3.1,2.625,2.3,3.2,2.75,2.35,3.0,2.8,,,,,,1.725,2.125,0.0,,,
P1,2005-01-30,Porto,Sp Braga,1,3,A,1,2,A,1.5,3.6,5.5,1.6,3.5,5.0,1.57,3.5,5.25,1.55,3.5,4.8,1.533,3.6,5.0,1.533,3.5,5.5,1.57,3.5,5.25,,,,,,2.025,1.825,-1.0,,,
P1,2005-01-31,Sp Lisbon,Setubal,1,1,D,0,0,D,1.36,4.0,7.0,1.4,4.0,6.75,1.37,4.0,7.5,1.35,4.0,7.0,1.364,4.0,7.0,1.364,4.0,7.5,1.37,4.0,7.5,,,,,,1.85,2.0,-1.25,,,
P1,2005-02-04,Guimaraes,Sp Braga,1,0,H,0,0,D,2.5,3.2,2.5,2.55,3.2,2.45,2.5,3.15,2.55,2.5,2.9,2.6,2.5,3.2,2.4,2.5,3.0,2.6,2.5,3.1,2.5,2.0,1.65,2.5,1.41,-0.5,1.65,2.2,0.0,,,
P1,2005-02-05,Estoril,Porto,1,2,A,1,2,A,4.33,3.4,1.66,4.3,3.45,1.7,4.5,3.3,1.7,4.6,3.2,1.65,4.5,3.25,1.667,4.5,3.4,1.67,4.5,3.3,1.66,1.95,1.71,1.9,1.7,0.5,1.75,2.1,0.75,,,
P1,2005-02-05,Leiria,Belenenses,1,0,H,0,0,D,2.0,3.2,3.2,1.95,3.25,3.45,2.0,3.25,3.3,2.1,2.9,3.2,2.0,3.1,3.25,2.0,3.25,3.25,2.1,3.1,3.1,1.95,1.71,2.0,1.64,-0.5,2.1,1.75,-0.5,,,
P1,2005-02-05,Rio Ave,Penafiel,1,0,H,1,0,H,1.66,3.4,4.33,1.7,3.45,4.3,1.65,3.4,4.75,1.65,3.3,4.4,1.615,3.25,5.0,1.67,3.4,4.5,1.65,3.4,4.5,1.9,1.75,1.65,1.98,-0.5,1.8,2.05,-0.75,,,
P1,2005-02-06,Benfica,Academica,3,0,H,1,0,H,1.2,5.5,11.0,1.2,5.5,10.5,1.18,5.7,11.0,1.2,5.0,10.0,1.2,5.0,11.0,1.2,5.5,10.0,,,,1.71,1.95,1.18,3.75,-0.5,1.8,2.05,-1.5,,,
P1,2005-02-06,Gil Vicente,Beira Mar,2,0,H,0,0,D,1.9,3.25,3.5,1.9,3.3,3.55,1.9,3.25,3.6,1.75,3.2,4.0,1.833,3.25,3.6,1.91,3.25,3.5,1.85,3.25,3.6,1.9,1.75,1.9,1.71,-0.5,1.975,1.875,-0.5,,,
P1,2005-02-06,Maritimo,Sp Lisbon,3,0,H,1,0,H,3.0,3.0,2.2,2.9,3.2,2.2,2.9,3.0,2.3,3.0,2.9,2.2,3.0,3.2,2.1,2.88,3.0,2.3,2.87,3.1,2.2,1.85,1.79,1.47,2.3,0.5,1.925,1.925,0.25,,,
P1,2005-02-06,Nacional,Moreirense,4,1,H,3,1,H,1.8,3.25,4.0,1.75,3.4,4.05,1.72,3.25,4.5,1.7,3.2,4.2,1.727,3.2,4.333,1.73,3.4,4.2,1.75,3.25,4.0,1.9,1.75,1.72,1.89,-0.5,1.825,2.025,-0.5,,,
P1,2005-02-07,Setubal,Boavista,0,0,D,0,0,D,2.4,3.2,2.6,2.3,3.2,2.75,2.3,3.1,2.8,2.4,3.0,2.6,2.3,3.25,2.6,2.4,3.2,2.6,2.3,3.25,2.6,2.0,1.65,2.3,1.47,-0.5,1.85,2.0,0.0,,,
P1,2005-02-11,Belenenses,Estoril,3,0,H,1,0,H,1.72,3.4,4.0,1.7,3.45,4.3,1.72,3.2,4.58,1.65,3.3,4.4,1.73,3.2,4.33,1.7,3.4,4.33,1.66,3.1,5.0,1.83,1.83,1.72,1.88,-0.5,1.975,1.875,-0.75,,,
P1,2005-02-12,Sp Braga,Benfica,0,0,D,0,0,D,2.5,3.1,2.5,2.45,3.2,2.55,2.5,3.2,2.5,2.55,2.9,2.55,2.5,3.1,2.5,2.5,3.2,2.5,2.5,3.1,2.5,1.95,1.71,2.5,1.4,-0.5,1.925,1.925,0.0,,,
P1,2005-02-13,Academica,Nacional,1,0,H,0,0,D,2.5,3.1,2.5,2.75,3.2,2.3,2.5,3.2,2.5,2.5,3.0,2.5,2.5,3.1,2.5,2.6,3.2,2.4,2.45,3.1,2.55,1.9,1.75,2.5,1.4,-0.5,2.0,1.85,0.0,,,
P1,2005-02-13,Beira Mar,Setubal,1,1,D,0,1,A,2.37,3.1,2.62,2.5,3.2,2.5,2.45,3.2,2.55,2.4,2.9,2.7,2.4,3.1,2.6,2.4,3.2,2.6,2.4,3.2,2.5,1.79,1.85,2.45,1.42,-0.5,1.825,2.025,0.0,,,
P1,2005-02-13,Boavista,Maritimo,3,2,H,2,0,H,1.8,3.2,4.0,1.85,3.35,3.65,1.9,3.2,3.65,1.8,3.0,4.0,1.83,3.2,3.75,1.8,3.25,4.0,1.8,3.2,3.85,2.0,1.65,1.9,1.71,-0.5,1.825,2.025,-0.5,,,
P1,2005-02-13,Moreirense,Gil Vicente,1,0,H,0,0,D,2.2,3.2,2.8,2.1,3.25,3.05,2.2,3.1,3.0,2.2,2.9,3.0,2.1,3.2,3.0,2.2,3.1,3.0,2.15,3.1,2.95,1.95,1.71,2.2,1.52,-0.5,1.85,2.0,-0.25,,,
P1,2005-02-13,Penafiel,Leiria,3,0,H,2,0,H,2.3,3.1,2.7,2.35,3.25,2.65,2.4,3.15,2.65,2.3,3.0,2.7,2.37,3.1,2.62,2.38,3.1,2.7,2.35,3.1,2.65,2.0,1.65,2.4,1.44,-0.5,1.8,2.05,0.0,,,
P1,2005-02-13,Porto,Guimaraes,0,0,D,0,0,D,1.36,4.0,7.0,1.35,4.25,7.4,1.42,3.8,7.0,1.4,3.7,6.5,1.36,4.0,7.0,1.4,3.75,7.5,1.44,3.6,6.5,1.85,1.79,1.42,2.46,-0.5,1.8,2.05,-1.25,,,
P1,2005-02-13,Sp Lisbon,Rio Ave,5,0,H,4,0,H,1.44,3.75,6.0,1.5,3.65,5.8,1.5,3.6,6.0,1.45,3.6,5.8,1.44,3.6,6.5,1.44,3.75,6.5,1.44,3.6,6.5,1.79,1.85,1.5,2.25,-0.5,2.025,1.825,-1.25,,,
P1,2005-02-18,Belenenses,Porto,0,1,A,0,0,D,3.2,3.2,2.0,3.55,3.3,1.9,3.4,3.3,1.95,3.6,3.1,1.85,3.2,3.2,2.0,3.6,3.2,1.91,3.3,3.1,2.0,1.9,1.75,1.67,1.95,0.5,1.8,2.05,0.5,,,
P1,2005-02-18,Nacional,Sp Braga,1,0,H,0,0,D,2.37,3.1,2.62,2.3,3.2,2.75,2.35,3.2,2.7,2.4,3.0,2.6,2.3,3.1,2.75,2.38,3.2,2.62,2.25,3.2,2.75,1.95,1.71,2.35,1.46,-0.5,2.0,1.85,-0.25,,,
P1,2005-02-19,Estoril,Penafiel,3,2,H,1,1,D,2.2,3.1,2.87,2.1,3.25,3.05,2.1,3.2,3.1,2.0,3.1,3.2,1.909,3.2,3.4,2.1,3.2,3.1,2.1,3.15,3.0,1.9,1.75,2.1,1.57,-0.5,1.825,2.025,-0.25,,,
P1,2005-02-19,Gil Vicente,Academica,0,1,A,0,1,A,1.57,3.5,5.0,1.65,3.5,4.55,1.65,3.4,4.75,1.65,3.3,4.4,1.615,3.5,4.5,1.62,3.5,4.75,1.6,3.4,4.8,2.1,1.6,1.65,1.98,-0.5,1.8,2.05,-0.75,,,
P1,2005-02-19,Leiria,Sp Lisbon,0,0,D,0,0,D,3.5,3.2,1.9,3.15,3.25,2.05,3.2,3.2,2.05,3.5,3.1,1.9,3.4,3.25,1.909,3.3,3.25,2.0,3.5,3.1,1.95,1.9,1.75,1.6,2.05,0.5,2.15,1.7,0.25,,,
P1,2005-02-19,Maritimo,Beira Mar,0,0,D,0,0,D,1.5,3.6,5.5,1.5,3.65,5.8,1.53,3.5,5.8,1.5,3.7,5.0,1.533,3.6,5.0,1.5,3.5,6.0,1.45,3.7,6.3,1.83,1.83,1.53,2.18,-0.5,1.95,1.9,-1.0,,,
P1,2005-02-19,Rio Ave,Boavista,2,2,D,2,0,H,2.37,3.1,2.62,2.2,3.2,2.9,2.25,3.2,2.85,2.4,3.0,2.6,2.2,3.2,2.8,2.2,3.2,2.88,2.35,3.1,2.65,2.0,1.65,2.25,1.51,-0.5,2.05,1.8,-0.25,,,
P1,2005-02-19,Setubal,Moreirense,2,2,D,2,1,H,1.66,3.25,4.5,1.65,3.5,4.55,1.65,3.4,4.75,1.65,3.3,4.4,1.615,3.5,4.5,1.62,3.5,4.75,1.65,3.3,4.6,1.95,1.71,1.65,1.98,-0.5,1.9,1.95,-0.75,,,
P1,2005-02-21,Benfica,Guimaraes,2,1,H,2,0,H,1.44,3.75,6.0,1.45,3.8,6.25,1.45,3.6,6.75,1.45,3.8,5.4,1.4,3.75,7.0,1.44,3.75,6.5,1.45,3.6,6.5,1.83,1.83,1.45,2.35,-0.5,1.95,1.9,-1.25,,,
P1,2005-02-25,Sp Braga,Gil Vicente,2,1,H,2,0,H,1.57,3.5,5.0,1.55,3.6,5.3,1.6,3.4,5.15,1.65,3.2,4.6,1.57,3.25,5.5,1.57,3.4,5.5,1.6,3.4,4.8,1.95,1.71,1.6,2.05,-0.5,1.925,1.925,-0.75,,,
P1,2005-02-26,Boavista,Leiria,0,0,D,0,0,D,1.57,3.5,5.0,1.6,3.55,4.9,1.6,3.4,5.2,1.6,3.3,4.8,1.57,3.5,5.0,1.57,3.4,5.5,1.55,3.35,5.5,1.95,1.71,1.6,2.06,-0.5,1.725,2.125,-0.75,,,
P1,2005-02-26,Penafiel,Belenenses,0,0,D,0,0,D,2.25,3.2,2.75,2.2,3.2,2.9,2.2,3.2,2.9,2.1,3.0,3.1,2.25,3.1,2.8,2.25,3.1,2.88,2.25,3.0,2.85,2.0,1.65,2.2,1.52,-0.5,1.975,1.875,-0.25,,,
P1,2005-02-27,Academica,Setubal,3,3,D,1,0,H,2.25,3.2,2.75,2.4,3.2,2.6,2.25,3.2,2.8,2.5,2.8,2.7,2.3,3.2,2.62,2.3,3.1,2.8,2.4,3.1,2.6,2.0,1.65,2.25,1.49,-0.5,1.75,2.1,0.0,,,
P1,2005-02-27,Beira Mar,Rio Ave,0,0,D,0,0,D,2.5,3.0,2.62,2.4,3.2,2.6,2.45,3.0,2.7,2.6,2.8,2.6,2.4,3.1,2.6,2.5,3.0,2.62,2.4,3.0,2.65,2.0,1.65,2.45,1.42,-0.5,1.7,2.15,0.0,,,
P1,2005-02-27,Guimaraes,Nacional,1,1,D,0,0,D,1.83,3.25,3.6,1.85,3.35,3.65,1.9,3.1,3.8,1.8,3.0,4.0,1.8,3.25,3.75,1.85,3.2,3.75,1.85,3.2,3.65,2.0,1.65,1.9,1.71,-0.5,2.025,1.825,-0.5,,,
P1,2005-02-27,Moreirense,Maritimo,1,0,H,1,0,H,2.37,3.2,2.6,2.45,3.2,2.55,2.4,3.1,2.7,2.6,2.8,2.6,2.25,3.1,2.8,2.38,3.1,2.7,2.4,3.1,2.6,2.1,1.6,2.4,1.44,-0.5,1.775,2.075,0.0,,,
P1,2005-02-28,Porto,Benfica,1,1,D,0,0,D,1.9,3.1,3.6,1.85,3.35,3.65,1.95,3.0,3.75,1.9,3.0,3.6,2.0,3.0,3.4,1.91,3.1,3.75,1.9,3.1,3.6,2.0,1.65,1.95,1.67,-0.5,2.05,1.8,-0.5,,,
P1,2005-02-28,Sp Lisbon,Estoril,4,0,H,1,0,H,1.28,4.5,8.0,1.25,5.0,9.0,1.25,5.0,9.0,1.27,4.3,8.5,1.22,5.0,9.0,1.25,5.0,9.0,1.22,5.0,9.5,1.65,2.0,1.25,3.21,-0.5,1.8,2.05,-1.5,,,
P1,2005-03-04,Gil Vicente,Guimaraes,1,3,A,0,2,A,2.25,3.2,2.75,2.2,3.2,2.9,2.3,3.15,2.8,2.3,2.9,2.8,2.25,3.2,2.75,2.3,3.2,2.75,2.3,3.1,2.75,1.6,2.1,2.3,1.48,-0.5,1.0,1.0,0.0,,,
P1,2005-03-05,Estoril,Boavista,3,3,D,1,1,D,2.8,3.2,2.2,3.1,3.2,2.1,2.9,3.2,2.2,2.9,3.0,2.2,2.8,3.2,2.2,2.88,3.2,2.2,2.85,3.1,2.2,1.65,2.0,1.52,2.2,0.5,1.95,1.9,0.25,,,
P1,2005-03-05,Penafiel,Porto,1,2,A,1,0,H,4.0,3.4,1.72,4.4,3.4,1.7,4.35,3.3,1.73,4.2,3.2,1.7,4.5,3.1,1.72,4.33,3.3,1.73,4.33,3.2,1.72,1.65,2.0,1.88,1.73,0.5,1.8,2.05,0.75,,,
P1,2005-03-06,Belenenses,Sp Lisbon,1,0,H,0,0,D,3.2,3.2,2.0,3.4,3.25,1.95,3.5,3.2,1.95,3.8,3.1,1.8,3.5,3.2,1.9,3.5,3.2,1.95,3.3,3.1,2.0,1.85,1.79,1.67,1.95,0.5,2.0,1.85,0.5,,,
P1,2005-03-06,Leiria,Beira Mar,5,1,H,3,1,H,1.72,3.4,4.0,1.75,3.35,4.15,1.73,3.3,4.35,1.7,3.2,4.2,1.72,3.1,4.5,1.73,3.2,4.5,1.75,3.1,4.3,1.6,2.1,1.73,1.88,-0.5,2.1,1.75,-0.75,,,
P1,2005-03-06,Maritimo,Academica,1,1,D,0,1,A,1.53,3.4,5.5,1.6,3.5,5.0,1.55,3.5,5.5,1.65,3.3,4.4,1.53,3.4,5.5,1.53,3.4,6.0,1.5,3.25,6.5,1.6,2.1,1.55,2.14,-0.5,2.05,1.8,-1.0,,,
P1,2005-03-06,Nacional,Benfica,0,1,A,0,0,D,3.2,3.2,2.0,3.3,3.25,2.0,3.35,3.2,2.0,3.0,2.9,2.2,3.2,3.2,2.0,3.3,3.2,2.0,3.2,3.1,2.05,1.65,2.0,1.64,2.0,0.5,2.0,1.85,0.25,,,
P1,2005-03-06,Rio Ave,Moreirense,1,0,H,1,0,H,1.66,3.3,4.5,1.7,3.4,4.4,1.67,3.3,4.75,1.6,3.4,4.6,1.66,3.25,4.5,1.67,3.3,4.75,1.7,3.25,4.3,1.71,1.95,1.67,1.95,-0.5,2.1,1.75,-0.75,,,
P1,2005-03-07,Setubal,Sp Braga,1,4,A,0,2,A,2.25,3.2,2.75,2.2,3.2,2.9,2.3,3.15,2.8,2.4,2.8,2.8,2.25,3.1,2.8,2.3,3.2,2.75,2.25,3.0,2.85,1.65,2.0,2.3,1.48,-0.5,2.05,1.8,-0.25,,,
P1,2005-03-11,Porto,Nacional,0,4,A,0,1,A,1.3,4.33,8.5,1.3,4.5,8.25,1.35,4.1,8.0,1.35,4.0,7.0,1.33,4.0,8.0,1.36,4.0,7.5,1.4,3.75,7.0,1.95,1.71,1.35,2.71,-0.5,2.2,1.65,-1.25,,,
P1,2005-03-12,Benfica,Gil Vicente,2,0,H,0,0,D,1.28,4.5,8.5,1.2,5.5,10.5,1.25,4.75,10.0,1.27,4.3,8.5,1.25,4.5,10.0,1.25,4.75,10.0,1.25,5.0,8.0,1.71,1.95,,,,2.125,1.725,-1.75,,,
P1,2005-03-12,Sp Braga,Maritimo,1,1,D,0,0,D,1.72,3.2,4.33,1.65,3.4,4.7,1.72,3.25,4.5,1.75,3.2,4.0,1.7,3.2,4.5,1.73,3.25,4.33,1.75,3.1,4.3,2.1,1.6,1.72,1.89,-0.5,2.1,1.75,-0.75,,,
P1,2005-03-13,Academica,Rio Ave,0,0,D,0,0,D,2.4,3.0,2.62,2.45,3.15,2.6,2.4,3.0,2.75,2.2,3.0,2.9,2.25,3.0,2.88,2.4,3.0,2.75,2.3,2.9,2.9,2.0,1.65,2.4,1.43,-0.5,1.75,2.1,0.0,,,
P1,2005-03-13,Beira Mar,Estoril,2,1,H,0,1,A,2.1,3.2,3.0,2.1,3.2,3.1,2.1,3.1,3.2,1.9,3.1,3.5,2.0,3.2,3.2,2.1,3.1,3.2,2.0,3.1,3.3,1.9,1.75,2.1,1.57,-0.5,1.8,2.05,-0.25,,,
P1,2005-03-13,Guimaraes,Setubal,3,1,H,2,1,H,1.9,3.2,3.5,1.9,3.3,3.55,1.85,3.25,3.8,1.85,3.1,3.6,1.8,3.2,4.0,1.85,3.25,3.75,1.8,3.2,3.85,1.95,1.71,1.85,1.75,-0.5,1.975,1.875,-0.5,,,
P1,2005-03-13,Moreirense,Leiria,0,0,D,0,0,D,2.1,3.2,3.0,2.2,3.2,2.9,2.25,3.1,2.9,2.2,3.0,2.9,2.25,3.1,2.8,2.25,3.1,2.88,2.2,3.0,2.95,2.1,1.6,,,,2.025,1.825,-0.25,,,
P1,2005-03-13,Sp Lisbon,Penafiel,0,2,A,0,0,D,1.25,4.5,10.0,1.25,5.0,9.0,1.25,4.75,10.0,1.27,4.3,8.5,1.25,4.5,10.0,1.25,5.0,9.0,1.25,5.0,8.0,1.65,2.0,,,,2.125,1.725,-1.75,,,
P1,2005-03-14,Boavista,Belenenses,2,0,H,1,0,H,1.57,3.5,5.0,1.7,3.35,4.45,1.67,3.25,4.85,1.65,3.3,4.4,1.67,3.25,4.5,1.67,3.4,4.5,1.65,3.3,4.6,1.95,1.71,1.67,1.95,-0.5,2.05,1.8,-0.75,,,
P1,2005-03-18,Maritimo,Guimaraes,1,2,A,0,1,A,1.9,3.2,3.5,1.9,3.2,3.65,2.0,3.15,3.4,2.0,2.9,3.4,1.91,3.2,3.5,1.95,3.1,3.6,2.0,3.1,3.3,2.1,1.6,2.0,1.64,-0.5,2.0,1.85,-0.5,,,
P1,2005-03-19,Penafiel,Boavista,1,1,D,1,0,H,2.8,3.2,2.2,2.75,3.2,2.3,2.8,3.2,2.25,2.8,2.9,2.3,2.88,3.0,2.25,2.88,3.2,2.2,2.8,3.1,2.25,1.95,1.7,1.49,2.25,0.5,1.925,1.925,0.25,,,
P1,2005-03-19,Setubal,Benfica,0,2,A,0,1,A,3.75,3.2,1.83,3.3,3.25,2.0,3.85,3.2,1.85,3.6,3.1,1.85,3.75,3.2,1.83,3.75,3.25,1.85,3.6,3.1,1.9,1.9,1.75,1.75,1.85,0.5,1.925,1.925,0.5,,,
P1,2005-03-20,Belenenses,Beira Mar,2,0,H,0,0,D,1.72,3.4,4.0,1.7,3.5,4.2,1.65,3.4,4.75,1.65,3.3,4.4,1.62,3.25,5.0,1.67,3.4,4.5,1.6,3.5,4.6,1.85,1.79,1.65,1.98,-0.5,2.0,1.85,-0.75,,,
P1,2005-03-20,Estoril,Moreirense,2,0,H,1,0,H,2.0,3.2,3.2,2.1,3.2,3.1,2.1,3.15,3.15,2.0,3.1,3.2,2.1,3.0,3.2,2.1,3.2,3.1,2.1,3.1,3.1,1.9,1.75,2.1,1.58,-0.5,1.8,2.05,-0.25,,,
P1,2005-03-20,Gil Vicente,Nacional,3,2,H,2,1,H,2.3,3.2,2.7,2.25,3.2,2.8,2.35,3.1,2.75,2.2,3.0,2.9,2.25,3.2,2.75,2.3,3.2,2.75,2.3,3.1,2.7,2.0,1.65,2.35,1.46,-0.5,2.0,1.85,-0.25,,,
P1,2005-03-20,Leiria,Academica,1,2,A,0,2,A,1.66,3.4,4.33,1.65,3.5,4.55,1.67,3.3,4.75,1.65,3.3,4.4,1.67,3.25,4.5,1.67,3.4,4.5,1.7,3.15,4.5,2.1,1.6,1.67,1.95,-0.5,1.9,1.95,-0.75,,,
P1,2005-03-20,Rio Ave,Sp Braga,1,1,D,1,0,H,2.25,3.2,2.75,2.25,3.2,2.8,2.37,3.15,2.7,2.3,2.9,2.8,2.38,3.0,2.75,2.3,3.2,2.75,2.25,3.1,2.8,2.1,1.6,2.37,1.45,-0.5,2.0,1.85,-0.25,,,
P1,2005-03-21,Sp Lisbon,Porto,2,0,H,0,0,D,2.3,3.1,2.8,2.4,3.15,2.65,2.35,3.1,2.75,2.3,2.9,2.8,2.38,3.2,2.6,2.3,3.2,2.75,2.37,3.1,2.62,2.0,1.65,2.35,1.46,-0.5,2.05,1.8,-0.25,,,
P1,2005-04-01,Guimaraes,Rio Ave,0,0,D,0,0,D,1.72,3.25,4.2,1.7,3.4,4.3,1.85,3.1,4.0,1.85,3.0,3.8,1.8,3.2,4.0,1.85,3.1,4.0,1.8,3.1,4.0,2.0,1.65,1.85,1.75,-0.5,1.9,1.95,-0.5,,,
P1,2005-04-02,Boavista,Sp Lisbon,0,4,A,0,2,A,2.5,3.1,2.5,2.45,3.15,2.6,2.5,3.05,2.6,2.5,2.9,2.6,2.5,3.1,2.5,2.5,3.0,2.62,2.5,3.1,2.5,1.95,1.71,2.5,1.4,-0.5,1.925,1.925,0.0,,,
P1,2005-04-03,Academica,Estoril,1,0,H,1,0,H,1.8,3.2,4.0,1.8,3.35,3.9,1.8,3.2,4.1,1.8,3.1,3.8,1.8,3.25,3.75,1.83,3.25,3.75,1.85,3.2,3.65,1.95,1.71,1.8,1.8,-0.5,1.85,2.0,-0.5,,,
P1,2005-04-03,Beira Mar,Penafiel,1,3,A,1,0,H,2.2,3.2,2.8,2.1,3.25,3.05,2.15,3.2,3.0,2.2,3.0,2.9,2.2,3.2,2.75,2.25,3.2,2.8,2.15,3.15,2.9,1.95,1.71,2.15,1.55,-0.5,1.925,1.925,-0.25,,,
P1,2005-04-03,Benfica,Maritimo,4,3,H,3,2,H,1.4,3.75,7.0,1.35,4.25,7.4,1.35,4.2,7.5,1.35,4.0,7.0,1.33,4.0,8.0,1.33,4.2,8.0,1.33,4.0,8.0,1.83,1.83,,,,2.05,1.8,-1.25,,,
P1,2005-04-03,Moreirense,Belenenses,0,1,A,0,0,D,2.1,3.1,3.1,2.0,3.25,3.3,2.15,3.1,3.1,2.0,3.1,3.2,2.1,3.2,3.0,2.25,3.1,2.88,2.15,3.15,2.9,2.1,1.6,2.15,1.55,-0.5,1.85,2.0,-0.25,,,
P1,2005-04-03,Nacional,Setubal,1,3,A,0,1,A,1.72,3.25,4.2,1.8,3.35,3.9,1.75,3.25,4.3,1.85,2.9,4.0,1.72,3.2,4.33,1.75,3.25,4.2,1.75,3.25,4.0,1.9,1.75,1.75,1.85,-0.5,1.75,2.1,-0.5,,,
P1,2005-04-03,Porto,Gil Vicente,1,0,H,1,0,H,1.28,4.5,8.0,1.25,5.0,9.0,1.3,4.5,8.3,1.33,4.0,7.5,1.3,4.33,8.0,1.3,4.33,8.5,1.28,4.5,8.0,1.75,1.9,,,,2.0,1.85,-1.5,,,
P1,2005-04-04,Sp Braga,Leiria,1,0,H,1,0,H,1.66,3.4,4.33,1.7,3.45,4.3,1.67,3.3,4.7,1.55,3.5,4.8,1.66,3.25,4.5,1.67,3.4,4.5,1.65,3.35,4.5,2.0,1.65,1.67,1.94,-0.5,1.925,1.925,-0.75,,,
P1,2005-04-08,Maritimo,Nacional,2,1,H,1,0,H,1.9,3.2,3.5,1.95,3.25,3.45,1.91,3.1,3.75,2.0,3.0,3.3,1.9,3.2,3.5,1.95,3.2,3.4,2.05,3.0,3.3,1.95,1.71,1.91,1.7,-0.5,2.05,1.8,-0.5,,,
P1,2005-04-09,Boavista,Porto,1,0,H,0,0,D,2.62,3.1,2.37,2.65,3.25,2.35,2.7,3.1,2.38,2.8,2.9,2.3,2.62,3.2,2.3,2.7,3.1,2.4,2.8,3.0,2.3,2.1,1.6,1.44,2.38,0.5,2.025,1.825,0.0,,,
P1,2005-04-10,Leiria,Guimaraes,0,1,A,0,0,D,2.37,3.1,2.62,2.25,3.2,2.8,2.35,3.15,2.7,2.4,3.0,2.6,2.38,3.1,2.62,2.3,3.2,2.7,2.4,3.1,2.6,2.1,1.6,2.35,1.45,-0.5,1.775,2.075,0.0,,,
P1,2005-04-10,Penafiel,Moreirense,1,0,H,1,0,H,1.8,3.2,4.0,1.85,3.35,3.65,1.8,3.25,4.0,1.75,3.2,4.0,1.8,3.25,3.75,1.8,3.2,4.0,1.8,3.1,4.0,1.95,1.71,1.8,1.79,-0.5,1.9,1.95,-0.5,,,
P1,2005-04-10,Rio Ave,Benfica,1,0,H,0,0,D,3.2,3.2,2.0,3.55,3.3,1.9,3.3,3.2,2.0,3.3,3.0,2.0,3.2,3.2,2.0,3.3,3.2,2.0,3.6,3.0,1.95,2.0,1.65,1.62,2.0,0.5,1.8,2.05,0.5,,,
P1,2005-04-10,Setubal,Gil Vicente,0,0,D,0,0,D,1.8,3.2,4.0,1.7,3.45,4.3,1.8,3.25,4.0,1.8,3.2,3.7,1.8,3.25,3.75,1.8,3.2,4.0,1.8,3.1,4.0,1.9,1.75,1.8,1.79,-0.5,2.1,1.75,-0.75,,,
P1,2005-04-10,Sp Lisbon,Beira Mar,1,0,H,0,0,D,1.2,5.5,9.5,1.15,6.0,13.0,1.2,5.25,11.0,1.25,4.5,9.0,1.25,4.5,10.0,1.2,5.25,11.0,1.22,5.0,9.5,,,,,,2.0,1.85,-1.75,,,
P1,2005-04-11,Belenenses,Academica,0,0,D,0,0,D,1.72,3.4,4.0,1.7,3.45,4.3,1.7,3.35,4.4,1.75,3.2,4.0,1.73,3.2,4.33,1.73,3.3,4.33,1.7,3.2,4.5,2.0,1.65,1.7,1.9,-0.5,2.025,1.825,-0.75,,,
P1,2005-04-11,Estoril,Sp Braga,0,1,A,0,1,A,2.75,3.2,2.25,2.8,3.2,2.25,2.8,3.2,2.25,2.6,3.0,2.4,2.75,3.2,2.25,2.8,3.2,2.25,2.8,3.0,2.3,1.95,1.71,1.49,2.25,0.5,2.0,1.85,0.25,,,
P1,2005-04-15,Beira Mar,Boavista,1,0,H,0,0,D,3.2,3.2,2.0,3.05,3.25,2.1,3.2,3.2,2.0,3.1,3.0,2.1,3.0,3.2,2.1,3.2,3.3,2.0,3.5,3.1,1.95,1.83,1.83,1.6,2.0,0.5,1.95,1.9,0.25,,,
P1,2005-04-16,Benfica,Leiria,1,1,D,0,1,A,1.3,4.33,8.0,1.25,5.0,9.0,1.28,4.3,9.0,1.27,4.3,8.5,1.28,4.5,8.0,1.3,4.33,8.5,1.28,4.33,8.5,1.83,1.83,1.28,2.91,-0.5,2.025,1.825,-1.5,,,
P1,2005-04-16,Porto,Setubal,2,1,H,1,1,D,1.4,4.0,6.5,1.35,4.25,7.4,1.37,4.0,7.0,1.35,4.0,7.0,1.36,4.0,7.0,1.4,3.8,7.0,1.36,3.75,8.0,1.75,1.9,1.37,2.55,-0.5,2.125,1.725,-1.25,,,
P1,2005-04-17,Academica,Penafiel,4,1,H,2,0,H,1.9,3.2,3.5,2.0,3.25,3.3,1.9,3.2,3.5,2.0,3.1,3.2,1.9,3.2,3.5,1.91,3.1,3.75,2.0,3.1,3.3,2.0,1.65,1.9,1.67,-0.5,2.0,1.85,-0.5,,,
P1,2005-04-17,Gil Vicente,Maritimo,1,0,H,0,0,D,2.1,3.2,3.0,2.15,3.25,2.95,2.1,3.1,3.1,2.1,3.0,3.1,2.0,3.2,3.2,2.1,3.25,3.0,2.2,3.1,2.85,2.0,1.65,2.1,1.55,-0.5,1.775,2.075,-0.25,,,
P1,2005-04-17,Guimaraes,Estoril,1,0,H,0,0,D,1.5,3.6,5.5,1.5,3.65,5.8,1.5,3.5,5.8,1.45,3.8,5.4,1.5,3.4,6.0,1.5,3.6,6.0,1.5,3.4,6.0,1.9,1.75,1.5,2.18,-0.5,1.9,1.95,-1.0,,,
P1,2005-04-17,Nacional,Rio Ave,0,0,D,0,0,D,2.1,3.2,3.0,2.0,3.25,3.3,2.1,3.1,3.1,2.2,2.9,3.0,2.0,3.2,3.2,2.1,3.2,3.1,2.05,3.05,3.2,2.0,1.65,2.1,1.55,-0.5,1.775,2.075,-0.25,,,
P1,2005-04-17,Sp Braga,Belenenses,2,0,H,2,0,H,1.61,3.5,4.5,1.6,3.5,5.0,1.6,3.5,4.7,1.6,3.4,4.6,1.61,3.25,5.0,1.62,3.4,5.0,1.6,3.4,4.75,2.0,1.65,1.6,2.01,-0.5,1.8,2.05,-0.75,,,
P1,2005-04-18,Moreirense,Sp Lisbon,1,3,A,0,1,A,4.0,3.4,1.72,4.05,3.4,1.75,4.15,3.4,1.7,4.4,3.3,1.65,,,,4.5,3.4,1.67,4.33,3.2,1.72,1.9,1.75,1.87,1.7,0.5,,,,,,
P1,2005-04-22,Belenenses,Guimaraes,1,0,H,0,0,D,2.25,3.2,2.75,2.2,3.2,2.9,2.2,3.15,2.85,2.2,3.0,2.9,2.2,3.2,2.8,2.2,3.1,3.0,2.2,3.0,2.95,2.1,1.6,2.2,1.5,-0.5,2.05,1.8,-0.25,,,
P1,2005-04-23,Boavista,Moreirense,1,1,D,1,0,H,1.4,3.75,7.0,1.35,4.25,7.4,1.35,4.0,7.5,1.4,3.9,6.0,1.36,4.0,7.0,1.36,4.0,7.5,1.35,4.1,7.0,1.9,1.75,,,,2.15,1.7,-1.25,,,
P1,2005-04-23,Sp Lisbon,Academica,0,0,D,0,0,D,1.28,4.5,8.0,1.25,5.0,9.0,1.3,4.3,8.25,1.3,4.2,8.0,1.28,4.5,8.0,1.3,4.33,8.5,1.33,4.0,8.0,1.75,1.9,,,,2.1,1.75,-1.5,,,
P1,2005-04-24,Beira Mar,Porto,0,1,A,0,0,D,4.5,3.5,1.61,5.0,3.5,1.6,4.5,3.4,1.65,4.4,3.3,1.65,4.33,3.4,1.66,4.5,3.4,1.67,4.5,3.3,1.66,2.0,1.65,1.94,1.65,0.5,1.65,2.2,1.0,,,
P1,2005-04-24,Estoril,Benfica,1,2,A,1,0,H,5.5,3.6,1.5,5.3,3.6,1.55,5.75,3.5,1.5,4.8,3.5,1.55,6.5,3.6,1.44,5.0,3.6,1.57,4.8,3.4,1.6,1.9,1.75,,,,1.875,1.975,1.0,,,
P1,2005-04-24,Leiria,Nacional,1,0,H,0,0,D,2.0,3.2,3.2,2.0,3.25,3.3,1.95,2.95,3.65,2.0,2.8,3.6,1.9,3.0,3.75,2.0,3.0,3.6,1.95,3.1,3.4,2.0,1.65,1.95,1.63,-0.5,1.875,1.975,-0.25,,,
P1,2005-04-24,Maritimo,Setubal,3,1,H,2,0,H,1.83,3.2,3.75,1.85,3.35,3.65,1.85,3.2,3.7,1.85,3.0,3.8,1.83,3.2,3.75,1.85,3.25,3.75,1.85,3.2,3.65,1.95,1.71,1.85,1.72,-0.5,1.925,1.925,-0.5,,,
P1,2005-04-24,Rio Ave,Gil Vicente,0,1,A,0,1,A,1.72,3.4,4.0,1.6,3.5,5.0,1.67,3.3,4.5,1.65,3.3,4.4,1.66,3.25,4.5,1.67,3.4,4.5,1.7,3.3,4.2,2.0,1.65,1.67,1.9,-0.5,2.05,1.8,-0.75,,,
P1,2005-04-25,Penafiel,Sp Braga,1,0,H,0,0,D,2.75,3.2,2.25,2.6,3.2,2.4,2.8,3.0,2.3,2.7,3.0,2.3,2.75,3.2,2.25,2.8,3.2,2.25,2.9,2.9,2.3,2.0,1.65,1.45,2.3,0.5,1.5,2.15,0.5,,,
P1,2005-04-29,Academica,Boavista,1,0,H,1,0,H,2.62,3.1,2.37,2.5,3.1,2.6,2.47,3.0,2.6,2.5,3.0,2.5,2.4,3.0,2.62,2.5,3.0,2.6,2.35,3.1,2.65,2.1,1.6,2.47,1.39,-0.5,1.6,2.25,0.0,,,
P1,2005-04-30,Benfica,Belenenses,1,0,H,0,0,D,1.33,4.33,7.0,1.3,4.5,8.25,1.3,4.4,7.8,1.35,4.0,7.0,1.29,4.5,8.0,1.3,4.5,8.0,1.3,4.33,8.0,1.9,1.75,1.3,2.81,-0.5,2.0,1.85,-1.25,,,
P1,2005-04-30,Gil Vicente,Leiria,1,1,D,0,0,D,1.9,3.2,3.5,1.95,3.2,3.45,1.9,3.1,3.65,1.8,3.1,3.8,1.8,3.1,4.0,1.95,3.0,3.75,1.9,2.8,4.2,2.0,1.65,1.9,1.68,-0.5,1.85,2.0,-0.5,,,
P1,2005-04-30,Moreirense,Beira Mar,0,0,D,0,0,D,2.0,3.2,3.2,2.0,3.05,3.5,2.0,3.3,3.15,2.0,3.3,3.0,2.0,3.2,3.2,2.0,3.2,3.3,2.0,3.4,3.0,2.0,1.65,2.0,1.61,-0.5,2.0,1.85,-0.5,,,
P1,2005-04-30,Nacional,Estoril,4,1,H,1,1,D,1.57,3.5,5.0,1.65,3.35,4.8,1.7,3.4,4.2,1.8,3.2,3.7,1.67,3.4,4.33,1.67,3.4,4.5,1.8,3.4,3.6,1.95,1.71,1.7,1.88,-0.5,1.85,2.0,-0.75,,,
P1,2005-04-30,Porto,Maritimo,1,0,H,1,0,H,1.36,4.0,7.0,1.35,4.2,7.5,1.35,4.1,7.1,1.35,4.0,7.0,1.33,4.33,7.0,1.36,4.0,7.5,1.36,4.0,7.0,1.9,1.75,1.35,2.6,-0.5,2.1,1.75,-1.25,,,
P1,2005-04-30,Setubal,Rio Ave,2,0,H,2,0,H,2.1,3.2,3.0,2.2,3.1,3.0,2.2,3.1,2.9,2.1,3.0,3.1,2.2,2.88,3.1,2.2,3.0,3.1,2.15,2.8,3.3,2.0,1.65,2.2,1.5,-0.5,1.85,2.0,-0.25,,,
P1,2005-05-01,Sp Braga,Sp Lisbon,0,3,A,0,0,D,2.6,3.0,2.5,2.5,3.05,2.6,2.5,3.05,2.5,2.4,3.0,2.6,2.5,3.1,2.5,2.6,3.0,2.5,2.4,3.1,2.6,1.95,1.71,2.5,1.37,-0.5,1.95,1.9,0.0,,,
P1,2005-05-02,Guimaraes,Penafiel,2,1,H,1,1,D,1.61,3.5,4.5,1.6,3.35,5.25,1.6,3.4,5.0,1.55,3.5,4.8,1.5,3.4,6.0,1.57,3.4,5.5,1.45,3.7,6.0,1.95,1.71,1.6,2.02,-0.5,1.85,2.0,-0.75,,,
P1,2005-05-06,Belenenses,Nacional,1,0,H,1,0,H,1.8,3.4,3.6,1.6,3.45,5.0,1.7,3.2,4.5,1.75,3.2,4.0,1.73,3.2,4.33,1.73,3.25,4.33,1.7,3.2,4.5,,,1.7,1.87,-0.5,1.875,1.975,-0.5,,,
P1,2005-05-07,Boavista,Sp Braga,1,2,A,0,2,A,2.1,3.2,3.0,2.05,3.2,3.2,2.1,3.1,3.1,2.1,3.0,3.1,2.1,3.2,3.0,2.1,3.1,3.2,2.1,3.1,3.1,2.1,1.6,2.1,1.55,-0.5,1.9,1.95,-0.25,,,
P1,2005-05-07,Penafiel,Benfica,1,0,H,0,0,D,5.5,3.6,1.5,7.25,3.5,1.45,5.5,3.65,1.5,5.4,3.8,1.45,5.5,3.6,1.5,6.0,3.6,1.5,6.5,3.6,1.44,1.9,1.75,2.19,1.5,0.5,1.9,1.95,1.0,,,
P1,2005-05-08,Beira Mar,Academica,0,0,D,0,0,D,2.37,3.2,2.62,2.4,3.15,2.65,2.4,2.9,2.75,2.3,3.0,2.7,2.3,3.05,2.75,2.38,3.0,2.75,2.3,2.9,2.9,2.0,1.65,2.4,1.41,-0.5,1.7,2.15,0.0,,,
P1,2005-05-08,Estoril,Gil Vicente,2,0,H,1,0,H,2.5,3.1,2.5,2.45,3.2,2.55,,,,,,,2.5,3.1,2.5,2.6,3.2,2.4,2.6,3.1,2.3,2.1,1.6,,,,1.8,2.05,0.0,,,
P1,2005-05-08,Leiria,Setubal,0,2,A,0,0,D,2.0,3.2,3.2,2.05,3.2,3.2,1.95,3.2,3.35,1.9,3.1,3.5,1.9,3.2,3.5,2.0,3.2,3.3,1.95,3.1,3.5,2.0,1.65,1.95,1.64,-0.5,1.775,2.075,-0.25,,,
P1,2005-05-08,Moreirense,Porto,1,1,D,1,0,H,5.5,3.6,1.5,6.8,3.6,1.45,6.0,3.75,1.45,5.4,3.8,1.45,6.0,3.75,1.44,6.0,4.0,1.44,6.0,3.75,1.44,2.0,1.65,2.31,1.45,0.5,1.875,1.975,1.0,,,
P1,2005-05-08,Rio Ave,Maritimo,0,0,D,0,0,D,1.9,3.25,3.4,1.95,3.2,3.5,1.9,3.2,3.5,1.9,3.1,3.5,1.9,3.2,3.5,1.91,3.2,3.6,1.85,3.2,3.7,2.1,1.6,1.9,1.67,-0.5,1.975,1.875,-0.5,,,
P1,2005-05-09,Sp Lisbon,Guimaraes,1,0,H,0,0,D,1.4,3.75,7.0,1.35,4.0,8.1,1.4,4.0,7.0,1.45,3.8,5.4,1.4,3.75,7.0,1.44,3.75,6.5,1.45,3.6,6.5,1.9,1.79,1.4,2.44,-0.5,,,,,,
P1,2005-05-14,Academica,Moreirense,0,4,A,0,1,A,1.72,3.4,4.0,1.85,3.35,3.65,1.7,3.35,4.0,1.7,3.2,4.2,1.72,3.4,4.0,1.8,3.4,3.75,1.7,3.3,4.2,1.65,2.0,1.7,1.82,-0.5,1.8,2.05,-0.5,,,
P1,2005-05-14,Benfica,Sp Lisbon,1,0,H,0,0,D,2.1,3.1,3.1,2.0,3.25,3.3,2.15,3.1,2.85,2.3,3.0,2.7,2.2,3.0,3.0,2.25,3.1,2.88,2.1,3.1,3.1,1.71,1.95,2.15,1.48,-0.5,2.0,1.85,-0.25,,,
P1,2005-05-14,Gil Vicente,Belenenses,1,0,H,0,0,D,1.9,3.2,3.5,1.95,3.25,3.5,1.9,3.1,3.5,,,,1.9,3.2,3.5,1.91,3.1,3.75,2.0,3.2,3.2,1.65,2.0,1.9,1.64,-0.5,1.9,1.95,-0.5,,,
P1,2005-05-14,Guimaraes,Boavista,2,0,H,1,0,H,2.1,3.1,3.1,2.1,3.25,3.05,2.0,3.1,3.2,1.9,3.1,3.5,2.0,3.2,3.2,2.0,3.2,3.3,1.9,3.15,3.5,1.6,2.1,2.0,1.57,-0.5,1.9,1.95,-0.25,,,
P1,2005-05-14,Maritimo,Leiria,2,0,H,2,0,H,1.83,3.2,3.75,1.75,3.4,4.05,1.8,3.1,3.9,1.75,3.2,4.0,1.8,3.2,4.0,1.8,3.25,4.0,1.85,3.0,3.95,1.71,1.95,1.8,1.73,-0.5,1.85,2.0,-0.5,,,
P1,2005-05-14,Nacional,Penafiel,1,3,A,0,2,A,1.83,3.2,3.75,1.8,3.4,3.8,1.85,3.2,3.5,1.9,3.1,3.5,1.8,3.25,3.75,1.83,3.25,3.75,2.0,3.2,3.2,1.79,1.85,1.85,1.67,-0.5,1.8,2.05,-0.5,,,
P1,2005-05-14,Rio Ave,Porto,0,2,A,0,0,D,5.0,3.5,1.57,4.55,3.5,1.65,4.5,3.45,1.6,4.6,3.4,1.6,5.5,3.5,1.57,5.0,3.6,1.57,4.8,3.6,1.57,1.6,2.1,1.95,1.6,0.5,2.1,1.75,0.75,,,
P1,2005-05-14,Setubal,Estoril,2,2,D,0,1,A,2.0,3.4,3.0,1.8,3.4,3.8,2.0,3.3,3.0,,,,2.0,3.2,3.2,2.05,3.4,3.0,2.0,3.5,2.95,1.71,1.95,2.0,1.57,-0.5,2.05,1.8,-0.5,,,
P1,2005-05-14,Sp Braga,Beira Mar,1,1,D,1,1,D,1.28,4.5,8.0,1.4,4.0,6.75,1.27,4.5,8.0,1.3,4.2,8.0,1.25,5.0,8.0,1.29,4.75,8.0,1.25,5.0,8.0,1.79,1.85,1.27,2.88,-0.5,2.0,1.85,-1.5,,,
P1,2005-05-22,Beira Mar,Guimaraes,2,2,D,0,2,A,2.87,3.0,2.25,2.8,3.35,2.2,2.65,3.1,2.35,2.5,3.0,2.5,,,,2.6,3.2,2.4,2.65,3.2,2.3,2.0,1.6,1.43,2.35,0.5,2.0,1.85,0.0,,,
P1,2005-05-22,Belenenses,Setubal,0,0,D,0,0,D,1.9,3.4,3.25,1.8,3.4,3.8,1.9,3.2,3.5,1.9,3.2,3.4,,,,1.85,3.25,3.75,1.75,3.3,3.95,1.85,1.74,1.9,1.67,-0.5,1.82,2.025,-0.5,,,
P1,2005-05-22,Boavista,Benfica,1,1,D,1,1,D,4.5,2.75,1.9,3.85,2.75,2.05,4.5,2.75,1.85,2.9,3.0,2.2,,,,4.0,2.75,2.0,4.6,2.6,1.9,1.95,1.65,1.71,1.85,0.5,1.75,2.1,0.5,,,
P1,2005-05-22,Estoril,Maritimo,0,1,A,0,0,D,2.5,3.2,2.4,2.55,3.2,2.45,2.6,3.15,2.35,2.4,3.2,2.4,,,,2.6,3.2,2.4,2.4,3.2,2.5,1.9,1.7,1.42,2.35,0.5,1.8,2.05,0.0,,,
P1,2005-05-22,Leiria,Rio Ave,0,3,A,0,2,A,2.1,3.0,3.2,1.9,3.3,3.55,2.05,3.1,3.15,2.0,3.1,3.2,,,,2.1,3.1,3.1,2.1,3.05,3.1,2.25,1.55,2.05,1.56,-0.5,1.7,2.2,-0.25,,,
P1,2005-05-22,Moreirense,Sp Braga,2,1,H,0,1,A,3.2,3.2,2.0,2.85,3.4,2.15,3.3,3.25,1.95,3.0,3.1,2.1,,,,3.2,3.3,2.0,3.25,3.25,1.95,2.0,1.6,1.64,1.95,0.5,1.8,2.05,0.5,,,
P1,2005-05-22,Penafiel,Gil Vicente,1,3,A,1,1,D,1.8,3.25,3.75,1.8,3.4,3.8,1.8,3.25,3.75,1.8,3.2,3.7,,,,1.85,3.25,3.75,1.8,3.3,3.7,2.0,1.6,1.8,1.74,-0.5,1.85,2.0,-0.5,,,
P1,2005-05-22,Porto,Academica,1,1,D,0,0,D,1.2,5.5,9.0,1.15,6.0,13.0,1.18,5.4,11.0,1.2,5.0,10.0,,,,1.18,5.5,11.0,1.2,5.0,10.5,1.8,1.8,,,,1.9,1.95,-1.75,,,
P1,2005-05-22,Sp Lisbon,Nacional,2,4,A,1,3,A,1.16,5.5,11.0,1.2,5.5,10.5,1.25,4.7,9.0,1.25,4.5,9.0,,,,1.18,5.5,11.0,1.25,5.0,8.0,1.7,1.9,,,,1.75,2.1,-1.5,,,
