,BbMxA,BbMxD,BbAv<2.5,WHD,IWH,LBA,BbMxH,BWD,BbAvA,WHA,B365A,PSD,LBH,VCH,B365D,PSA,BbAvH,BbOU,B365H,BbAHh,BbMxAHA,WHH,BbMxAHH,BWA,BbAv>2.5,Bb1X2,BWH,IWA,BbMx>2.5,VCD,PSH,BbAvAHA,BbAH,BbAvAHH,VCA,IWD,LBD,BbAvD,BbMx<2.5,HomeTeam,AwayTeam,idGame
0,4.44,3.44,1.58,3.25,2.0,4.2,2.05,3.3,4.18,4.2,4.2,3.39,1.95,2.0,3.4,4.39,1.97,43,1.95,-0.5,1.94,1.95,2.01,4.2,2.34,58,1.95,3.6,2.47,3.4,2.01,1.89,33,1.95,4.3,3.3,3.25,3.31,1.63,La Coruna,Eibar,La Coruna_Eibar_2016
1,7.0,3.89,1.6,3.4,1.7,6.5,1.7,3.5,6.24,6.0,6.0,3.89,1.6,1.62,3.75,7.0,1.62,41,1.62,-1.0,1.82,1.67,2.29,6.25,2.31,57,1.65,4.7,2.44,3.8,1.61,1.76,34,2.11,6.5,3.6,3.6,3.66,1.65,Malaga,Osasuna,Malaga_Osasuna_2016
2,34.0,13.25,3.52,8.0,1.1,29.0,1.15,11.0,26.95,26.0,29.0,13.0,1.09,1.07,11.0,29.5,1.09,36,1.08,-2.5,2.15,1.1,1.87,23.0,1.29,57,1.09,20.0,1.31,13.0,1.1,2.08,34,1.78,31.0,8.0,11.0,10.4,3.8,Barcelona,Betis,Barcelona_Betis_2016
3,3.11,3.21,1.58,3.1,2.6,2.9,2.62,3.1,2.92,2.75,3.0,3.19,2.5,2.55,3.2,3.09,2.54,40,2.5,0.0,2.15,2.62,1.83,3.0,2.33,56,2.55,2.6,2.42,3.2,2.61,2.07,30,1.79,3.0,3.2,3.0,3.13,1.65,Granada,Villarreal,Granada_Villarreal_2016
4,5.5,4.07,2.07,3.5,1.6,4.75,1.73,3.9,5.04,5.0,5.0,4.02,1.67,1.73,4.0,5.18,1.68,44,1.67,-1.0,1.84,1.73,2.26,5.25,1.74,57,1.67,5.4,1.82,4.0,1.73,1.72,36,2.16,5.0,3.7,3.8,3.86,2.17,Sevilla,Espanol,Sevilla_Espanol_2016
5,21.0,6.5,1.85,6.0,1.22,17.0,1.28,6.0,16.97,15.0,17.0,6.25,1.22,1.22,6.5,20.4,1.21,43,1.2,-1.5,2.17,1.2,1.82,18.5,1.94,56,1.2,12.0,2.02,6.25,1.23,2.09,34,1.76,19.0,5.5,5.5,5.88,1.92,Ath Madrid,Alaves,Ath Madrid_Alaves_2016
6,1.8,4.0,2.09,3.5,4.5,1.75,5.13,3.75,1.74,1.8,1.75,3.98,4.5,4.8,3.8,1.74,4.66,40,4.75,1.0,2.38,4.5,1.68,1.72,1.73,57,5.0,1.7,1.83,3.9,5.13,2.29,33,1.64,1.75,3.7,3.8,3.81,2.25,Sociedad,Real Madrid,Sociedad_Real Madrid_2016
7,2.0,3.6,1.69,3.4,3.6,1.91,4.4,3.5,1.94,2.0,1.95,3.54,4.0,4.3,3.5,1.96,4.06,42,4.0,0.5,1.98,3.75,1.98,1.91,2.15,56,4.2,2.0,2.24,3.5,4.4,1.94,32,1.91,1.95,3.3,3.4,3.41,1.76,Sp Gijon,Ath Bilbao,Sp Gijon_Ath Bilbao_2016
8,6.47,4.0,1.77,4.0,1.6,6.0,1.67,3.9,5.89,6.0,5.75,4.0,1.6,1.62,3.75,6.47,1.6,41,1.65,-1.0,1.9,1.55,2.16,6.25,2.02,54,1.57,5.4,2.13,4.0,1.63,1.78,34,2.07,6.25,3.7,3.75,3.83,1.88,Celta,Leganes,Celta_Leganes_2016
9,5.07,4.0,1.88,4.0,1.75,4.75,1.79,3.8,4.84,5.0,5.0,3.89,1.73,1.75,3.75,5.07,1.73,42,1.73,-1.0,1.68,1.65,2.45,5.0,1.9,55,1.7,4.5,1.98,3.8,1.77,1.62,33,2.32,5.0,3.5,3.6,3.71,1.96,Valencia,Las Palmas,Valencia_Las Palmas_2016
10,3.7,3.37,1.64,3.2,2.3,3.5,2.33,3.3,3.46,3.3,3.5,3.34,2.15,2.25,3.2,3.7,2.21,43,2.2,-0.25,2.05,2.25,1.92,3.4,2.21,54,2.2,2.9,2.34,3.3,2.22,1.98,30,1.88,3.5,3.3,3.2,3.22,1.7,Betis,La Coruna,Betis_La Coruna_2016
11,3.41,3.3,1.59,3.2,2.3,3.25,2.4,3.25,3.26,3.25,3.4,3.27,2.3,2.3,3.1,3.39,2.32,42,2.3,-0.25,1.92,2.3,2.03,3.4,2.32,54,2.25,3.0,2.42,3.25,2.38,1.88,30,1.98,3.4,3.2,3.1,3.18,1.65,Espanol,Malaga,Espanol_Malaga_2016
12,2.85,3.29,1.69,3.1,2.6,2.7,2.8,3.2,2.75,2.8,2.75,3.25,2.62,2.75,3.2,2.84,2.67,42,2.7,0.25,2.4,2.62,1.67,2.8,2.14,54,2.6,2.6,2.3,3.25,2.78,2.32,29,1.63,2.8,3.2,3.1,3.18,1.75,Eibar,Valencia,Eibar_Valencia_2016
13,1.62,3.9,1.51,3.5,5.4,1.55,8.5,3.8,1.56,1.57,1.53,3.83,7.0,8.0,3.6,1.58,7.32,38,8.5,1.0,2.1,7.5,1.88,1.55,2.49,53,7.0,1.6,2.6,3.8,7.88,2.03,33,1.83,1.57,3.7,3.6,3.65,1.57,Leganes,Ath Madrid,Leganes_Ath Madrid_2016
14,2.65,3.2,1.5,3.0,2.6,2.5,3.19,3.2,2.52,2.5,2.5,3.13,3.1,3.13,3.1,2.59,3.04,39,3.1,0.25,2.23,3.0,1.8,2.5,2.52,54,3.0,2.6,2.7,3.13,3.19,2.13,28,1.75,2.55,3.2,3.0,3.06,1.57,Osasuna,Sociedad,Osasuna_Sociedad_2016
15,17.0,7.9,3.27,7.0,1.2,12.0,1.27,7.0,12.8,13.0,17.0,7.9,1.2,1.2,7.0,14.09,1.21,34,1.18,-2.0,1.98,1.2,1.99,13.0,1.32,54,1.2,13.0,1.37,7.5,1.22,1.93,34,1.92,15.0,5.8,7.0,6.98,3.5,Real Madrid,Celta,Real Madrid_Celta_2016
16,4.02,3.26,1.53,3.2,2.2,3.8,2.2,3.25,3.68,3.5,3.75,3.26,2.1,2.1,3.2,4.02,2.14,37,2.15,-0.25,2.12,2.15,1.9,3.6,2.44,52,2.15,3.2,2.6,3.25,2.15,2.02,29,1.84,3.75,3.2,3.1,3.2,1.57,Alaves,Sp Gijon,Alaves_Sp Gijon_2016
17,1.6,4.9,2.35,4.33,6.0,1.53,6.7,4.33,1.52,1.5,1.5,4.66,5.75,6.0,4.33,1.54,6.09,38,6.5,1.0,1.9,6.0,2.06,1.5,1.56,53,6.5,1.45,1.64,4.6,6.44,1.85,33,2.0,1.5,4.5,4.33,4.41,2.55,Ath Bilbao,Barcelona,Ath Bilbao_Barcelona_2016
18,4.58,3.6,1.76,3.4,2.0,4.33,2.02,3.5,4.25,4.0,4.33,3.6,1.85,1.87,3.4,4.58,1.9,42,1.91,-0.25,2.42,1.95,1.68,4.2,2.03,53,1.9,3.75,2.11,3.6,1.91,2.32,28,1.63,4.2,3.2,3.4,3.45,1.83,Las Palmas,Granada,Las Palmas_Granada_2016
19,2.92,3.5,1.94,3.3,2.5,2.8,2.6,3.4,2.84,2.8,2.8,3.42,2.5,2.45,3.4,2.91,2.5,42,2.5,0.0,2.13,2.5,1.86,2.75,1.83,53,2.55,2.65,1.9,3.4,2.6,2.05,28,1.8,2.88,3.3,3.3,3.33,2.05,Villarreal,Sevilla,Villarreal_Sevilla_2016
20,4.01,3.56,1.76,3.4,2.0,3.8,2.1,3.4,3.82,3.6,3.75,3.53,2.0,2.05,3.4,4.0,2.03,44,2.05,-0.75,1.67,2.05,2.43,3.9,2.04,56,2.0,3.6,2.15,3.5,2.06,1.62,31,2.35,3.9,3.3,3.3,3.41,1.84,Sociedad,Espanol,Sociedad_Espanol_2016
21,46.0,14.5,3.74,11.0,1.08,34.0,1.14,11.5,32.36,26.0,34.0,12.25,1.08,1.06,12.0,34.0,1.07,37,1.07,-2.5,2.35,1.08,1.7,36.0,1.26,56,1.07,22.0,1.3,13.0,1.1,2.25,29,1.66,36.0,9.0,12.0,11.58,4.1,Barcelona,Alaves,Barcelona_Alaves_2016
22,1.81,3.6,1.51,3.4,4.2,1.75,6.0,3.6,1.77,1.8,1.73,3.59,5.25,5.25,3.3,1.78,5.25,40,6.0,0.75,2.08,4.8,1.88,1.7,2.5,53,5.5,1.8,2.66,3.5,5.64,2.02,31,1.84,1.8,3.5,3.3,3.43,1.59,Celta,Ath Madrid,Celta_Ath Madrid_2016
23,3.42,3.3,1.53,3.2,2.4,3.3,2.5,3.1,3.21,2.88,3.3,3.24,2.3,2.38,3.1,3.41,2.37,40,2.3,-0.25,1.91,2.5,2.08,3.25,2.46,56,2.4,2.85,2.61,3.2,2.39,1.86,30,2.0,3.4,3.2,3.1,3.15,1.58,Malaga,Villarreal,Malaga_Villarreal_2016
24,55.0,19.0,4.3,11.0,1.07,41.0,1.13,13.5,36.19,29.0,34.0,19.0,1.06,1.05,15.0,33.5,1.06,38,1.04,-3.0,2.13,1.07,1.85,29.0,1.2,56,1.06,22.0,1.24,19.0,1.07,2.06,33,1.8,46.0,9.5,15.0,13.74,4.7,Real Madrid,Osasuna,Real Madrid_Osasuna_2016
25,6.5,4.73,2.54,3.6,1.7,5.75,1.7,4.2,5.68,6.5,6.0,4.66,1.53,1.6,4.33,6.27,1.56,38,1.5,-1.0,2.05,1.57,1.95,5.75,1.5,56,1.57,4.5,1.55,4.6,1.55,1.98,36,1.87,5.4,3.7,4.33,4.31,2.66,Sevilla,Las Palmas,Sevilla_Las Palmas_2016
26,3.53,3.5,1.81,3.2,2.3,3.3,2.34,3.4,3.3,3.3,3.5,3.49,2.15,2.2,3.25,3.5,2.22,45,2.15,-0.25,2.01,2.25,2.02,3.3,1.98,56,2.2,3.1,2.06,3.4,2.23,1.95,32,1.91,3.3,3.1,3.3,3.36,1.9,Granada,Eibar,Granada_Eibar_2016
27,2.26,3.45,1.59,3.2,3.1,2.2,3.66,3.3,2.2,2.25,2.15,3.38,3.4,3.5,3.25,2.26,3.43,42,3.6,0.25,1.93,3.3,2.02,2.2,2.32,55,3.4,2.2,2.45,3.25,3.55,1.88,32,1.97,2.2,3.3,3.2,3.28,1.64,La Coruna,Ath Bilbao,La Coruna_Ath Bilbao_2016
28,3.62,3.31,1.55,3.2,2.2,3.4,2.32,3.25,3.42,3.2,3.4,3.31,2.2,2.25,3.2,3.56,2.24,40,2.25,-0.25,2.0,2.3,1.95,3.5,2.41,55,2.2,3.25,2.54,3.3,2.29,1.94,32,1.91,3.5,3.15,3.1,3.22,1.6,Sp Gijon,Leganes,Sp Gijon_Leganes_2016
29,5.53,4.2,1.96,3.5,1.75,5.25,1.75,4.0,5.05,5.0,5.0,4.08,1.65,1.67,4.2,5.53,1.68,46,1.65,-1.0,1.75,1.73,2.26,4.75,1.83,56,1.7,4.5,1.9,4.1,1.68,1.71,34,2.18,5.4,3.5,3.8,3.88,2.05,Valencia,Betis,Valencia_Betis_2016
30,5.25,3.83,1.9,3.6,1.9,4.75,1.9,3.7,4.74,4.4,5.0,3.82,1.73,1.75,3.75,5.04,1.77,46,1.73,-1.0,1.65,1.8,2.5,4.6,1.89,57,1.78,3.8,1.97,3.8,1.79,1.62,33,2.34,5.0,3.45,3.6,3.68,1.97,Betis,Granada,Betis_Granada_2016
31,22.0,6.75,1.87,5.5,1.22,17.0,1.28,5.5,18.06,17.0,21.0,6.5,1.22,1.22,6.5,21.3,1.21,44,1.18,-1.75,1.92,1.22,2.03,17.5,1.91,54,1.2,12.0,1.99,6.25,1.22,1.88,29,1.97,19.0,5.5,5.75,5.94,1.94,Ath Madrid,Sp Gijon,Ath Madrid_Sp Gijon_2016
32,2.48,3.57,1.97,3.2,2.75,2.38,3.1,3.3,2.39,2.38,2.35,3.5,2.9,3.0,3.3,2.44,2.95,46,3.1,0.25,2.1,3.0,1.85,2.35,1.82,54,2.95,2.4,1.9,3.5,3.08,2.05,27,1.81,2.45,3.3,3.3,3.39,2.05,Eibar,Sevilla,Eibar_Sevilla_2016
33,3.6,3.44,1.72,3.1,2.25,3.3,2.33,3.3,3.31,3.2,3.3,3.44,2.2,2.3,3.25,3.44,2.26,44,2.3,-0.25,1.97,2.3,1.99,3.4,2.11,56,2.1,3.1,2.19,3.4,2.28,1.92,28,1.94,3.3,3.2,3.25,3.27,1.8,Las Palmas,Malaga,Las Palmas_Malaga_2016
34,1.25,7.9,2.66,6.0,12.5,1.18,19.0,6.5,1.19,1.2,1.18,7.7,15.0,19.0,7.0,1.2,15.73,36,17.0,2.0,1.96,17.0,2.0,1.19,1.45,56,13.5,1.2,1.5,7.5,17.0,1.9,33,1.94,1.18,6.0,7.0,6.95,2.8,Leganes,Barcelona,Leganes_Barcelona_2016
35,4.4,3.75,1.87,3.2,1.8,4.2,1.96,3.5,4.12,4.33,4.33,3.65,1.85,1.9,3.6,4.35,1.9,45,1.85,-0.5,2.0,1.91,1.94,4.1,1.91,55,1.85,4.2,2.0,3.6,1.93,1.94,28,1.9,4.1,3.5,3.4,3.54,1.97,Ath Bilbao,Valencia,Ath Bilbao_Valencia_2016
36,1.46,5.54,2.62,4.5,9.0,1.4,9.0,5.0,1.39,1.36,1.36,5.33,7.0,7.0,5.5,1.42,7.64,38,7.5,1.5,2.15,9.0,1.85,1.33,1.46,56,8.25,1.3,1.51,5.2,7.76,2.06,32,1.78,1.4,5.0,4.75,5.01,2.8,Espanol,Real Madrid,Espanol_Real Madrid_2016
37,2.71,3.25,1.59,3.1,2.6,2.6,3.03,3.1,2.6,2.5,2.6,3.17,2.88,3.0,3.1,2.71,2.89,43,2.9,0.0,1.87,2.9,2.08,2.5,2.33,55,2.9,2.6,2.47,3.2,2.98,1.83,29,2.02,2.63,3.2,3.0,3.12,1.67,Osasuna,Celta,Osasuna_Celta_2016
38,5.0,3.57,1.59,3.4,1.9,4.5,1.92,3.25,4.58,4.5,4.5,3.51,1.85,1.85,3.5,4.9,1.86,43,1.85,-0.5,2.06,1.83,1.89,4.25,2.32,55,1.9,3.8,2.42,3.4,1.88,1.99,28,1.85,4.6,3.45,3.3,3.39,1.65,Villarreal,Sociedad,Villarreal_Sociedad_2016
39,3.65,3.25,1.54,3.1,2.2,3.4,2.4,3.2,3.4,3.1,3.5,3.15,2.25,2.25,3.0,3.54,2.29,39,2.3,-0.25,1.96,2.4,2.01,3.3,2.43,52,2.2,3.2,2.57,3.2,2.38,1.91,27,1.94,3.4,3.2,3.0,3.12,1.59,Alaves,La Coruna,Alaves_La Coruna_2016
40,5.0,3.63,1.65,3.4,1.75,4.5,1.89,3.6,4.68,4.4,4.75,3.5,1.85,1.85,3.4,4.82,1.84,45,1.85,-0.5,2.06,1.85,1.89,4.6,2.21,57,1.8,5.0,2.31,3.6,1.89,2.01,32,1.84,4.75,3.5,3.3,3.43,1.72,Malaga,Eibar,Malaga_Eibar_2016
41,7.2,4.87,2.45,4.0,1.5,6.0,1.54,4.1,6.55,7.0,7.0,4.87,1.48,1.5,4.5,6.79,1.49,38,1.45,-1.0,2.2,1.5,1.8,7.0,1.56,57,1.5,6.0,1.59,4.8,1.5,2.12,36,1.75,6.5,4.5,4.5,4.49,2.6,Sevilla,Betis,Sevilla_Betis_2016
42,6.02,4.22,2.01,3.8,1.6,5.5,1.68,4.0,5.5,5.5,5.5,4.16,1.6,1.62,4.0,6.02,1.62,43,1.6,-1.0,1.86,1.62,2.15,5.5,1.78,56,1.62,5.5,1.85,4.2,1.63,1.8,34,2.05,5.75,4.0,3.8,4.0,2.09,Barcelona,Ath Madrid,Barcelona_Ath Madrid_2016
43,6.75,4.36,1.94,4.0,1.65,6.0,1.65,4.0,6.07,5.5,6.0,4.2,1.55,1.57,4.0,6.51,1.57,44,1.57,-1.0,1.93,1.6,2.05,6.25,1.84,54,1.57,5.3,1.92,4.2,1.59,1.88,33,1.97,6.25,3.8,3.8,4.03,2.02,Celta,Sp Gijon,Celta_Sp Gijon_2016
44,2.0,3.65,1.78,3.2,3.8,1.91,4.5,3.6,1.92,1.91,1.85,3.63,4.0,4.2,3.5,1.97,4.17,43,4.5,0.75,2.28,4.33,1.75,1.91,2.02,56,4.0,2.0,2.1,3.6,4.22,2.19,29,1.71,1.95,3.4,3.5,3.47,1.87,Granada,Ath Bilbao,Granada_Ath Bilbao_2016
45,15.0,7.45,2.76,5.5,1.2,13.0,1.28,6.5,13.02,13.0,15.0,7.32,1.22,1.22,7.0,14.5,1.22,38,1.2,-2.0,1.89,1.25,2.1,10.5,1.44,56,1.25,15.0,1.47,7.0,1.23,1.83,34,2.02,13.0,6.5,6.5,6.51,2.9,Real Madrid,Villarreal,Real Madrid_Villarreal_2016
46,4.0,3.65,1.93,3.4,2.0,3.8,2.1,3.4,3.79,3.6,3.75,3.64,1.95,2.0,3.5,3.98,2.01,44,2.0,-0.5,1.91,2.05,2.04,3.7,1.86,56,2.05,3.9,1.95,3.6,2.03,1.85,29,1.99,3.9,3.3,3.4,3.46,2.01,Sociedad,Las Palmas,Sociedad_Las Palmas_2016
47,4.1,3.33,1.53,3.1,2.0,3.6,2.2,3.1,3.73,3.75,3.6,3.29,2.1,2.1,3.25,3.84,2.13,38,2.15,-0.25,2.08,2.15,1.88,3.75,2.43,55,2.15,4.1,2.55,3.2,2.19,2.04,29,1.82,3.75,3.2,3.1,3.18,1.59,La Coruna,Leganes,La Coruna_Leganes_2016
48,2.66,3.3,1.66,3.1,2.65,2.5,3.03,3.2,2.55,2.5,2.6,3.23,2.9,2.88,3.2,2.64,2.91,43,2.88,0.0,1.85,2.9,2.1,2.5,2.18,55,2.95,2.65,2.28,3.25,3.01,1.81,30,2.04,2.55,3.3,3.1,3.16,1.71,Osasuna,Espanol,Osasuna_Espanol_2016
49,6.66,4.29,1.93,3.8,1.75,6.0,1.75,4.0,5.97,5.5,6.0,4.25,1.55,1.55,3.75,6.66,1.58,43,1.57,-1.0,1.92,1.62,2.03,6.5,1.85,55,1.55,4.5,1.91,4.2,1.57,1.87,33,1.97,6.0,3.8,3.8,4.01,2.01,Valencia,Alaves,Valencia_Alaves_2016
50,3.0,3.28,1.68,3.2,2.55,2.8,2.73,3.2,2.87,2.8,2.9,3.23,2.6,2.63,3.1,2.95,2.62,43,2.6,0.25,2.5,2.7,1.65,2.9,2.17,55,2.55,2.9,2.3,3.2,2.69,2.41,31,1.59,2.9,3.15,3.1,3.16,1.75,Betis,Malaga,Betis_Malaga_2016
51,3.8,3.65,1.94,3.4,2.1,3.6,2.14,3.3,3.6,3.75,3.75,3.61,2.0,2.1,3.4,3.78,2.06,43,2.05,-0.5,1.85,2.1,2.11,3.7,1.84,55,2.1,3.5,1.95,3.6,2.09,1.8,29,2.06,3.6,3.4,3.4,3.49,2.02,Ath Bilbao,Sevilla,Ath Bilbao_Sevilla_2016
52,3.09,3.3,1.65,3.2,2.6,2.9,2.64,3.1,2.92,2.9,3.0,3.24,2.5,2.55,3.2,3.09,2.55,43,2.45,0.25,2.62,2.62,1.6,2.95,2.21,56,2.55,2.8,2.32,3.3,2.58,2.47,31,1.56,3.0,3.2,3.1,3.19,1.72,Eibar,Sociedad,Eibar_Sociedad_2016
53,1.43,5.63,2.88,5.5,8.0,1.36,8.75,5.25,1.37,1.36,1.36,5.43,7.0,8.0,5.0,1.4,7.87,36,8.5,1.5,2.12,8.0,1.92,1.34,1.39,55,8.75,1.37,1.43,5.5,8.22,1.99,33,1.87,1.36,5.0,5.0,5.17,3.2,Las Palmas,Real Madrid,Las Palmas_Real Madrid_2016
54,1.33,6.5,2.58,6.0,9.5,1.29,13.0,5.75,1.27,1.29,1.22,6.25,10.0,11.0,6.5,1.28,10.97,36,13.0,2.0,2.38,10.0,1.68,1.26,1.48,54,11.5,1.3,1.53,6.25,12.3,2.3,33,1.64,1.29,5.5,5.75,5.9,2.75,Sp Gijon,Barcelona,Sp Gijon_Barcelona_2016
55,19.0,6.7,2.09,6.5,1.22,15.0,1.28,6.5,16.09,15.0,19.0,6.7,1.22,1.22,5.5,17.8,1.22,43,1.22,-2.0,1.7,1.22,2.36,17.0,1.72,55,1.19,12.5,1.81,6.5,1.23,1.67,33,2.25,17.0,6.5,6.0,6.06,2.19,Ath Madrid,La Coruna,Ath Madrid_La Coruna_2016
56,3.4,3.45,1.81,3.4,2.2,3.2,2.4,3.2,3.22,3.2,3.3,3.45,2.25,2.25,3.3,3.34,2.3,43,2.25,-0.25,1.96,2.3,2.0,3.2,1.99,55,2.35,3.3,2.07,3.4,2.32,1.9,30,1.95,3.2,3.35,3.25,3.31,1.88,Espanol,Celta,Espanol_Celta_2016
57,2.71,3.4,1.7,3.3,2.85,2.6,2.95,3.25,2.6,2.62,2.6,3.34,2.75,2.9,3.2,2.71,2.8,42,2.8,0.0,1.91,2.8,2.06,2.65,2.14,55,2.75,2.5,2.25,3.3,2.85,1.86,31,1.99,2.63,3.3,3.2,3.26,1.78,Leganes,Valencia,Leganes_Valencia_2016
58,11.0,4.92,1.8,4.5,1.4,9.0,1.43,4.6,9.3,9.5,9.5,4.6,1.4,1.36,4.33,9.65,1.39,43,1.4,-1.5,1.74,1.4,2.28,8.75,1.99,55,1.4,7.5,2.11,4.6,1.43,1.71,32,2.18,10.0,4.8,4.33,4.5,1.88,Villarreal,Osasuna,Villarreal_Osasuna_2016
59,4.05,3.46,1.65,3.3,2.0,3.6,2.15,3.4,3.73,3.8,3.75,3.43,2.05,2.05,3.3,3.88,2.08,40,2.1,-0.5,1.84,2.1,2.12,3.7,2.2,53,2.05,3.8,2.3,3.4,2.12,1.79,27,2.08,3.75,3.4,3.3,3.33,1.7,Alaves,Granada,Alaves_Granada_2016
60,5.1,3.75,1.81,3.75,1.85,4.5,1.87,3.4,4.65,4.6,4.75,3.62,1.8,1.87,3.5,4.8,1.82,48,1.8,-1.0,1.6,1.8,2.66,4.6,1.99,54,1.78,4.3,2.07,3.6,1.87,1.55,31,2.51,4.6,3.5,3.4,3.53,1.89,Sociedad,Betis,Sociedad_Betis_2016
61,3.12,3.45,1.7,3.3,2.4,2.9,2.55,3.2,2.98,3.0,3.0,3.42,2.4,2.5,3.3,3.08,2.45,49,2.45,0.0,2.21,2.5,1.79,2.95,2.14,55,2.4,3.05,2.23,3.4,2.49,2.12,29,1.75,3.0,3.2,3.25,3.27,1.8,Granada,Leganes,Granada_Leganes_2016
62,4.5,3.53,1.61,3.3,2.0,4.2,2.01,3.2,4.2,4.2,4.2,3.39,1.95,2.0,3.4,4.41,1.96,47,1.95,-0.5,1.95,2.0,2.01,4.2,2.3,54,1.91,3.95,2.4,3.4,2.01,1.89,29,1.96,4.33,3.3,3.25,3.32,1.66,La Coruna,Sp Gijon,La Coruna_Sp Gijon_2016
63,2.88,3.38,1.76,3.2,2.75,2.75,2.8,3.2,2.76,2.8,2.8,3.35,2.6,2.7,3.2,2.86,2.65,49,2.6,0.0,2.04,2.7,1.94,2.7,2.05,55,2.6,2.6,2.11,3.3,2.69,1.97,31,1.87,2.88,3.25,3.2,3.24,1.84,Osasuna,Las Palmas,Osasuna_Las Palmas_2016
64,8.1,4.8,2.07,4.8,1.5,7.5,1.52,4.6,7.3,7.0,8.0,4.63,1.44,1.45,4.33,8.0,1.45,49,1.44,-1.0,2.21,1.44,1.79,7.25,1.74,55,1.4,6.5,1.81,4.8,1.47,2.13,33,1.74,7.5,4.2,4.2,4.46,2.25,Sevilla,Alaves,Sevilla_Alaves_2016
65,1.49,5.09,2.42,4.5,7.5,1.4,8.1,4.75,1.42,1.44,1.4,4.94,6.5,7.5,4.75,1.45,7.48,41,8.0,1.0,1.69,8.0,2.38,1.4,1.55,55,7.0,1.4,1.62,5.0,7.71,1.64,33,2.3,1.4,4.8,4.75,4.71,2.55,Celta,Barcelona,Celta_Barcelona_2016
66,2.81,3.2,1.59,3.1,2.77,2.7,3.0,3.1,2.7,2.7,2.63,3.1,2.8,2.8,3.1,2.81,2.83,49,2.88,0.0,1.92,2.9,2.03,2.75,2.33,55,2.6,2.6,2.45,3.2,2.93,1.88,31,1.97,2.63,3.2,2.9,3.07,1.65,Espanol,Villarreal,Espanol_Villarreal_2016
67,3.33,3.25,1.55,3.0,2.75,3.2,2.75,3.0,3.12,3.1,3.3,3.09,2.4,2.4,3.0,3.33,2.5,44,2.45,0.0,2.28,2.62,1.8,2.95,2.42,55,2.5,2.6,2.51,3.2,2.52,2.17,29,1.72,3.13,3.25,2.9,3.06,1.6,Malaga,Ath Bilbao,Malaga_Ath Bilbao_2016
68,35.0,13.5,4.13,9.0,1.11,29.0,1.15,9.75,25.74,26.0,26.0,13.4,1.09,1.06,11.0,25.0,1.09,41,1.08,-2.75,2.13,1.12,1.88,21.0,1.22,55,1.09,23.0,1.26,13.0,1.1,2.02,30,1.83,29.0,9.0,12.0,10.88,4.6,Real Madrid,Eibar,Real Madrid_Eibar_2016
69,1.97,3.67,1.77,3.4,4.1,1.91,4.6,3.5,1.91,1.91,1.85,3.5,4.0,4.33,3.5,1.94,4.23,48,4.5,0.75,2.28,4.5,1.75,1.83,2.04,55,4.25,1.9,2.15,3.5,4.55,2.2,29,1.7,1.95,3.5,3.5,3.48,1.86,Valencia,Ath Madrid,Valencia_Ath Madrid_2016
70,4.2,3.6,1.85,3.5,2.1,3.8,2.12,3.6,3.86,3.75,4.2,3.51,2.0,1.95,3.4,4.09,2.02,40,1.95,-0.5,1.91,2.05,2.05,3.9,1.95,47,2.0,3.5,2.05,3.5,2.04,1.86,24,2.0,3.9,3.4,3.3,3.43,2.0,Las Palmas,Espanol,Las Palmas_Espanol_2016
71,31.22,10.0,2.45,9.0,1.15,29.0,1.17,9.0,25.5,21.0,17.0,9.5,1.12,1.13,10.0,29.5,1.12,35,1.13,-2.5,1.81,1.12,2.15,23.0,1.56,48,1.12,18.0,1.61,9.0,1.14,1.78,25,2.08,26.0,7.5,9.0,8.47,1.58,Ath Madrid,Granada,Ath Madrid_Granada_2016
72,30.0,11.66,3.45,10.0,1.12,26.0,1.17,9.5,23.41,23.0,26.0,11.5,1.11,1.12,10.0,25.0,1.11,41,1.1,-2.5,2.01,1.11,1.95,23.0,1.3,48,1.11,20.0,1.36,11.0,1.12,1.96,27,1.89,23.0,9.0,10.0,9.63,3.78,Barcelona,La Coruna,Barcelona_La Coruna_2016
73,1.44,5.65,2.86,5.0,8.0,1.36,9.0,5.25,1.38,1.36,1.36,5.46,7.0,8.0,5.25,1.41,7.79,41,8.0,1.5,2.04,8.0,1.9,1.36,1.41,48,8.25,1.37,1.45,5.5,7.94,1.99,26,1.86,1.36,5.0,5.0,5.18,3.0,Betis,Real Madrid,Betis_Real Madrid_2016
74,2.32,3.49,1.78,3.2,3.15,2.2,3.5,3.3,2.24,2.3,2.25,3.49,3.3,3.4,3.2,2.24,3.32,40,3.4,0.25,1.99,3.4,2.0,2.15,2.03,48,3.5,2.3,2.11,3.4,3.47,1.91,23,1.94,2.25,3.3,3.3,3.31,1.85,Leganes,Sevilla,Leganes_Sevilla_2016
75,3.05,3.12,1.5,3.0,2.7,2.9,2.75,3.0,2.95,3.0,3.0,3.07,2.62,2.7,3.0,3.03,2.65,37,2.6,-0.25,1.72,2.7,2.33,3.0,2.55,48,2.6,2.75,2.73,3.1,2.75,1.68,22,2.23,3.0,3.1,2.9,3.0,1.55,Alaves,Malaga,Alaves_Malaga_2016
76,5.05,3.6,1.66,3.6,1.8,4.5,1.9,3.6,4.62,4.5,4.4,3.54,1.85,1.85,3.6,4.74,1.84,41,1.83,-0.75,1.82,1.83,2.19,5.0,2.21,48,1.75,4.5,2.31,3.6,1.9,1.77,22,2.11,4.75,3.6,3.4,3.48,1.72,Ath Bilbao,Sociedad,Ath Bilbao_Sociedad_2016
77,2.22,3.61,1.99,3.3,3.3,2.05,3.66,3.4,2.13,2.2,2.1,3.61,3.4,3.5,3.4,2.16,3.47,40,3.6,0.25,1.86,3.5,2.11,2.1,1.82,47,3.6,2.2,1.9,3.6,3.58,1.82,23,2.04,2.05,3.35,3.4,3.41,2.08,Sp Gijon,Valencia,Sp Gijon_Valencia_2016
78,4.91,3.56,1.7,3.4,1.9,4.5,1.93,3.5,4.44,4.5,4.75,3.56,1.83,1.85,3.4,4.91,1.87,41,1.85,-0.75,1.8,1.91,2.21,4.5,2.16,48,1.85,4.1,2.28,3.5,1.87,1.74,22,2.13,4.5,3.5,3.3,3.43,1.75,Villarreal,Celta,Villarreal_Celta_2016
79,5.2,3.75,1.77,3.6,1.75,4.75,1.82,3.6,4.89,5.0,5.0,3.75,1.75,1.75,3.6,5.2,1.75,39,1.7,-1.0,1.62,1.75,2.5,5.0,2.05,47,1.75,4.8,2.11,3.7,1.78,1.59,24,2.41,4.8,3.6,3.5,3.6,1.85,Eibar,Osasuna,Eibar_Osasuna_2016
80,3.1,3.4,1.7,3.25,2.5,2.9,2.68,3.25,2.92,2.88,3.1,3.32,2.5,2.55,3.2,3.0,2.55,48,2.4,0.0,2.15,2.6,1.85,3.0,2.13,55,2.6,2.85,2.23,3.3,2.59,2.06,31,1.79,3.0,3.3,3.1,3.18,1.78,Osasuna,Betis,Osasuna_Betis_2016
81,4.08,3.43,1.64,3.3,2.0,3.8,2.12,3.3,3.84,3.8,3.8,3.37,2.05,2.1,3.4,4.08,2.06,47,2.05,-0.5,1.85,2.1,2.12,4.0,2.22,54,2.0,3.8,2.36,3.4,2.09,1.81,31,2.05,3.9,3.4,3.2,3.3,1.73,Espanol,Eibar,Espanol_Eibar_2016
82,3.73,3.52,1.75,3.4,2.3,3.5,2.3,3.3,3.52,3.5,3.6,3.46,2.1,2.1,3.4,3.73,2.14,46,2.1,-0.25,2.09,2.15,1.9,3.7,2.05,53,2.1,3.25,2.13,3.5,2.16,2.03,29,1.83,3.7,3.2,3.3,3.33,1.81,Granada,Sp Gijon,Granada_Sp Gijon_2016
83,6.05,3.81,1.69,3.5,1.75,5.5,1.75,3.8,5.52,6.0,5.5,3.81,1.67,1.67,3.75,5.9,1.67,46,1.67,-1.0,1.72,1.7,2.34,5.75,2.14,54,1.62,4.8,2.25,3.8,1.7,1.68,32,2.23,6.0,3.6,3.6,3.67,1.77,Sociedad,Alaves,Sociedad_Alaves_2016
84,1.51,5.26,2.8,5.0,7.0,1.44,7.67,5.25,1.43,1.44,1.4,5.24,6.0,7.0,5.25,1.43,6.79,38,7.0,1.0,1.7,7.0,2.4,1.42,1.4,54,7.25,1.45,1.44,5.25,7.67,1.66,32,2.27,1.44,4.5,4.75,4.9,2.85,Valencia,Barcelona,Valencia_Barcelona_2016
85,5.5,3.75,1.74,3.5,1.7,5.0,1.79,3.6,5.0,5.5,5.5,3.7,1.75,1.75,3.6,5.25,1.75,46,1.7,-1.0,1.65,1.75,2.51,5.0,2.07,54,1.75,5.0,2.2,3.75,1.79,1.6,30,2.38,5.2,3.7,3.5,3.58,1.8,Celta,La Coruna,Celta_La Coruna_2016
86,5.19,3.6,1.55,3.3,1.8,4.75,1.95,3.4,4.71,4.8,4.75,3.41,1.83,1.85,3.3,5.19,1.87,44,1.85,-0.75,1.8,1.91,2.23,4.75,2.41,54,1.83,4.5,2.6,3.4,1.87,1.73,27,2.15,4.6,3.6,3.25,3.28,1.6,Malaga,Leganes,Malaga_Leganes_2016
87,13.5,7.4,3.28,6.5,1.25,12.0,1.29,6.5,11.59,12.0,13.0,7.03,1.22,1.22,7.0,12.68,1.24,38,1.2,-2.0,1.92,1.25,2.05,12.0,1.32,54,1.26,11.0,1.37,7.0,1.25,1.85,31,1.99,12.0,6.0,6.5,6.47,3.6,Real Madrid,Ath Bilbao,Real Madrid_Ath Bilbao_2016
88,2.1,3.55,1.76,3.5,3.5,1.95,4.19,3.5,1.99,2.0,1.95,3.51,3.8,4.1,3.5,2.01,3.92,45,4.0,0.75,2.36,4.0,1.68,2.0,2.03,54,4.1,2.1,2.12,3.5,4.19,2.28,27,1.65,2.0,3.4,3.4,3.41,1.85,Sevilla,Ath Madrid,Sevilla_Ath Madrid_2016
89,5.8,3.95,1.94,3.75,1.6,5.25,1.76,3.6,5.19,5.5,5.25,3.92,1.67,1.67,3.8,5.8,1.69,46,1.67,-1.0,1.72,1.7,2.3,5.5,1.84,54,1.7,5.7,1.92,3.9,1.68,1.68,31,2.22,5.2,3.9,3.6,3.75,2.02,Villarreal,Las Palmas,Villarreal_Las Palmas_2016
90,3.09,3.21,1.61,3.1,2.7,2.9,2.77,3.1,2.93,3.0,2.88,3.16,2.5,2.6,3.1,3.09,2.6,47,2.63,0.25,2.61,2.62,1.64,2.85,2.28,55,2.65,2.7,2.38,3.2,2.63,2.47,31,1.57,3.0,3.2,3.0,3.1,1.67,Leganes,Sociedad,Leganes_Sociedad_2016
91,1.29,7.2,2.78,6.0,13.5,1.25,15.0,7.0,1.23,1.25,1.22,6.8,12.0,13.0,6.5,1.25,12.6,40,13.0,2.0,2.13,13.0,1.85,1.2,1.42,56,13.0,1.22,1.46,6.5,14.0,2.05,32,1.8,1.25,6.2,6.0,6.34,3.1,Alaves,Real Madrid,Alaves_Real Madrid_2016
92,19.0,6.75,1.92,6.0,1.25,15.0,1.3,6.75,15.6,17.0,15.0,6.31,1.22,1.25,6.0,17.71,1.23,48,1.22,-2.0,1.65,1.22,2.49,12.0,1.86,56,1.22,11.0,1.93,6.0,1.24,1.6,33,2.39,17.0,6.0,5.5,5.78,2.01,Ath Madrid,Malaga,Ath Madrid_Malaga_2016
93,61.0,20.94,5.65,17.0,1.05,51.0,1.11,16.0,40.93,34.0,34.0,19.0,1.05,1.06,17.0,45.0,1.05,39,1.05,-3.5,2.0,1.05,2.04,36.0,1.13,56,1.04,36.0,1.17,17.0,1.06,1.94,25,1.92,34.0,13.0,19.0,15.65,6.75,Barcelona,Granada,Barcelona_Granada_2016
94,2.02,3.75,1.85,3.6,4.1,1.85,4.33,3.5,1.92,1.95,1.95,3.73,4.0,4.2,3.6,1.92,4.04,48,3.8,0.5,1.96,4.0,2.01,1.91,1.94,56,4.2,1.9,2.04,3.75,4.33,1.91,32,1.94,1.91,3.5,3.5,3.54,1.96,Sp Gijon,Sevilla,Sp Gijon_Sevilla_2016
95,10.27,5.15,2.03,4.5,1.45,8.5,1.45,4.75,8.85,10.0,8.5,5.01,1.36,1.36,5.0,9.16,1.38,47,1.36,-1.5,1.79,1.4,2.2,9.25,1.77,56,1.36,7.0,1.85,4.8,1.41,1.75,32,2.12,9.0,4.5,4.5,4.7,2.12,Ath Bilbao,Osasuna,Ath Bilbao_Osasuna_2016
96,3.53,3.4,1.7,3.3,2.1,3.3,2.37,3.25,3.37,3.4,3.4,3.38,2.2,2.2,3.25,3.51,2.23,48,2.25,-0.25,2.0,2.25,1.95,3.5,2.12,55,2.2,3.5,2.22,3.4,2.28,1.94,30,1.91,3.3,3.4,3.25,3.26,1.78,Betis,Espanol,Betis_Espanol_2016
97,2.61,3.22,1.6,3.1,3.15,2.4,3.2,3.2,2.48,2.5,2.5,3.18,3.0,3.1,3.2,2.55,3.04,43,3.0,0.25,2.15,3.2,1.81,2.4,2.3,55,3.1,2.4,2.42,3.2,3.19,2.1,30,1.78,2.55,3.1,3.1,3.14,1.7,Eibar,Villarreal,Eibar_Villarreal_2016
98,3.29,3.5,1.96,3.5,2.4,3.0,2.49,3.4,3.07,3.0,3.2,3.4,2.3,2.38,3.3,3.21,2.35,48,2.3,-0.25,1.89,2.38,2.08,3.1,1.83,56,2.3,2.95,1.92,3.4,2.42,1.85,30,2.01,3.0,3.3,3.3,3.34,2.05,Las Palmas,Celta,Las Palmas_Celta_2016
99,2.66,3.4,1.77,3.2,2.85,2.5,3.0,3.25,2.55,2.6,2.55,3.37,2.88,2.8,3.2,2.66,2.85,47,2.88,0.0,1.89,2.9,2.12,2.5,2.03,53,2.9,2.5,2.1,3.4,2.88,1.84,29,2.0,2.5,3.3,3.25,3.25,1.83,La Coruna,Valencia,La Coruna_Valencia_2016
100,5.83,3.8,1.7,3.6,1.75,5.25,1.77,3.6,5.38,4.75,5.25,3.79,1.67,1.7,3.6,5.83,1.71,45,1.73,-0.75,2.01,1.75,1.97,5.25,2.14,49,1.72,4.8,2.25,3.75,1.71,1.94,31,1.92,5.75,3.6,3.6,3.64,1.8,Malaga,Sp Gijon,Malaga_Sp Gijon_2016
101,3.0,3.25,1.59,3.2,2.6,2.8,2.75,3.2,2.86,2.9,2.8,3.16,2.62,2.7,3.2,2.95,2.64,46,2.6,0.0,2.05,2.5,1.9,2.9,2.34,50,2.55,2.75,2.45,3.2,2.74,1.99,30,1.85,2.88,3.25,3.0,3.11,1.66,Granada,La Coruna,Granada_La Coruna_2016
102,4.2,3.71,2.08,3.4,2.05,3.8,2.05,3.5,3.88,3.75,4.0,3.71,1.91,2.0,3.5,4.04,1.96,47,1.91,-0.75,1.74,2.0,2.3,3.9,1.74,50,1.95,3.8,1.85,3.7,1.99,1.69,28,2.22,3.9,3.3,3.5,3.55,2.2,Las Palmas,Eibar,Las Palmas_Eibar_2016
103,3.55,3.3,1.62,3.1,2.2,3.4,2.35,3.25,3.42,3.1,3.4,3.25,2.25,2.3,3.2,3.54,2.26,45,2.25,-0.25,1.98,2.4,1.98,3.4,2.29,50,2.25,3.45,2.4,3.25,2.32,1.93,29,1.92,3.5,3.2,3.1,3.17,1.67,Osasuna,Alaves,Osasuna_Alaves_2016
104,1.82,3.85,1.74,3.5,5.0,1.7,5.75,3.6,1.72,1.8,1.67,3.82,5.0,5.5,3.6,1.75,5.13,44,5.75,1.0,2.42,4.6,1.67,1.75,2.08,49,5.0,1.7,2.14,3.6,5.37,2.32,32,1.63,1.75,3.7,3.6,3.65,1.85,Sociedad,Ath Madrid,Sociedad_Ath Madrid_2016
105,3.3,3.68,2.08,3.4,2.3,3.0,2.32,3.4,3.14,3.1,3.2,3.68,2.25,2.3,3.4,3.23,2.26,45,2.25,-0.25,1.95,2.25,2.01,3.2,1.73,50,2.25,3.15,1.8,3.6,2.28,1.89,29,1.96,3.13,3.3,3.5,3.45,2.2,Celta,Valencia,Celta_Valencia_2016
106,2.7,3.4,1.67,3.3,2.85,2.5,3.0,3.3,2.56,2.25,2.5,3.34,2.8,2.88,3.2,2.65,2.88,45,3.0,0.0,1.88,3.2,2.08,2.5,2.19,50,2.85,2.5,2.3,3.4,2.92,1.83,30,2.01,2.6,3.3,3.2,3.21,1.72,Espanol,Ath Bilbao,Espanol_Ath Bilbao_2016
107,36.0,17.0,4.6,12.0,1.05,29.0,1.1,12.5,27.03,29.0,23.0,15.0,1.08,1.09,13.0,22.5,1.08,36,1.07,-3.0,1.91,1.06,2.08,31.0,1.18,50,1.07,36.0,1.22,13.0,1.1,1.86,31,1.99,29.0,13.0,12.0,12.49,5.25,Real Madrid,Leganes,Real Madrid_Leganes_2016
108,1.75,4.51,2.9,4.4,5.3,1.62,5.5,4.33,1.64,1.53,1.62,4.51,4.5,4.8,4.2,1.69,4.89,37,5.25,1.0,2.08,5.5,1.88,1.62,1.39,50,5.0,1.65,1.45,4.5,4.84,2.01,33,1.84,1.62,3.8,4.33,4.31,3.1,Sevilla,Barcelona,Sevilla_Barcelona_2016
109,7.5,4.38,1.85,4.0,1.5,6.5,1.64,4.0,6.89,6.0,7.0,4.31,1.5,1.5,4.2,7.36,1.52,46,1.5,-1.0,2.04,1.55,1.94,7.0,1.95,50,1.53,6.5,2.02,4.2,1.53,1.98,33,1.87,7.0,4.2,4.0,4.08,1.92,Villarreal,Betis,Villarreal_Betis_2016
110,3.21,3.5,1.92,3.3,2.4,3.0,2.47,3.3,3.06,3.1,3.1,3.48,2.3,2.3,3.4,3.21,2.36,47,2.35,-0.5,1.67,2.4,2.4,3.1,1.87,51,2.35,2.95,1.95,3.4,2.37,1.63,29,2.33,3.13,3.3,3.3,3.37,2.01,Betis,Las Palmas,Betis_Las Palmas_2016
111,3.15,3.44,1.85,3.2,2.5,2.9,2.6,3.3,2.97,3.1,2.9,3.44,2.4,2.5,3.3,3.12,2.46,48,2.5,-0.25,1.84,2.5,2.14,2.85,1.94,52,2.5,2.85,2.02,3.4,2.44,1.8,29,2.07,3.0,3.3,3.3,3.3,1.95,Ath Madrid,Real Madrid,Ath Madrid_Real Madrid_2016
112,25.0,10.68,3.54,8.5,1.12,21.0,1.16,9.0,20.74,21.0,21.0,10.68,1.13,1.13,9.0,23.62,1.13,42,1.13,-2.5,1.91,1.14,2.08,21.0,1.28,52,1.12,20.0,1.32,10.0,1.13,1.86,33,2.0,21.0,9.0,9.0,9.08,3.85,Barcelona,Malaga,Barcelona_Malaga_2016
113,3.41,3.44,1.84,3.3,2.5,3.25,2.5,3.3,3.21,3.3,3.1,3.32,2.25,2.38,3.25,3.41,2.32,48,2.38,-0.25,1.93,2.3,2.03,3.2,1.95,51,2.3,2.85,2.03,3.4,2.35,1.88,29,1.98,3.25,3.3,3.2,3.27,1.91,Eibar,Celta,Eibar_Celta_2016
114,2.35,3.5,1.82,3.4,3.3,2.2,3.45,3.3,2.24,2.25,2.2,3.44,3.3,3.3,3.4,2.3,3.28,48,3.3,0.25,1.97,3.3,1.98,2.2,1.98,52,3.4,2.2,2.05,3.4,3.4,1.93,31,1.93,2.3,3.35,3.3,3.35,1.9,La Coruna,Sevilla,La Coruna_Sevilla_2016
115,3.17,3.21,1.57,3.2,2.5,3.0,2.65,3.1,3.06,3.1,3.1,3.21,2.4,2.55,3.1,3.17,2.49,47,2.5,-0.25,1.8,2.5,2.2,3.1,2.37,52,2.45,3.0,2.5,3.2,2.54,1.76,29,2.13,3.1,3.1,3.0,3.12,1.61,Alaves,Espanol,Alaves_Espanol_2016
116,3.95,3.4,1.59,3.3,2.0,3.6,2.2,3.25,3.65,3.5,3.5,3.35,2.1,2.1,3.3,3.89,2.14,47,2.15,-0.25,2.1,2.2,1.86,3.7,2.34,52,2.1,3.8,2.45,3.3,2.15,2.04,29,1.83,3.7,3.4,3.1,3.24,1.65,Ath Bilbao,Villarreal,Ath Bilbao_Villarreal_2016
117,2.36,3.35,1.65,3.3,3.35,2.2,3.59,3.3,2.25,2.3,2.2,3.33,3.4,3.4,3.3,2.31,3.36,47,3.4,0.25,1.98,3.3,1.99,2.25,2.21,51,3.3,2.2,2.35,3.3,3.5,1.92,29,1.94,2.2,3.3,3.2,3.25,1.72,Sp Gijon,Sociedad,Sp Gijon_Sociedad_2016
118,10.67,5.5,2.31,5.0,1.4,9.5,1.4,5.25,9.24,9.0,8.5,5.42,1.33,1.33,5.5,10.67,1.34,43,1.33,-1.5,1.92,1.36,2.05,9.0,1.59,52,1.34,7.5,1.66,5.5,1.35,1.87,32,1.98,9.5,4.8,5.0,5.11,2.42,Valencia,Granada,Valencia_Granada_2016
119,4.9,3.5,1.62,3.4,1.9,4.5,1.96,3.4,4.47,4.5,4.5,3.44,1.85,1.83,3.5,4.9,1.88,48,1.85,-0.75,1.77,1.91,2.23,4.5,2.27,51,1.87,4.1,2.41,3.5,1.9,1.73,27,2.15,4.6,3.5,3.25,3.4,1.68,Leganes,Osasuna,Leganes_Osasuna_2016
120,4.4,3.5,1.71,3.4,2.0,4.2,2.0,3.4,4.13,4.0,4.2,3.41,1.95,2.0,3.4,4.4,1.97,45,1.95,-0.5,1.95,2.0,2.0,4.1,2.12,49,1.95,3.8,2.21,3.4,2.0,1.9,26,1.95,4.2,3.4,3.25,3.38,1.8,Eibar,Betis,Eibar_Betis_2016
121,5.34,3.5,1.54,3.3,1.85,5.0,1.92,3.4,4.87,5.0,4.75,3.47,1.8,1.87,3.4,5.34,1.83,41,1.85,-0.5,2.12,1.85,1.87,4.75,2.44,49,1.83,4.3,2.6,3.4,1.83,2.02,25,1.83,5.0,3.5,3.3,3.36,1.6,Espanol,Leganes,Espanol_Leganes_2016
122,4.3,3.5,1.64,3.3,1.85,4.0,2.08,3.3,4.0,4.0,4.2,3.46,1.95,2.05,3.25,4.27,2.01,45,2.0,-0.25,2.27,2.05,1.76,4.1,2.23,49,2.0,4.3,2.35,3.4,2.02,2.16,26,1.72,4.0,3.5,3.25,3.33,1.7,Malaga,La Coruna,Malaga_La Coruna_2016
123,46.0,16.0,5.27,13.0,1.05,34.0,1.1,15.5,29.79,34.0,34.0,15.0,1.07,1.05,13.0,32.5,1.07,35,1.06,-3.25,1.91,1.08,2.05,21.0,1.15,48,1.07,36.0,1.18,15.0,1.08,1.87,27,1.99,46.0,13.0,13.0,13.2,5.75,Real Madrid,Sp Gijon,Real Madrid_Sp Gijon_2016
124,5.0,4.15,2.3,3.75,1.75,4.5,1.82,3.75,4.59,5.0,5.0,4.03,1.73,1.75,3.75,4.75,1.75,41,1.73,-1.0,1.7,1.75,2.35,4.75,1.6,49,1.75,4.8,1.65,4.0,1.78,1.66,29,2.26,4.6,3.6,3.8,3.88,2.4,Sevilla,Valencia,Sevilla_Valencia_2016
125,7.0,4.4,2.02,4.0,1.5,6.0,1.62,4.1,6.14,6.5,7.0,4.31,1.55,1.55,4.0,6.51,1.55,45,1.53,-1.0,1.96,1.57,2.02,6.5,1.78,49,1.53,6.5,1.87,4.2,1.58,1.89,30,1.95,6.0,4.2,4.0,4.11,2.12,Celta,Granada,Celta_Granada_2016
126,1.36,5.75,1.91,5.0,8.0,1.3,13.5,5.5,1.3,1.33,1.3,5.44,11.0,13.0,5.25,1.32,11.4,46,11.0,1.5,1.98,11.0,1.98,1.3,1.88,49,10.0,1.35,1.95,5.4,11.58,1.92,29,1.92,1.3,5.3,5.0,5.23,2.02,Osasuna,Ath Madrid,Osasuna_Ath Madrid_2016
127,1.6,4.85,2.51,4.5,5.2,1.5,7.02,4.4,1.48,1.5,1.44,4.83,6.0,6.5,4.75,1.49,6.36,37,7.0,1.0,1.8,6.5,2.21,1.5,1.51,49,6.25,1.6,1.55,4.8,7.02,1.74,29,2.13,1.45,4.2,4.5,4.63,2.62,Sociedad,Barcelona,Sociedad_Barcelona_2016
128,8.49,4.2,1.67,3.75,1.5,8.0,1.58,3.9,7.59,8.0,7.5,4.1,1.5,1.5,4.0,8.49,1.51,45,1.5,-1.0,2.01,1.53,1.93,7.0,2.18,49,1.53,6.5,2.25,4.1,1.52,1.96,29,1.89,8.0,4.2,3.8,3.94,1.74,Villarreal,Alaves,Villarreal_Alaves_2016
129,2.95,3.41,1.84,3.3,2.4,2.75,2.74,3.4,2.77,2.8,2.8,3.29,2.62,2.6,3.4,2.86,2.6,46,2.5,0.0,2.02,2.62,1.92,2.75,1.95,47,2.55,2.95,2.03,3.4,2.74,1.97,26,1.87,2.7,3.3,3.1,3.28,1.9,Las Palmas,Ath Bilbao,Las Palmas_Ath Bilbao_2016
130,18.5,6.5,2.03,5.5,1.3,15.0,1.3,6.0,14.93,17.0,15.0,6.33,1.22,1.22,6.0,17.25,1.23,41,1.22,-2.0,1.67,1.25,2.41,12.5,1.78,47,1.25,9.5,1.85,6.25,1.24,1.64,28,2.3,17.0,5.5,5.75,5.97,2.15,Ath Madrid,Espanol,Ath Madrid_Espanol_2016
131,4.2,4.25,2.86,4.0,1.85,4.0,1.93,4.1,3.92,4.0,4.2,4.18,1.85,1.85,4.2,4.09,1.85,32,1.85,-1.0,1.62,1.85,2.5,4.0,1.4,47,1.87,4.0,1.45,4.2,1.86,1.59,26,2.41,4.0,3.8,4.0,4.02,3.0,Barcelona,Real Madrid,Barcelona_Real Madrid_2016
132,1.87,3.85,1.95,3.5,4.3,1.75,4.98,3.7,1.79,1.83,1.8,3.85,4.5,4.75,3.5,1.79,4.59,44,4.75,1.0,2.53,4.8,1.62,1.78,1.85,47,4.5,1.85,1.92,3.8,4.98,2.41,29,1.58,1.8,3.5,3.6,3.65,2.03,Granada,Sevilla,Granada_Sevilla_2016
133,2.4,3.3,1.54,3.2,2.95,2.25,3.8,3.2,2.27,2.3,2.25,3.22,3.4,3.5,2.9,2.31,3.47,38,3.8,0.25,2.03,3.4,1.96,2.2,2.46,47,3.5,2.4,2.6,3.2,3.6,1.94,25,1.91,2.3,3.3,3.0,3.12,1.57,Leganes,Villarreal,Leganes_Villarreal_2016
134,3.16,3.33,1.74,3.2,2.4,3.0,2.55,3.25,2.99,3.1,3.0,3.22,2.4,2.45,3.2,3.16,2.48,42,2.5,-0.25,1.83,2.5,2.16,2.9,2.08,46,2.5,3.05,2.2,3.25,2.54,1.78,25,2.09,3.0,3.2,3.1,3.19,1.79,Alaves,Las Palmas,Alaves_Las Palmas_2016
135,4.8,3.7,1.75,3.3,1.75,4.5,1.94,3.4,4.47,4.8,4.75,3.46,1.85,1.91,3.4,4.71,1.88,41,1.85,-0.75,1.76,1.91,2.25,4.75,2.07,45,1.85,4.7,2.16,3.5,1.93,1.72,24,2.17,4.5,3.7,3.3,3.4,1.85,Ath Bilbao,Eibar,Ath Bilbao_Eibar_2016
136,3.2,3.4,1.81,3.3,2.4,3.0,2.58,3.3,3.04,3.1,3.1,3.31,2.38,2.45,3.25,3.16,2.41,43,2.38,-0.25,1.85,2.4,2.13,3.1,2.0,47,2.35,2.95,2.1,3.3,2.49,1.81,25,2.05,3.1,3.3,3.2,3.27,1.87,Betis,Celta,Betis_Celta_2016
137,4.3,3.41,1.7,3.3,2.15,4.0,2.15,3.3,3.89,4.0,4.0,3.34,2.0,2.0,3.3,4.16,2.03,41,2.0,-0.75,1.67,2.05,2.44,3.8,2.15,45,2.05,3.6,2.25,3.4,2.08,1.61,24,2.36,3.9,3.2,3.2,3.33,1.74,Sp Gijon,Osasuna,Sp Gijon_Osasuna_2016
138,5.06,4.01,1.99,3.75,1.9,4.75,1.9,3.75,4.67,4.5,5.0,4.01,1.73,1.73,3.6,5.06,1.76,43,1.75,-1.0,1.66,1.8,2.45,4.5,1.82,46,1.78,4.1,1.9,3.9,1.75,1.62,28,2.34,4.6,3.5,3.75,3.77,2.07,Valencia,Malaga,Valencia_Malaga_2016
139,2.6,3.3,1.66,3.25,2.85,2.5,3.11,3.2,2.51,2.5,2.5,3.22,2.9,2.9,3.1,2.58,2.97,43,3.1,0.25,2.21,3.0,1.78,2.5,2.2,45,2.95,2.5,2.28,3.25,3.11,2.14,23,1.74,2.5,3.3,3.1,3.17,1.72,La Coruna,Sociedad,La Coruna_Sociedad_2016
140,5.85,4.2,2.02,4.0,1.7,5.5,1.7,4.0,5.46,5.5,5.75,4.18,1.62,1.65,4.0,5.67,1.64,48,1.6,-1.0,1.83,1.65,2.28,5.25,1.79,51,1.65,5.0,2.02,4.0,1.65,1.76,28,2.11,5.75,3.7,3.8,3.98,2.15,Malaga,Granada,Malaga_Granada_2016
141,5.1,3.81,1.81,3.6,1.8,4.75,1.85,3.8,4.7,4.8,4.75,3.76,1.75,1.8,3.5,4.89,1.79,47,1.8,-0.75,1.9,1.8,2.11,4.6,1.99,50,1.75,4.5,2.06,3.7,1.82,1.84,24,2.02,4.8,3.6,3.5,3.62,1.88,Las Palmas,Leganes,Las Palmas_Leganes_2016
142,1.25,8.52,3.06,7.0,11.0,1.18,18.5,7.25,1.19,1.2,1.18,7.85,15.0,17.0,7.5,1.2,15.39,39,15.0,2.0,1.92,17.0,2.12,1.2,1.36,49,13.0,1.25,1.4,7.5,17.1,1.82,26,2.04,1.18,6.0,7.5,7.26,3.32,Osasuna,Barcelona,Osasuna_Barcelona_2016
143,27.0,9.35,3.28,7.0,,15.0,1.21,8.5,16.27,15.0,15.0,8.25,1.18,1.18,8.0,16.85,1.17,38,1.17,-2.0,2.35,1.2,1.9,15.0,1.33,51,1.16,,1.38,8.0,1.19,2.06,23,1.81,15.0,,7.0,7.77,3.9,Real Madrid,La Coruna,Real Madrid_La Coruna_2016
144,4.15,3.82,2.05,3.6,2.0,3.8,2.01,3.7,3.88,4.0,3.8,3.81,1.91,1.95,3.75,4.03,1.94,46,1.91,-0.5,2.01,1.95,2.01,3.9,1.75,50,1.91,3.8,1.89,3.8,1.96,1.95,26,1.93,3.9,3.4,3.6,3.66,2.15,Sociedad,Valencia,Sociedad_Valencia_2016
145,2.5,3.35,1.68,3.2,3.15,2.38,3.35,3.2,2.39,2.4,2.38,3.35,3.0,3.2,3.25,2.47,3.12,45,3.1,0.25,2.13,3.2,1.86,2.35,2.18,49,3.2,2.3,2.3,3.25,3.15,2.05,23,1.82,2.3,3.3,3.2,3.23,1.75,Betis,Ath Bilbao,Betis_Ath Bilbao_2016
146,2.7,3.55,2.04,3.3,2.85,2.6,2.85,3.3,2.62,2.7,2.63,3.55,2.62,2.7,3.3,2.68,2.71,45,2.75,0.0,1.97,2.7,1.99,2.65,1.76,49,2.7,2.5,1.83,3.5,2.74,1.9,24,1.95,2.7,3.3,3.4,3.36,2.12,Celta,Sevilla,Celta_Sevilla_2016
147,5.01,3.6,1.61,3.4,2.0,4.75,2.0,3.4,4.63,4.8,4.5,3.53,1.83,1.85,3.6,5.01,1.85,44,1.83,-0.25,2.51,1.85,1.66,4.6,2.29,49,1.87,3.8,2.38,3.6,1.86,2.41,24,1.59,4.8,3.4,3.3,3.43,1.67,Eibar,Alaves,Eibar_Alaves_2016
148,5.8,3.8,1.67,3.5,1.75,5.25,1.77,3.7,5.27,5.5,5.0,3.7,1.7,1.7,3.75,5.8,1.72,44,1.73,-0.75,1.96,1.75,1.99,5.0,2.19,48,1.72,4.8,2.3,3.7,1.73,1.92,22,1.94,5.25,3.6,3.5,3.6,1.74,Espanol,Sp Gijon,Espanol_Sp Gijon_2016
149,2.0,3.5,1.58,3.3,3.8,1.91,4.86,3.5,1.92,1.95,1.85,3.44,4.33,4.3,3.5,1.96,4.32,41,4.5,0.5,1.98,4.5,2.01,1.9,2.36,48,4.25,2.0,2.5,3.4,4.54,1.93,22,1.93,1.93,3.4,3.3,3.36,2.03,Villarreal,Ath Madrid,Villarreal_Ath Madrid_2016
150,3.75,3.35,1.56,3.1,2.2,3.3,2.5,3.1,3.36,3.5,3.4,3.12,2.3,2.4,3.1,3.5,2.36,41,2.3,-0.25,1.9,2.3,2.05,3.4,2.41,50,2.35,3.3,2.54,3.13,2.42,1.86,27,2.0,3.3,3.35,3.0,3.1,1.61,Alaves,Betis,Alaves_Betis_2016
151,12.88,5.95,2.29,5.5,1.3,11.0,1.35,5.5,10.89,11.0,9.5,5.81,1.3,1.3,5.5,11.66,1.3,42,1.29,-1.5,2.04,1.3,1.92,10.5,1.61,49,1.3,9.5,1.67,5.75,1.31,1.98,29,1.87,12.0,5.5,5.25,5.46,2.38,Ath Madrid,Las Palmas,Ath Madrid_Las Palmas_2016
152,2.18,3.6,1.83,3.5,3.5,2.05,3.85,3.6,2.07,2.05,2.0,3.56,3.5,3.6,3.4,2.11,3.67,44,3.75,0.5,2.13,3.8,1.84,2.0,1.96,50,3.7,2.1,2.05,3.6,3.76,2.07,23,1.8,2.1,3.4,3.4,3.44,1.91,Granada,Sociedad,Granada_Sociedad_2016
153,7.0,4.6,2.3,4.33,1.55,6.0,1.6,4.2,6.2,6.5,6.5,4.55,1.53,1.55,4.1,6.42,1.53,40,1.5,-1.0,2.03,1.53,1.92,6.25,1.6,49,1.53,6.2,1.66,4.4,1.55,1.99,27,1.86,6.25,4.0,4.2,4.31,2.44,Sevilla,Malaga,Sevilla_Malaga_2016
154,2.3,3.42,1.61,3.3,3.5,2.15,3.75,3.3,2.18,2.2,2.2,3.33,3.5,3.6,3.3,2.23,3.53,41,3.25,0.25,1.92,3.6,2.03,2.15,2.28,49,3.5,2.1,2.38,3.4,3.68,1.87,25,1.98,2.2,3.4,3.1,3.28,1.68,Sp Gijon,Villarreal,Sp Gijon_Villarreal_2016
155,29.71,12.38,3.23,11.0,1.17,29.0,1.17,11.0,24.66,26.0,26.0,11.58,1.11,1.09,10.0,27.71,1.1,32,1.1,-2.5,2.02,1.1,1.93,21.0,1.33,49,1.1,15.0,1.38,11.5,1.11,1.97,27,1.88,21.0,7.5,10.0,10.21,3.4,Barcelona,Espanol,Barcelona_Espanol_2016
156,7.0,4.3,1.88,3.8,1.7,6.0,1.7,3.8,6.24,6.5,6.0,4.11,1.55,1.53,3.75,6.82,1.57,44,1.57,-1.0,1.93,1.6,2.04,7.0,1.92,50,1.55,5.0,2.0,4.2,1.59,1.88,28,1.97,6.25,3.7,3.8,3.99,1.96,La Coruna,Osasuna,La Coruna_Osasuna_2016
157,3.15,3.2,1.56,3.0,2.4,2.9,2.77,3.0,2.92,3.0,2.88,3.09,2.62,2.7,3.1,3.02,2.63,42,2.55,0.0,2.07,2.7,1.89,3.0,2.39,50,2.6,3.15,2.55,3.2,2.74,2.01,26,1.84,2.9,3.1,3.0,3.09,1.62,Leganes,Eibar,Leganes_Eibar_2016
158,4.5,3.68,1.86,3.5,1.8,4.2,1.97,3.5,4.29,4.33,4.33,3.68,1.85,1.85,3.5,4.47,1.88,43,1.83,-0.75,1.79,1.91,2.19,4.4,1.93,49,1.87,4.5,2.01,3.6,1.91,1.75,22,2.12,4.3,3.6,3.5,3.53,1.94,Ath Bilbao,Celta,Ath Bilbao_Celta_2016
159,4.15,3.4,1.6,3.3,2.0,3.8,2.18,3.3,3.88,3.8,3.8,3.25,2.05,2.1,3.3,4.15,2.07,48,2.05,-0.5,1.85,2.1,2.14,3.9,2.32,51,2.05,3.8,2.49,3.4,2.12,1.81,27,2.07,3.9,3.4,3.1,3.28,1.7,Espanol,La Coruna,Espanol_La Coruna_2016
160,1.77,3.8,1.68,3.5,5.3,1.7,5.75,3.6,1.71,1.75,1.73,3.78,5.0,5.4,3.5,1.75,5.38,47,5.5,1.0,2.41,5.5,1.69,1.72,2.18,50,5.25,1.65,2.28,3.75,5.48,2.3,25,1.64,1.73,3.8,3.5,3.64,1.74,Eibar,Ath Madrid,Eibar_Ath Madrid_2016
161,5.76,4.12,1.98,3.75,1.7,5.25,1.71,3.9,5.29,5.5,5.5,4.12,1.65,1.67,3.75,5.76,1.67,47,1.67,-1.0,1.78,1.7,2.19,5.25,1.82,49,1.67,5.0,1.88,4.0,1.66,1.73,25,2.14,5.5,3.7,3.8,3.9,2.06,Las Palmas,Sp Gijon,Las Palmas_Sp Gijon_2016
162,41.59,17.33,4.99,13.0,1.07,29.0,1.1,12.5,28.44,34.0,26.0,16.25,1.08,1.07,13.0,27.0,1.07,37,1.07,-3.0,2.0,1.08,1.97,29.0,1.16,50,1.07,26.0,1.2,15.0,1.08,1.94,27,1.91,34.0,12.0,12.0,13.06,6.15,Real Madrid,Granada,Real Madrid_Granada_2016
163,3.25,3.62,2.11,3.5,2.3,3.0,2.4,3.4,3.08,3.1,3.2,3.62,2.25,2.3,3.4,3.14,2.3,46,2.25,-0.25,1.92,2.3,2.03,3.1,1.71,49,2.3,3.15,1.8,3.5,2.35,1.88,25,1.99,3.13,3.3,3.4,3.47,2.23,Sociedad,Sevilla,Sociedad_Sevilla_2016
164,7.5,4.14,1.72,3.8,1.57,6.0,1.61,4.0,6.58,7.0,7.5,4.14,1.57,1.57,3.8,6.64,1.56,47,1.53,-1.0,1.9,1.57,2.07,6.25,2.11,50,1.57,6.1,2.18,4.0,1.59,1.85,27,1.99,7.0,3.9,3.8,3.92,1.8,Ath Bilbao,Alaves,Ath Bilbao_Alaves_2016
165,4.06,3.4,1.53,3.2,2.0,3.75,2.19,3.3,3.79,3.8,3.75,3.21,2.1,2.1,3.25,3.96,2.12,44,2.1,-0.25,2.14,2.15,1.86,3.9,2.47,50,2.05,3.8,2.62,3.2,2.19,2.06,26,1.82,3.75,3.4,3.0,3.22,1.6,Betis,Leganes,Betis_Leganes_2016
166,4.43,3.85,2.02,3.75,1.9,4.2,1.92,3.7,4.16,4.33,4.33,3.78,1.85,1.85,3.6,4.42,1.87,48,1.85,-0.5,2.06,1.85,1.9,4.1,1.79,50,1.87,4.1,1.84,3.8,1.88,1.99,24,1.86,4.1,3.5,3.6,3.69,2.14,Celta,Malaga,Celta_Malaga_2016
167,1.59,4.66,2.3,4.2,6.2,1.55,6.25,4.6,1.54,1.57,1.53,4.54,5.5,5.75,4.33,1.58,5.86,47,6.0,1.0,1.96,6.0,2.04,1.5,1.61,50,6.0,1.55,1.67,4.5,5.91,1.89,27,1.95,1.53,4.0,4.2,4.37,2.42,Villarreal,Barcelona,Villarreal_Barcelona_2016
168,2.02,3.74,1.9,3.6,3.8,1.95,4.1,3.6,1.96,1.95,1.95,3.74,3.75,3.8,3.5,2.01,3.86,48,4.0,0.5,2.01,4.0,1.93,1.95,1.89,50,3.9,2.0,2.0,3.6,3.92,1.96,24,1.89,1.95,3.4,3.5,3.59,1.98,Osasuna,Valencia,Osasuna_Valencia_2016
169,20.8,6.9,2.09,6.0,1.22,17.0,1.26,6.5,16.58,17.0,17.0,6.7,1.2,1.2,6.5,18.2,1.21,45,1.2,-1.5,2.3,1.22,1.71,12.5,1.74,49,1.22,13.5,1.82,6.5,1.22,2.23,26,1.68,20.0,6.2,6.0,6.3,2.2,Ath Madrid,Betis,Ath Madrid_Betis_2016
170,29.0,13.22,4.29,10.0,1.07,23.0,1.14,11.0,23.5,26.0,26.0,13.22,1.11,1.1,11.0,25.51,1.1,34,1.1,-2.5,2.14,1.11,1.82,19.0,1.21,49,1.1,26.0,1.25,11.5,1.1,2.08,26,1.78,29.0,12.0,10.0,10.84,4.95,Barcelona,Las Palmas,Barcelona_Las Palmas_2016
171,2.91,3.25,1.58,3.1,2.75,2.8,2.81,3.1,2.79,2.8,2.8,3.22,2.62,2.75,3.1,2.91,2.71,45,2.7,0.0,2.02,2.75,1.93,2.8,2.36,49,2.7,2.6,2.49,3.13,2.73,1.96,28,1.89,2.88,3.25,3.0,3.12,1.65,La Coruna,Villarreal,La Coruna_Villarreal_2016
172,2.43,3.3,1.51,3.1,3.15,2.3,3.47,3.1,2.37,2.4,2.38,3.18,3.3,3.4,3.1,2.4,3.29,43,3.25,0.25,2.05,3.3,1.9,2.4,2.53,49,3.2,2.3,2.67,3.2,3.46,2.0,25,1.86,2.38,3.3,3.0,3.13,1.57,Leganes,Ath Bilbao,Leganes_Ath Bilbao_2016
173,5.85,3.87,1.84,3.75,1.7,5.5,1.75,3.8,5.28,5.0,5.25,3.75,1.67,1.67,3.75,5.74,1.7,48,1.7,-0.75,2.0,1.75,1.94,5.25,1.96,51,1.67,5.0,2.06,3.8,1.72,1.96,25,1.9,5.2,3.7,3.5,3.7,1.93,Celta,Alaves,Celta_Alaves_2016
174,4.15,3.53,1.76,3.4,2.0,3.8,2.1,3.4,3.85,3.8,3.8,3.53,2.0,2.0,3.4,3.98,2.01,45,2.05,-0.5,1.9,2.05,2.06,3.9,2.05,49,2.0,3.8,2.15,3.5,2.06,1.86,26,2.01,3.8,3.4,3.4,3.43,1.85,Granada,Osasuna,Granada_Osasuna_2016
175,2.02,4.04,2.63,3.75,3.6,1.95,3.85,3.9,1.97,1.95,1.95,3.93,3.4,3.5,3.8,2.02,3.62,36,3.6,0.5,2.01,3.8,1.93,1.95,1.47,49,3.6,2.0,1.52,4.0,3.71,1.97,24,1.9,1.95,3.6,3.8,3.8,2.75,Sevilla,Real Madrid,Sevilla_Real Madrid_2016
176,2.7,3.3,1.7,3.2,2.7,2.5,2.98,3.2,2.57,2.62,2.6,3.3,2.88,2.88,3.1,2.62,2.87,44,2.9,0.0,1.88,2.9,2.11,2.6,2.13,48,2.85,2.7,2.2,3.25,2.98,1.82,28,2.04,2.55,3.2,3.1,3.21,1.79,Sp Gijon,Eibar,Sp Gijon_Eibar_2016
177,4.22,3.75,1.94,3.6,1.9,4.0,2.0,3.7,3.96,4.0,4.0,3.63,1.91,1.95,3.6,4.18,1.95,46,1.91,-0.5,1.97,1.95,2.01,3.9,1.86,49,1.91,4.1,1.93,3.75,1.98,1.91,26,1.96,3.9,3.5,3.4,3.55,2.0,Valencia,Espanol,Valencia_Espanol_2016
178,3.09,3.41,1.82,3.3,2.5,2.9,2.55,3.25,2.97,3.0,3.0,3.39,2.4,2.45,3.3,3.09,2.46,46,2.4,-0.25,1.82,2.5,2.16,2.95,1.97,48,2.45,2.85,2.06,3.4,2.49,1.79,23,2.1,2.88,3.3,3.2,3.28,1.89,Malaga,Sociedad,Malaga_Sociedad_2016
179,3.44,3.4,1.79,3.4,2.3,3.1,2.46,3.3,3.23,3.3,3.3,3.35,2.3,2.38,3.3,3.29,2.33,47,2.25,-0.25,1.91,2.25,2.05,3.3,2.02,50,2.25,3.15,2.1,3.3,2.4,1.86,26,2.01,3.25,3.3,3.2,3.28,1.87,Las Palmas,La Coruna,Las Palmas_La Coruna_2016
180,3.75,3.22,1.47,3.1,2.2,3.5,2.31,3.0,3.63,3.6,3.6,3.17,2.25,2.3,3.1,3.69,2.23,44,2.2,-0.25,2.0,2.25,1.97,3.75,2.65,51,2.2,3.5,2.85,3.13,2.3,1.95,27,1.92,3.6,3.15,3.0,3.11,1.51,Alaves,Leganes,Alaves_Leganes_2016
181,6.6,4.1,1.75,3.75,1.65,6.0,1.66,3.9,6.15,6.5,6.0,3.93,1.62,1.62,4.0,6.26,1.6,47,1.57,-1.0,1.82,1.62,2.18,6.25,2.07,51,1.57,5.3,2.15,4.0,1.65,1.78,28,2.1,6.25,3.8,3.75,3.86,1.82,Espanol,Granada,Espanol_Granada_2016
182,22.0,10.5,3.91,9.0,1.17,19.0,1.17,10.5,18.15,17.0,17.0,10.5,1.14,1.14,10.0,20.25,1.13,37,1.13,-2.5,1.95,1.14,2.05,20.0,1.24,51,1.1,15.0,1.28,10.0,1.14,1.88,28,1.97,19.0,7.5,9.0,9.4,4.25,Real Madrid,Malaga,Real Madrid_Malaga_2016
183,4.63,3.7,1.83,3.6,1.9,4.33,1.96,3.6,4.31,4.2,4.33,3.69,1.83,1.9,3.6,4.63,1.88,47,1.85,-0.5,2.06,1.91,1.93,4.0,1.98,50,1.91,4.1,2.05,3.6,1.88,2.01,26,1.86,4.5,3.5,3.5,3.56,1.89,Villarreal,Valencia,Villarreal_Valencia_2016
184,2.15,3.4,1.58,3.2,3.5,2.05,4.04,3.3,2.08,2.1,2.05,3.35,3.8,3.9,3.2,2.1,3.86,44,4.0,0.5,2.13,4.0,1.85,2.05,2.35,50,3.9,2.1,2.48,3.3,4.07,2.08,24,1.8,2.15,3.4,3.2,3.26,1.64,Ath Bilbao,Ath Madrid,Ath Bilbao_Ath Madrid_2016
185,5.83,3.8,1.7,3.5,1.7,5.25,1.76,3.7,5.33,5.5,5.25,3.78,1.7,1.7,3.6,5.83,1.71,46,1.73,-1.0,1.68,1.75,2.42,5.25,2.13,50,1.7,5.0,2.2,3.7,1.71,1.64,25,2.3,5.25,3.7,3.5,3.65,1.77,Betis,Sp Gijon,Betis_Sp Gijon_2016
186,1.35,6.14,2.77,5.5,11.0,1.3,11.25,6.0,1.3,1.3,1.29,6.01,9.0,9.0,6.0,1.32,9.71,37,9.5,1.5,1.92,11.0,2.07,1.26,1.43,50,11.0,1.25,1.47,5.75,10.23,1.85,26,2.0,1.3,6.0,5.5,5.79,3.0,Eibar,Barcelona,Eibar_Barcelona_2016
187,1.65,4.66,2.22,4.5,5.3,1.53,6.65,4.4,1.53,1.53,1.53,4.57,6.0,6.25,4.33,1.55,6.1,47,6.0,1.0,1.9,6.0,2.05,1.5,1.65,51,6.5,1.65,1.73,4.6,6.35,1.86,27,2.0,1.53,3.8,4.33,4.39,2.31,Osasuna,Sevilla,Osasuna_Sevilla_2016
188,4.19,3.7,1.96,3.6,2.1,3.8,2.1,3.4,3.87,3.8,3.8,3.68,1.91,1.95,3.6,4.19,1.97,47,1.95,-0.5,1.97,2.0,2.01,3.9,1.83,50,2.0,3.5,1.89,3.6,1.96,1.91,26,1.96,3.8,3.4,3.4,3.56,2.05,Sociedad,Celta,Sociedad_Celta_2016
189,2.65,3.4,1.76,3.4,2.95,2.5,3.13,3.3,2.52,2.5,2.5,3.36,2.9,2.9,3.3,2.57,2.91,47,2.88,0.0,1.85,2.88,2.16,2.5,2.06,51,2.85,2.4,2.15,3.3,3.0,1.8,27,2.08,2.6,3.3,3.2,3.3,1.83,Osasuna,Malaga,Osasuna_Malaga_2016
190,1.71,3.8,1.58,3.5,5.3,1.65,6.82,3.6,1.64,1.67,1.62,3.71,6.0,6.25,3.6,1.66,6.2,46,6.0,1.0,2.3,6.5,1.74,1.65,2.36,50,6.0,1.65,2.48,3.75,6.74,2.21,27,1.7,1.65,3.8,3.5,3.63,1.64,Alaves,Ath Madrid,Alaves_Ath Madrid_2016
191,3.82,3.38,1.66,3.2,2.2,3.5,2.22,3.3,3.58,3.6,3.75,3.38,2.1,2.15,3.25,3.73,2.16,46,2.1,-0.25,2.09,2.2,1.88,3.5,2.2,50,2.15,3.4,2.28,3.3,2.19,2.03,26,1.84,3.75,3.25,3.25,3.28,1.73,Eibar,La Coruna,Eibar_La Coruna_2016
192,3.44,3.28,1.6,3.2,2.6,3.3,2.6,3.25,3.24,3.2,3.4,3.23,2.3,2.38,3.1,3.44,2.37,46,2.3,-0.25,1.91,2.4,2.04,3.2,2.32,50,2.35,2.8,2.44,3.2,2.38,1.87,26,2.0,3.4,3.2,3.1,3.18,1.65,Leganes,Celta,Leganes_Celta_2016
193,10.66,5.08,1.9,4.5,1.37,10.0,1.42,5.0,9.58,10.0,9.5,5.08,1.36,1.36,4.75,10.66,1.37,47,1.36,-1.25,2.08,1.4,1.89,9.0,1.89,50,1.35,8.0,1.97,4.8,1.37,2.02,25,1.85,10.0,5.0,4.5,4.75,1.97,Villarreal,Granada,Villarreal_Granada_2016
194,11.35,5.25,2.05,5.0,1.37,10.0,1.38,5.25,9.98,9.0,9.5,5.14,1.33,1.33,4.75,11.35,1.34,45,1.36,-1.5,1.9,1.36,2.07,8.25,1.76,49,1.36,8.0,1.83,5.0,1.36,1.85,26,2.0,10.5,5.0,4.75,4.96,2.13,Ath Bilbao,Sp Gijon,Ath Bilbao_Sp Gijon_2016
195,1.3,6.5,2.85,6.5,11.0,1.25,13.37,5.75,1.26,1.25,1.25,6.5,11.0,11.5,6.0,1.26,11.49,36,12.0,1.75,1.83,12.0,2.15,1.25,1.4,49,12.5,1.25,1.46,6.5,13.36,1.76,22,2.11,1.25,6.0,6.0,6.08,3.1,Betis,Barcelona,Betis_Barcelona_2016
196,2.28,3.63,1.94,3.5,3.5,2.15,3.6,3.4,2.18,2.25,2.2,3.63,3.3,3.4,3.4,2.21,3.33,46,3.3,0.25,1.92,3.2,2.03,2.15,1.86,48,3.4,2.1,1.95,3.5,3.43,1.88,23,1.98,2.2,3.4,3.4,3.47,2.03,Espanol,Sevilla,Espanol_Sevilla_2016
197,12.38,7.16,3.26,6.5,1.25,10.0,1.3,6.5,10.79,12.0,10.0,7.16,1.25,1.25,6.5,11.96,1.25,36,1.25,-2.0,1.77,1.25,2.2,10.5,1.33,49,1.25,10.0,1.36,6.5,1.25,1.74,25,2.14,10.5,6.5,6.0,6.43,3.85,Real Madrid,Sociedad,Real Madrid_Sociedad_2016
198,2.92,3.57,2.01,3.5,2.5,2.75,2.65,3.3,2.8,2.8,2.8,3.57,2.5,2.5,3.4,2.82,2.51,43,2.5,0.0,2.08,2.5,1.88,2.85,1.79,46,2.5,2.85,1.85,3.5,2.59,2.02,24,1.83,2.75,3.3,3.4,3.4,2.1,Las Palmas,Valencia,Las Palmas_Valencia_2016
199,15.85,5.5,1.78,5.0,1.3,13.0,1.33,5.5,13.82,15.0,15.0,5.47,1.29,1.3,5.0,15.13,1.29,41,1.29,-1.5,1.93,1.3,2.03,12.0,2.04,44,1.28,9.5,2.13,5.5,1.3,1.89,27,1.96,13.0,5.5,4.75,5.1,1.83,Ath Madrid,Leganes,Ath Madrid_Leganes_2016
200,13.01,7.19,3.3,6.0,1.25,12.0,1.28,6.75,11.97,13.0,13.0,7.19,1.22,1.22,6.5,12.68,1.24,31,1.22,-2.0,1.88,1.25,2.07,11.5,1.32,44,1.22,11.0,1.35,6.5,1.25,1.84,27,2.02,13.0,6.0,6.5,6.56,3.47,Barcelona,Ath Bilbao,Barcelona_Ath Bilbao_2016
201,3.77,3.42,1.69,3.3,2.1,3.5,2.23,3.25,3.57,3.6,3.6,3.34,2.15,2.15,3.4,3.72,2.15,41,2.1,-0.25,2.08,2.2,1.89,3.6,2.17,44,2.15,3.5,2.28,3.4,2.21,2.02,27,1.85,3.7,3.4,3.2,3.33,1.75,Malaga,Espanol,Malaga_Espanol_2016
202,4.5,3.77,2.01,3.6,1.8,4.0,1.98,3.6,4.05,4.0,4.0,3.75,1.85,1.95,3.6,4.32,1.91,46,1.91,-0.5,2.02,1.95,1.96,4.2,1.8,48,1.87,4.5,1.89,3.7,1.92,1.96,27,1.91,4.1,3.6,3.5,3.64,2.07,Valencia,Eibar,Valencia_Eibar_2016
203,6.0,4.08,2.07,3.8,1.7,5.25,1.72,3.8,5.36,5.5,6.0,4.08,1.62,1.67,3.8,5.72,1.65,45,1.6,-0.75,2.12,1.67,1.86,5.5,1.75,48,1.65,5.0,1.81,4.0,1.67,2.05,25,1.82,5.5,3.7,3.8,3.93,2.17,Sevilla,Villarreal,Sevilla_Villarreal_2016
204,11.0,5.56,2.22,5.0,1.37,10.0,1.38,5.0,10.07,11.0,11.0,5.37,1.33,1.3,5.25,10.55,1.33,45,1.3,-1.5,1.95,1.33,2.01,10.5,1.65,48,1.33,8.0,1.71,5.5,1.35,1.9,27,1.95,10.0,5.0,5.0,5.13,2.3,Sociedad,Osasuna,Sociedad_Osasuna_2016
205,3.81,3.35,1.56,3.2,2.2,3.6,2.32,3.2,3.57,3.6,3.4,3.33,2.15,2.2,3.3,3.81,2.2,38,2.2,-0.25,2.07,2.2,1.9,3.7,2.4,44,2.15,3.3,2.62,3.3,2.19,2.01,26,1.86,3.7,3.35,3.1,3.22,1.61,Sp Gijon,Alaves,Sp Gijon_Alaves_2016
206,2.5,3.5,1.85,3.4,2.9,2.3,3.15,3.5,2.39,2.4,2.38,3.49,3.0,3.0,3.4,2.41,3.03,45,3.0,0.25,2.11,3.0,1.88,2.35,1.95,47,2.95,2.5,2.02,3.4,3.15,2.05,24,1.82,2.38,3.2,3.3,3.35,1.93,Granada,Las Palmas,Granada_Las Palmas_2016
207,2.78,3.25,1.64,3.2,2.6,2.62,3.02,3.1,2.68,2.6,2.63,3.21,2.8,2.88,3.2,2.76,2.83,39,2.8,0.0,1.93,2.9,2.05,2.7,2.26,41,2.8,2.75,2.34,3.2,2.89,1.88,25,1.98,2.7,3.25,3.0,3.15,1.7,Espanol,Sociedad,Espanol_Sociedad_2016
208,1.37,5.88,2.32,5.0,8.7,1.3,11.5,5.25,1.32,1.33,1.3,5.88,10.0,11.0,5.5,1.32,10.05,38,10.0,1.5,1.96,10.0,2.0,1.33,1.61,41,9.5,1.33,1.67,5.5,11.0,1.91,23,1.94,1.33,5.3,5.25,5.36,2.5,Alaves,Barcelona,Alaves_Barcelona_2016
209,5.75,3.8,1.78,3.75,1.65,5.25,1.8,3.8,5.38,5.5,5.75,3.76,1.7,1.75,3.6,5.54,1.71,38,1.67,-1.0,1.67,1.7,2.42,5.5,2.04,40,1.65,5.3,2.12,3.75,1.75,1.64,23,2.33,5.25,3.8,3.5,3.66,1.85,Ath Bilbao,La Coruna,Ath Bilbao_La Coruna_2016
210,3.07,3.42,1.85,3.3,2.6,2.9,2.6,3.25,2.95,3.0,2.9,3.41,2.4,2.5,3.25,3.05,2.49,39,2.5,0.0,2.17,2.5,1.82,2.9,1.96,40,2.5,2.75,2.04,3.4,2.51,2.11,25,1.78,3.0,3.25,3.25,3.29,1.92,Betis,Valencia,Betis_Valencia_2016
211,1.28,6.9,2.99,6.0,11.0,1.25,14.36,6.5,1.24,1.25,1.22,6.9,11.0,13.0,6.5,1.26,11.99,30,13.0,2.0,2.15,13.0,1.85,1.22,1.38,41,13.0,1.25,1.42,6.5,12.25,2.08,24,1.8,1.25,6.0,6.0,6.36,3.1,Osasuna,Real Madrid,Osasuna_Real Madrid_2016
212,9.68,5.11,1.95,4.8,1.35,9.0,1.43,4.75,8.95,8.5,8.5,5.11,1.36,1.36,4.5,9.68,1.38,39,1.4,-1.5,1.82,1.4,2.19,9.5,1.86,40,1.36,8.5,1.91,4.8,1.39,1.76,23,2.12,9.0,5.0,4.75,4.75,2.03,Ath Madrid,Celta,Ath Madrid_Celta_2016
213,2.32,3.7,2.16,3.6,3.3,2.15,3.42,3.7,2.19,2.2,2.1,3.67,3.2,3.2,3.6,2.2,3.25,38,3.3,0.25,1.94,3.25,2.01,2.15,1.69,40,3.2,2.2,1.75,3.6,3.42,1.9,22,1.97,2.2,3.35,3.5,3.55,2.25,Las Palmas,Sevilla,Las Palmas_Sevilla_2016
214,5.01,3.6,1.59,3.4,1.8,4.75,1.89,3.4,4.75,5.0,4.75,3.5,1.83,1.85,3.4,5.01,1.84,35,1.83,-0.5,2.08,1.83,1.88,4.75,2.35,40,1.83,4.5,2.43,3.5,1.87,2.04,22,1.83,5.0,3.6,3.3,3.42,1.65,Leganes,Sp Gijon,Leganes_Sp Gijon_2016
215,5.0,3.81,1.79,3.5,1.7,4.5,1.87,3.7,4.72,5.0,4.75,3.74,1.75,1.8,3.5,4.94,1.8,40,1.8,-1.0,1.6,1.8,2.58,4.6,2.02,41,1.78,5.0,2.12,3.75,1.82,1.57,22,2.48,4.8,3.7,3.5,3.61,1.85,Villarreal,Malaga,Villarreal_Malaga_2016
216,6.5,4.33,1.98,4.0,1.6,5.75,1.64,4.0,5.91,6.0,6.0,4.32,1.57,1.55,4.2,6.14,1.58,38,1.55,-1.0,1.9,1.6,2.05,6.25,1.84,39,1.57,5.7,1.91,4.2,1.6,1.86,23,2.0,6.0,3.9,4.0,4.11,2.06,Eibar,Granada,Eibar_Granada_2016
217,2.65,3.32,1.74,3.3,2.65,2.5,3.04,3.2,2.54,2.5,2.5,3.25,2.9,3.0,3.2,2.61,2.92,40,3.0,0.0,1.83,2.8,2.13,2.65,2.09,44,2.6,2.65,2.19,3.3,3.04,1.8,26,2.06,2.55,3.3,3.1,3.22,1.78,Granada,Betis,Granada_Betis_2016
218,4.42,3.4,1.57,3.3,2.1,4.2,2.1,3.25,4.1,4.0,4.2,3.32,2.0,2.05,3.1,4.42,2.01,40,2.0,-0.5,1.91,2.05,2.05,3.8,2.4,44,2.0,3.5,2.55,3.3,2.03,1.94,24,2.0,4.2,3.4,3.1,3.26,1.63,La Coruna,Alaves,La Coruna_Alaves_2016
219,21.0,8.49,3.08,7.5,1.2,17.0,1.2,7.0,16.32,13.0,21.0,8.45,1.17,1.18,8.0,18.5,1.17,32,1.14,-2.25,1.9,1.18,2.05,13.5,1.36,44,1.17,15.0,1.4,8.0,1.18,1.85,24,2.0,15.0,6.5,7.5,7.55,3.3,Real Madrid,Espanol,Real Madrid_Espanol_2016
220,7.0,4.66,2.37,4.5,1.5,6.0,1.56,4.25,6.19,6.5,7.0,4.66,1.5,1.55,4.5,6.44,1.51,39,1.45,-1.0,2.07,1.44,1.88,6.25,1.57,44,1.48,6.5,1.62,4.5,1.54,2.01,26,1.84,6.25,4.2,4.33,4.42,2.52,Sevilla,Eibar,Sevilla_Eibar_2016
221,1.56,4.35,1.81,4.0,6.5,1.5,7.71,4.1,1.51,1.5,1.5,4.32,6.5,7.5,4.0,1.53,6.99,41,7.5,1.0,1.91,7.0,2.04,1.45,1.99,44,7.25,1.5,2.05,4.3,7.51,1.87,26,1.99,1.5,4.2,4.0,4.13,1.87,Sp Gijon,Ath Madrid,Sp Gijon_Ath Madrid_2016
222,41.0,15.18,3.35,11.0,1.1,29.0,1.11,10.0,28.52,23.0,41.0,15.18,1.1,1.06,11.0,32.91,1.08,32,1.07,-2.75,1.91,1.08,2.04,18.5,1.32,44,1.09,27.0,1.35,13.0,1.08,1.86,22,1.98,29.0,9.0,10.0,11.36,3.7,Barcelona,Leganes,Barcelona_Leganes_2016
223,6.22,4.28,2.06,4.2,1.55,5.75,1.62,4.2,5.81,6.0,5.5,4.19,1.57,1.6,4.2,6.22,1.58,40,1.57,-1.0,1.88,1.53,2.07,6.0,1.76,44,1.5,6.2,1.83,4.2,1.61,1.84,26,2.01,5.5,4.0,3.8,4.08,2.16,Celta,Osasuna,Celta_Osasuna_2016
224,4.42,3.6,1.68,3.4,1.9,4.2,2.01,3.3,4.24,4.2,4.2,3.6,1.91,1.9,3.3,4.39,1.93,38,1.95,-0.5,2.0,1.95,1.95,4.2,2.17,43,1.9,4.1,2.27,3.5,1.94,1.94,22,1.91,4.2,3.5,3.4,3.41,1.77,Sociedad,Villarreal,Sociedad_Villarreal_2016
225,3.29,3.44,1.85,3.4,2.3,3.1,2.4,3.3,3.15,3.1,3.25,3.44,2.3,2.3,3.25,3.24,2.32,41,2.3,-0.25,1.92,2.3,2.04,3.0,1.96,44,2.3,3.15,2.04,3.4,2.37,1.88,24,1.98,3.13,3.3,3.3,3.32,1.91,Valencia,Ath Bilbao,Valencia_Ath Bilbao_2016
226,4.35,3.6,1.84,3.4,2.0,4.0,2.02,3.4,4.0,4.0,4.0,3.54,1.95,1.95,3.5,4.25,1.96,38,1.95,-0.25,2.33,1.95,1.73,3.6,1.95,41,2.0,3.8,2.02,3.5,1.99,1.89,21,1.68,3.9,3.4,3.3,3.46,1.92,Malaga,Las Palmas,Malaga_Las Palmas_2016
227,1.6,4.63,2.58,4.2,5.5,1.55,6.0,4.6,1.56,1.57,1.53,4.63,5.25,5.75,4.33,1.57,5.67,36,6.0,1.0,1.98,5.5,1.99,1.53,1.49,47,5.5,1.6,1.53,4.6,5.89,1.91,23,1.95,1.57,4.0,4.33,4.4,2.75,Valencia,Real Madrid,Valencia_Real Madrid_2016
228,2.85,3.52,1.94,3.3,2.7,2.62,2.76,3.4,2.7,2.6,2.7,3.41,2.62,2.7,3.4,2.77,2.66,47,2.6,-0.25,1.7,2.7,2.35,2.65,1.86,49,2.65,2.6,1.93,3.4,2.74,1.67,25,2.28,2.75,3.3,3.3,3.34,2.02,Las Palmas,Sociedad,Las Palmas_Sociedad_2016
229,2.99,3.3,1.6,3.1,2.65,2.8,2.8,3.1,2.86,2.9,2.88,3.16,2.62,2.7,3.1,2.99,2.67,45,2.63,0.0,2.08,2.7,1.9,2.8,2.32,48,2.7,2.65,2.43,3.13,2.71,2.0,25,1.86,2.9,3.3,3.0,3.09,1.65,Alaves,Valencia,Alaves_Valencia_2016
230,2.15,3.57,1.91,3.5,3.8,2.05,3.9,3.4,2.06,2.05,2.05,3.54,3.5,3.6,3.4,2.1,3.69,46,3.8,0.5,2.13,3.75,1.85,2.0,1.89,48,3.9,2.0,1.98,3.5,3.75,2.07,22,1.8,2.15,3.4,3.4,3.46,1.98,Betis,Sevilla,Betis_Sevilla_2016
231,3.91,3.6,1.84,3.5,2.2,3.6,2.2,3.4,3.7,3.75,3.8,3.55,2.0,2.1,3.4,3.91,2.05,46,2.05,-0.5,1.9,2.05,2.09,3.7,1.96,48,2.05,3.3,2.05,3.5,2.08,1.83,24,2.05,3.75,3.35,3.3,3.46,1.92,Eibar,Malaga,Eibar_Malaga_2016
232,3.25,3.3,1.48,3.1,2.3,3.0,2.64,3.0,3.11,3.2,3.2,3.12,2.5,2.55,3.1,3.11,2.5,43,2.4,-0.25,1.81,2.5,2.21,3.2,2.61,48,2.5,3.15,2.8,3.1,2.64,1.78,24,2.11,3.2,3.3,3.0,3.07,1.55,Leganes,La Coruna,Leganes_La Coruna_2016
233,8.32,4.8,2.05,4.33,1.4,7.0,1.5,4.25,7.31,7.0,7.5,4.57,1.44,1.45,4.5,7.68,1.47,44,1.44,-1.5,1.66,1.5,2.43,7.75,1.76,47,1.45,7.5,1.86,4.5,1.49,1.62,22,2.34,7.5,4.8,4.2,4.38,2.12,Ath Bilbao,Granada,Ath Bilbao_Granada_2016
234,2.55,3.52,1.94,3.3,2.95,2.4,3.05,3.4,2.42,2.5,2.38,3.52,2.9,2.88,3.4,2.49,2.94,47,3.0,0.25,2.15,3.0,1.83,2.4,1.86,49,2.95,2.4,1.95,3.5,2.99,2.08,23,1.79,2.4,3.3,3.4,3.41,2.05,Ath Madrid,Barcelona,Ath Madrid_Barcelona_2016
235,6.14,3.88,1.72,3.75,1.65,5.5,1.72,3.8,5.75,5.5,5.5,3.88,1.65,1.67,3.8,6.09,1.66,45,1.67,-1.0,1.74,1.7,2.26,6.0,2.11,48,1.6,5.3,2.19,3.8,1.67,1.71,23,2.18,6.0,3.8,3.6,3.72,1.8,Espanol,Osasuna,Espanol_Osasuna_2016
236,2.82,3.42,1.81,3.3,2.7,2.7,2.78,3.4,2.7,2.7,2.63,3.31,2.7,2.63,3.4,2.78,2.69,45,2.63,0.0,1.99,2.7,1.97,2.65,2.0,47,2.65,2.6,2.06,3.4,2.78,1.93,24,1.92,2.7,3.3,3.1,3.28,1.87,Sp Gijon,Celta,Sp Gijon_Celta_2016
237,1.73,4.2,2.17,4.0,5.3,1.67,5.5,4.2,1.69,1.7,1.67,4.1,4.75,5.0,3.75,1.7,5.04,44,5.5,1.0,2.26,5.0,1.76,1.67,1.68,47,4.75,1.65,1.74,4.0,5.28,2.16,22,1.72,1.67,3.8,4.0,3.93,2.26,Villarreal,Real Madrid,Villarreal_Real Madrid_2016
238,4.5,3.52,1.65,3.4,1.9,4.2,2.0,3.4,4.19,4.0,4.0,3.46,1.91,1.95,3.5,4.5,1.94,46,1.95,-0.5,1.99,2.0,1.98,4.1,2.22,48,1.95,4.1,2.34,3.5,1.96,1.93,24,1.94,4.3,3.5,3.3,3.42,1.72,Malaga,Betis,Malaga_Betis_2016
239,4.82,3.72,1.86,3.6,1.8,4.5,1.88,3.5,4.58,4.5,4.5,3.65,1.8,1.85,3.5,4.82,1.83,47,1.85,-0.5,2.11,1.85,1.86,4.6,1.94,48,1.83,4.5,2.01,3.6,1.85,2.06,24,1.82,4.75,3.6,3.5,3.56,1.94,Sociedad,Eibar,Sociedad_Eibar_2016
240,5.35,3.9,1.7,3.75,1.7,4.75,1.82,3.6,5.02,5.0,5.0,3.63,1.75,1.8,3.6,5.22,1.77,46,1.75,-1.0,1.61,1.75,2.6,5.0,2.14,48,1.75,4.8,2.25,3.7,1.81,1.56,23,2.48,5.0,3.9,3.4,3.53,1.79,Valencia,Leganes,Valencia_Leganes_2016
241,46.0,17.5,5.02,12.0,1.07,34.0,1.1,13.0,30.72,26.0,41.0,17.5,1.07,1.06,15.0,30.2,1.06,36,1.05,-3.0,2.12,1.08,1.87,29.0,1.16,47,1.06,26.0,1.19,15.0,1.08,2.07,22,1.8,46.0,12.0,13.0,13.63,5.85,Barcelona,Sp Gijon,Barcelona_Sp Gijon_2016
242,4.53,3.52,1.76,3.5,1.85,4.33,1.98,3.5,4.21,4.2,4.33,3.5,1.85,1.95,3.4,4.53,1.93,46,1.91,-0.5,1.99,1.95,1.95,4.2,2.05,48,1.91,4.3,2.12,3.5,1.95,1.95,21,1.91,4.33,3.5,3.3,3.42,1.83,Celta,Espanol,Celta_Espanol_2016
243,2.96,3.3,1.56,3.1,2.65,2.8,2.77,3.1,2.81,2.8,2.8,3.18,2.62,2.75,3.2,2.94,2.68,44,2.63,0.0,2.04,2.75,1.93,2.85,2.41,48,2.65,2.65,2.58,3.2,2.74,1.98,24,1.89,2.8,3.3,3.0,3.1,1.61,Granada,Alaves,Granada_Alaves_2016
244,2.14,3.5,1.67,3.3,4.3,2.05,4.3,3.3,2.07,2.05,2.05,3.4,3.6,3.9,3.4,2.14,3.8,45,3.8,0.5,2.14,4.0,1.83,2.0,2.19,48,4.0,1.85,2.28,3.4,3.88,2.07,21,1.81,2.1,3.5,3.25,3.33,1.71,Osasuna,Villarreal,Osasuna_Villarreal_2016
245,21.0,10.26,4.03,8.5,1.12,17.0,1.18,8.25,17.82,21.0,21.0,10.2,1.14,1.14,9.0,19.25,1.14,36,1.13,-2.5,1.9,1.14,2.06,14.5,1.23,48,1.16,20.0,1.28,9.5,1.15,1.85,23,2.01,20.0,9.0,8.5,8.77,4.45,Real Madrid,Las Palmas,Real Madrid_Las Palmas_2016
246,1.74,4.0,1.68,3.6,5.0,1.67,6.22,3.6,1.69,1.73,1.65,3.66,5.5,5.5,3.75,1.7,5.59,46,5.5,1.0,2.35,5.5,1.71,1.67,2.17,48,5.75,1.65,2.25,3.75,6.22,2.27,22,1.66,1.67,4.0,3.5,3.62,1.75,La Coruna,Ath Madrid,La Coruna_Ath Madrid_2016
247,5.58,4.07,2.08,3.8,1.65,5.25,1.72,3.8,5.14,5.5,5.25,4.07,1.65,1.65,3.8,5.58,1.67,46,1.67,-0.5,2.36,1.67,1.72,5.25,1.74,47,1.67,5.0,1.8,4.0,1.68,2.28,22,1.66,5.2,4.0,3.8,3.89,2.19,Sevilla,Ath Bilbao,Sevilla_Ath Bilbao_2016
248,3.1,3.22,1.62,3.1,2.6,2.88,2.73,3.1,2.95,3.1,2.88,3.15,2.62,2.6,3.2,2.99,2.61,46,2.6,-0.25,1.77,2.5,2.3,2.95,2.3,48,2.55,2.85,2.38,3.2,2.72,1.72,23,2.2,3.0,3.1,3.0,3.1,1.68,Betis,Sociedad,Betis_Sociedad_2016
249,23.0,10.4,4.33,9.0,1.15,17.0,1.18,8.75,17.88,17.0,23.0,9.6,1.13,1.13,8.5,19.5,1.14,35,1.13,-2.5,2.0,1.14,1.95,16.5,1.2,47,1.14,16.0,1.23,10.0,1.16,1.96,20,1.91,20.0,8.0,9.0,9.08,4.66,Barcelona,Celta,Barcelona_Celta_2016
250,1.75,4.35,2.32,4.0,6.2,1.7,6.2,4.1,1.68,1.73,1.67,4.22,4.5,4.8,4.0,1.71,5.03,43,5.0,1.0,2.26,4.75,1.91,1.65,1.6,47,5.0,1.55,1.67,4.0,4.99,2.14,23,1.75,1.75,4.0,4.0,3.99,2.45,Eibar,Real Madrid,Eibar_Real Madrid_2016
251,5.4,3.6,1.56,3.4,1.8,5.0,1.88,3.4,5.0,5.0,5.0,3.48,1.8,1.8,3.4,5.23,1.81,44,1.8,-0.5,2.12,1.83,1.86,4.75,2.41,47,1.83,4.5,2.5,3.5,1.85,2.08,22,1.81,5.2,3.6,3.3,3.41,1.63,Leganes,Granada,Leganes_Granada_2016
252,5.57,3.7,1.65,3.5,1.75,5.25,1.82,3.6,5.12,5.0,5.25,3.63,1.75,1.75,3.6,5.57,1.76,44,1.73,-0.75,1.91,1.8,2.06,5.0,2.23,47,1.75,4.7,2.31,3.7,1.77,1.87,20,2.0,5.2,3.7,3.4,3.57,1.7,Villarreal,Espanol,Villarreal_Espanol_2016
253,5.07,3.75,1.88,3.6,1.7,4.75,1.85,3.6,4.66,4.5,5.0,3.65,1.75,1.8,3.6,5.07,1.8,45,1.75,-1.0,1.6,1.83,2.54,4.75,1.92,46,1.78,5.0,2.03,3.7,1.82,1.57,20,2.44,4.5,3.7,3.4,3.62,1.95,Ath Bilbao,Malaga,Ath Bilbao_Malaga_2016
254,7.8,4.7,2.09,4.33,1.45,6.5,1.51,4.6,7.05,7.0,7.5,4.7,1.48,1.5,4.5,7.4,1.47,44,1.44,-1.0,2.15,1.5,1.84,7.75,1.73,46,1.42,7.0,1.8,4.6,1.49,2.09,21,1.79,7.0,4.5,4.33,4.46,2.2,Ath Madrid,Valencia,Ath Madrid_Valencia_2016
255,6.2,4.37,2.08,4.0,1.5,5.5,1.63,4.1,5.75,6.0,6.0,4.37,1.57,1.57,4.0,6.0,1.59,45,1.57,-1.0,1.9,1.6,2.04,5.75,1.74,46,1.57,6.0,1.8,4.2,1.6,1.86,21,2.0,5.75,4.2,4.0,4.12,2.18,Las Palmas,Osasuna,Las Palmas_Osasuna_2016
256,3.02,3.32,1.76,3.2,2.4,2.8,2.71,3.3,2.84,2.9,2.88,3.28,2.5,2.63,3.2,2.89,2.59,44,2.6,0.0,2.1,2.62,1.91,2.85,2.06,46,2.5,2.95,2.15,3.3,2.71,2.01,22,1.85,2.8,3.3,3.2,3.23,1.81,Sp Gijon,La Coruna,Sp Gijon_La Coruna_2016
257,2.04,3.5,1.75,3.4,4.1,1.95,4.22,3.5,1.98,2.0,1.95,3.48,3.8,3.8,3.4,2.02,4.0,44,4.1,0.5,2.03,4.0,1.92,1.95,2.06,46,3.9,1.9,2.15,3.5,4.22,1.99,19,1.88,2.0,3.5,3.3,3.4,1.81,Alaves,Sevilla,Alaves_Sevilla_2016
258,4.01,3.4,1.62,3.2,2.1,3.8,2.2,3.4,3.77,3.6,3.7,3.33,2.05,2.1,3.2,3.99,2.09,43,2.15,-0.25,2.16,2.15,1.83,3.75,2.29,46,2.05,3.6,2.41,3.3,2.13,2.1,20,1.78,4.0,3.3,3.2,3.27,1.69,La Coruna,Betis,La Coruna_Betis_2016
259,3.57,3.4,1.83,3.4,2.1,3.3,2.32,3.3,3.38,3.3,3.3,3.39,2.2,2.25,3.4,3.52,2.22,44,2.2,-0.25,2.01,2.25,1.95,3.4,1.98,45,2.2,3.5,2.1,3.4,2.27,1.96,22,1.91,3.4,3.4,3.25,3.34,1.91,Espanol,Las Palmas,Espanol_Las Palmas_2016
260,1.55,4.41,1.87,4.0,6.5,1.5,8.02,4.33,1.5,1.53,1.5,4.41,6.5,7.5,4.0,1.51,7.25,44,7.5,1.0,1.85,7.5,2.13,1.48,1.92,45,7.0,1.5,2.0,4.33,7.73,1.82,20,2.05,1.5,4.2,4.2,4.16,1.96,Granada,Ath Madrid,Granada_Ath Madrid_2016
261,4.4,3.5,1.62,3.2,1.9,4.2,2.07,3.3,4.13,4.33,4.0,3.33,1.95,2.0,3.3,4.4,2.0,43,2.0,-0.25,2.26,2.0,1.75,4.0,2.28,45,2.0,4.1,2.36,3.4,2.03,2.19,20,1.71,4.2,3.5,3.1,3.28,1.68,Malaga,Alaves,Malaga_Alaves_2016
262,9.5,4.8,1.93,4.8,1.4,8.5,1.44,4.5,8.58,8.5,8.0,4.65,1.4,1.4,4.75,9.35,1.4,44,1.36,-1.25,1.96,1.4,2.01,8.5,1.87,45,1.4,7.5,1.99,4.8,1.43,1.91,19,1.95,8.5,4.8,4.33,4.57,2.0,Sevilla,Leganes,Sevilla_Leganes_2016
263,7.5,4.8,2.24,4.5,1.4,6.5,1.53,4.5,6.75,6.0,6.5,4.73,1.48,1.5,4.33,7.15,1.48,39,1.5,-1.0,2.18,1.53,1.82,7.0,1.64,44,1.45,7.5,1.7,4.6,1.5,2.1,20,1.77,7.0,4.8,4.33,4.49,2.35,Valencia,Sp Gijon,Valencia_Sp Gijon_2016
264,2.8,3.31,1.7,3.2,2.65,2.62,2.84,3.2,2.7,2.75,2.75,3.29,2.7,2.7,3.2,2.77,2.75,42,2.75,0.0,1.96,2.75,1.99,2.7,2.13,44,2.7,2.65,2.28,3.25,2.81,1.91,21,1.94,2.7,3.3,3.1,3.19,1.76,Celta,Villarreal,Celta_Villarreal_2016
265,1.27,7.13,2.95,6.0,15.0,1.22,15.0,6.5,1.23,1.25,1.22,7.01,12.0,12.0,6.5,1.25,12.41,34,13.0,2.0,2.06,13.0,1.9,1.22,1.39,44,13.0,1.2,1.42,7.0,13.05,2.01,20,1.84,1.22,6.5,6.5,6.55,3.12,La Coruna,Barcelona,La Coruna_Barcelona_2016
266,27.73,10.69,3.57,8.5,1.12,21.0,1.16,9.0,21.5,23.0,21.0,10.34,1.13,1.1,9.0,21.04,1.12,34,1.13,-2.5,1.95,1.14,2.02,21.0,1.29,44,1.12,20.0,1.31,9.5,1.14,1.89,20,1.96,26.0,9.0,9.0,9.24,3.8,Real Madrid,Betis,Real Madrid_Betis_2016
267,3.63,3.5,1.75,3.3,2.1,3.4,2.25,3.3,3.5,3.4,3.5,3.47,2.15,2.2,3.3,3.63,2.16,42,2.1,-0.25,2.07,2.25,1.92,3.6,2.07,44,2.15,3.5,2.13,3.4,2.19,2.01,20,1.86,3.6,3.4,3.3,3.34,1.83,Sociedad,Ath Bilbao,Sociedad_Ath Bilbao_2016
268,2.15,3.8,1.96,3.5,3.9,2.05,3.9,3.4,2.08,2.1,2.1,3.58,3.5,3.5,3.4,2.1,3.57,41,3.6,0.25,1.83,3.6,2.14,2.1,1.84,42,3.6,1.9,1.92,3.6,3.78,1.8,16,2.08,2.05,3.6,3.5,3.49,2.02,Osasuna,Eibar,Osasuna_Eibar_2016
269,2.9,3.6,2.07,3.3,2.65,2.62,2.72,3.5,2.72,2.8,2.75,3.59,2.5,2.6,3.4,2.75,2.58,45,2.55,0.0,2.05,2.62,1.96,2.65,1.76,47,2.6,2.65,1.91,3.5,2.64,1.98,23,1.88,2.8,3.3,3.4,3.44,2.2,Las Palmas,Villarreal,Las Palmas_Villarreal_2016
270,3.06,3.28,1.58,3.2,2.75,2.9,2.9,3.25,2.9,2.9,2.9,3.17,2.5,2.6,3.2,3.06,2.62,44,2.55,0.0,2.12,2.62,2.02,2.85,2.35,47,2.55,2.6,2.43,3.2,2.65,2.03,23,1.83,3.0,3.25,3.0,3.12,1.63,Alaves,Sociedad,Alaves_Sociedad_2016
271,1.74,4.22,2.35,4.0,5.0,1.67,5.07,4.0,1.69,1.7,1.67,4.22,4.5,4.75,4.0,1.71,4.85,42,5.0,1.0,2.26,5.0,1.75,1.67,1.58,46,5.0,1.65,1.63,4.2,5.0,2.18,22,1.71,1.73,4.0,4.0,4.02,2.46,Ath Bilbao,Real Madrid,Ath Bilbao_Real Madrid_2016
272,8.0,4.6,2.03,4.5,1.45,7.0,1.52,4.33,7.15,7.5,8.0,4.55,1.48,1.5,4.33,7.6,1.47,44,1.44,-1.0,2.16,1.44,1.85,7.5,1.78,46,1.45,7.0,1.85,4.6,1.5,2.08,21,1.78,7.0,4.5,4.2,4.41,2.12,Betis,Osasuna,Betis_Osasuna_2016
273,4.55,3.62,1.75,3.6,1.9,4.33,2.0,3.5,4.23,4.2,4.2,3.52,1.85,1.93,3.5,4.5,1.91,44,1.91,-0.5,2.0,1.91,1.97,4.1,2.07,46,1.91,4.1,2.17,3.6,1.94,1.96,23,1.91,4.3,3.5,3.3,3.48,1.82,Eibar,Espanol,Eibar_Espanol_2016
274,5.95,4.1,1.97,3.8,1.65,5.5,1.73,3.9,5.3,5.5,5.25,4.0,1.62,1.67,3.8,5.83,1.66,45,1.67,-0.75,2.07,1.67,1.99,5.25,1.82,46,1.67,5.0,1.89,4.0,1.67,2.01,20,1.85,5.5,4.0,3.75,3.89,2.04,Ath Madrid,Sevilla,Ath Madrid_Sevilla_2016
275,20.5,11.25,4.32,9.5,1.15,19.0,1.16,8.5,18.03,17.0,19.0,11.25,1.12,1.13,9.5,20.5,1.13,34,1.13,-2.5,2.03,1.14,1.91,18.5,1.2,45,1.14,16.0,1.23,9.0,1.13,1.98,21,1.87,17.0,8.0,9.5,9.58,4.85,Barcelona,Valencia,Barcelona_Valencia_2016
276,3.7,3.43,1.72,3.4,2.1,3.5,2.3,3.3,3.48,3.6,3.4,3.43,2.1,2.15,3.3,3.7,2.17,44,2.2,-0.25,2.07,2.15,1.9,3.4,2.11,46,2.2,3.5,2.2,3.4,2.18,2.01,20,1.86,3.4,3.4,3.3,3.32,1.79,La Coruna,Celta,La Coruna_Celta_2016
277,3.48,3.15,1.52,3.0,2.3,3.3,2.5,3.1,3.26,3.3,3.3,3.08,2.4,2.45,3.0,3.48,2.42,41,2.4,-0.25,1.89,2.45,2.08,3.2,2.49,46,2.4,3.35,2.62,3.13,2.45,1.83,20,2.03,3.3,3.1,2.9,3.05,1.6,Leganes,Malaga,Leganes_Malaga_2016
278,3.94,3.61,1.91,3.5,2.0,3.6,2.12,3.4,3.75,3.8,3.8,3.61,2.0,2.0,3.5,3.82,2.02,45,2.0,-0.25,2.2,2.05,1.79,3.9,1.89,46,2.0,3.8,1.95,3.6,2.08,2.13,21,1.75,3.7,3.4,3.4,3.46,2.0,Sp Gijon,Granada,Sp Gijon_Granada_2016
279,3.6,3.4,1.61,3.1,2.1,3.2,2.44,3.2,3.34,3.5,3.3,3.21,2.38,2.4,3.2,3.35,2.33,44,2.3,-0.25,1.93,2.3,2.07,3.5,2.3,46,2.2,3.5,2.42,3.2,2.44,1.87,25,2.0,3.3,3.4,3.0,3.16,1.68,Espanol,Betis,Espanol_Betis_2016
280,1.79,3.8,1.7,3.5,5.3,1.73,5.5,3.5,1.74,1.75,1.75,3.68,5.0,5.25,3.5,1.76,5.11,43,5.25,0.75,2.01,5.5,1.93,1.72,2.14,45,5.5,1.65,2.25,3.7,5.36,1.98,21,1.89,1.75,3.8,3.5,3.6,1.76,Malaga,Ath Madrid,Malaga_Ath Madrid_2016
281,1.65,4.32,2.05,4.0,6.5,1.62,6.5,4.1,1.6,1.62,1.57,4.32,5.25,6.0,4.0,1.62,5.73,43,6.0,1.0,2.11,6.0,1.87,1.57,1.76,45,6.0,1.5,1.83,4.2,5.84,2.04,24,1.82,1.6,4.2,4.0,4.08,2.14,Osasuna,Ath Bilbao,Osasuna_Ath Bilbao_2016
282,5.75,3.7,1.58,3.5,1.7,5.0,1.83,3.3,5.25,5.5,5.5,3.52,1.75,1.8,3.4,5.42,1.77,41,1.75,-0.5,2.2,1.75,1.83,5.75,2.36,45,1.75,5.0,2.51,3.5,1.81,2.1,22,1.78,5.2,3.7,3.3,3.44,1.65,Sociedad,Leganes,Sociedad_Leganes_2016
283,4.85,3.7,1.83,3.6,1.8,4.2,1.93,3.6,4.33,4.5,4.33,3.7,1.85,1.93,3.6,4.45,1.86,44,1.85,-0.5,2.04,1.85,1.93,4.5,1.97,46,1.83,4.5,2.06,3.7,1.9,1.99,24,1.88,4.2,3.6,3.5,3.57,1.93,Villarreal,Eibar,Villarreal_Eibar_2016
284,1.23,7.85,3.46,7.0,18.0,1.18,18.0,7.25,1.19,1.22,1.2,7.85,13.0,15.0,7.5,1.2,13.91,36,13.0,2.0,1.86,13.0,2.12,1.2,1.3,46,12.5,1.15,1.33,7.5,16.5,1.82,22,2.05,1.18,7.5,7.0,7.21,3.75,Granada,Barcelona,Granada_Barcelona_2016
285,24.76,10.82,3.65,9.5,1.12,19.0,1.16,9.5,19.39,21.0,19.0,10.59,1.13,1.13,10.0,19.74,1.13,35,1.11,-2.5,1.96,1.12,2.02,19.5,1.28,45,1.12,20.0,1.31,10.0,1.14,1.9,23,1.95,23.0,9.0,9.0,9.39,3.97,Real Madrid,Alaves,Real Madrid_Alaves_2016
286,10.0,6.25,2.72,5.5,1.3,8.0,1.37,6.25,8.63,9.0,8.5,5.88,1.35,1.36,5.5,9.07,1.33,37,1.33,-1.5,1.96,1.33,1.98,10.0,1.44,46,1.26,9.5,1.51,5.5,1.35,1.92,23,1.94,9.0,5.5,5.25,5.52,2.9,Sevilla,Sp Gijon,Sevilla_Sp Gijon_2016
287,4.75,3.71,1.88,3.6,1.8,4.2,1.91,3.5,4.36,4.5,4.75,3.71,1.85,1.83,3.4,4.49,1.85,45,1.85,-0.75,1.81,1.85,2.18,4.5,1.92,46,1.85,4.5,2.0,3.6,1.89,1.78,21,2.09,4.4,3.6,3.5,3.6,1.95,Valencia,La Coruna,Valencia_La Coruna_2016
288,4.3,3.76,2.1,3.75,1.85,3.8,2.04,3.5,3.83,3.6,3.8,3.76,1.91,1.95,3.5,4.05,1.95,42,1.95,-0.5,1.98,2.0,1.97,4.0,1.72,44,1.95,4.3,1.77,3.6,1.97,1.93,20,1.93,3.9,3.5,3.6,3.6,2.19,Celta,Las Palmas,Celta_Las Palmas_2016
289,7.64,4.32,1.79,4.2,1.65,7.0,1.65,4.1,6.98,7.0,7.0,4.27,1.5,1.53,4.2,7.49,1.52,45,1.5,-1.0,2.04,1.5,1.93,7.25,2.02,46,1.5,5.3,2.14,4.2,1.53,1.97,23,1.89,7.5,3.8,4.0,4.12,1.88,Ath Bilbao,Espanol,Ath Bilbao_Espanol_2016
290,10.8,4.9,1.94,4.6,1.4,9.5,1.44,4.75,9.16,9.0,9.5,4.85,1.36,1.4,4.75,10.62,1.38,45,1.36,-1.25,2.02,1.4,1.95,10.0,1.86,46,1.35,7.5,1.96,4.8,1.39,1.97,23,1.89,9.5,4.8,4.5,4.68,2.02,Ath Madrid,Sociedad,Ath Madrid_Sociedad_2016
291,2.87,3.3,1.67,3.2,2.65,2.7,2.85,3.2,2.75,2.8,2.7,3.23,2.7,2.8,3.2,2.81,2.73,43,2.75,0.0,1.99,2.7,1.99,2.8,2.18,45,2.6,2.65,2.28,3.2,2.82,1.93,24,1.93,2.8,3.3,3.1,3.17,1.72,Betis,Villarreal,Betis_Villarreal_2016
292,8.72,4.69,1.94,4.33,1.45,7.5,1.48,4.5,7.75,7.5,7.0,4.69,1.44,1.45,4.5,8.56,1.44,44,1.44,-1.0,2.3,1.44,1.77,8.0,1.86,45,1.42,7.0,1.93,4.6,1.45,2.17,22,1.72,8.0,4.5,4.2,4.44,2.03,Alaves,Osasuna,Alaves_Osasuna_2016
293,12.12,7.25,4.22,6.5,1.25,10.0,1.28,6.0,10.58,12.0,11.0,7.25,1.25,1.25,7.0,10.64,1.25,35,1.22,-2.0,1.92,1.25,2.03,12.0,1.22,45,1.25,11.0,1.25,7.0,1.27,1.88,22,1.97,11.0,6.0,6.5,6.71,4.5,Barcelona,Sevilla,Barcelona_Sevilla_2016
294,6.5,4.15,1.92,3.9,1.6,6.0,1.68,3.75,5.89,6.0,6.5,4.08,1.57,1.62,4.0,6.26,1.6,45,1.55,-1.0,1.87,1.62,2.09,6.0,1.87,46,1.62,5.5,1.95,4.0,1.63,1.82,23,2.05,6.0,4.0,3.8,3.94,2.01,La Coruna,Granada,La Coruna_Granada_2016
295,1.4,5.4,2.29,5.0,8.0,1.36,10.58,5.25,1.35,1.36,1.33,5.3,8.0,9.0,5.25,1.36,8.87,41,8.0,1.5,2.13,9.0,1.87,1.34,1.61,45,8.75,1.35,1.67,5.25,10.58,2.04,23,1.82,1.36,5.3,4.75,5.1,2.4,Leganes,Real Madrid,Leganes_Real Madrid_2016
296,2.85,3.42,1.87,3.4,2.5,2.6,2.82,3.3,2.66,2.62,2.6,3.42,2.7,2.8,3.25,2.74,2.71,44,2.8,0.0,1.94,2.75,2.02,2.7,1.93,45,2.65,2.85,2.01,3.3,2.76,1.9,24,1.96,2.63,3.3,3.3,3.31,1.94,Sp Gijon,Malaga,Sp Gijon_Malaga_2016
297,4.5,3.92,2.14,3.8,1.8,4.0,1.88,3.8,4.16,4.2,4.2,3.92,1.8,1.83,3.75,4.27,1.84,42,1.85,-0.5,2.1,1.85,1.86,4.0,1.7,44,1.85,4.5,1.75,3.8,1.85,2.04,20,1.83,4.1,3.6,3.8,3.75,2.22,Eibar,Las Palmas,Eibar_Las Palmas_2016
298,3.92,3.68,1.97,3.5,2.0,3.8,2.09,3.5,3.73,3.75,3.75,3.67,1.95,2.0,3.5,3.83,2.01,43,2.0,-0.5,1.93,2.05,2.05,3.75,1.83,44,2.0,3.8,1.89,3.6,2.06,1.87,22,2.0,3.6,3.4,3.5,3.51,2.08,Valencia,Celta,Valencia_Celta_2016
299,3.6,3.35,1.72,3.1,2.2,3.3,2.33,3.3,3.39,3.3,3.6,3.27,2.25,2.25,3.2,3.55,2.26,44,2.15,-0.25,1.98,2.3,1.98,3.3,2.11,46,2.25,3.3,2.22,3.25,2.31,1.94,23,1.94,3.5,3.35,3.1,3.23,1.8,Villarreal,Ath Bilbao,Villarreal_Ath Bilbao_2016
300,3.82,3.4,1.53,3.1,2.1,3.5,2.34,3.25,3.57,3.5,3.8,3.15,2.2,2.25,3.1,3.71,2.21,42,2.1,-0.25,2.02,2.2,1.95,3.6,2.47,47,2.15,3.5,2.64,3.2,2.31,1.96,24,1.91,3.6,3.4,3.0,3.16,1.58,Espanol,Alaves,Espanol_Alaves_2016
301,1.4,5.75,2.6,5.0,9.5,1.36,9.71,5.75,1.35,1.36,1.36,5.62,8.0,9.5,5.25,1.36,8.65,40,8.0,1.5,2.02,8.0,1.94,1.33,1.48,47,8.25,1.3,1.55,5.4,9.16,1.96,23,1.9,1.36,5.5,5.0,5.24,2.74,Malaga,Barcelona,Malaga_Barcelona_2016
302,5.0,3.94,2.07,3.3,1.8,4.33,1.84,3.8,4.53,5.0,4.33,3.94,1.75,1.83,3.8,4.65,1.79,44,1.8,-1.0,1.63,1.8,2.46,4.5,1.75,46,1.78,4.5,1.81,3.8,1.81,1.61,23,2.39,4.6,3.6,3.75,3.72,2.14,Real Madrid,Ath Madrid,Real Madrid_Ath Madrid_2016
303,7.0,4.49,2.08,4.2,1.5,6.0,1.57,4.1,6.37,6.0,6.5,4.39,1.53,1.55,4.33,6.67,1.53,44,1.5,-1.0,2.02,1.53,1.94,7.0,1.74,46,1.5,6.5,1.83,4.33,1.56,1.98,23,1.89,6.5,4.2,4.0,4.21,2.16,Sevilla,La Coruna,Sevilla_La Coruna_2016
304,3.34,3.5,1.92,3.1,2.4,3.2,2.4,3.5,3.16,3.1,3.25,3.47,2.25,2.3,3.4,3.34,2.31,46,2.25,-0.25,1.94,2.4,2.02,3.1,1.88,47,2.25,2.95,1.97,3.4,2.31,1.9,22,1.97,3.13,3.3,3.3,3.35,1.98,Celta,Eibar,Celta_Eibar_2016
305,2.25,3.71,2.07,3.4,3.3,2.05,3.55,3.3,2.14,2.15,2.1,3.71,3.3,3.4,3.4,2.13,3.37,44,3.5,0.25,1.89,3.3,2.09,2.15,1.75,46,3.5,2.2,1.83,3.6,3.55,1.85,21,2.02,2.15,3.35,3.6,3.51,2.15,Granada,Valencia,Granada_Valencia_2016
306,3.8,3.6,2.02,3.3,2.1,3.5,2.16,3.5,3.51,3.5,3.5,3.6,2.05,2.1,3.5,3.65,2.1,44,2.1,-0.25,2.11,2.1,1.85,3.6,1.79,46,2.05,3.5,1.85,3.5,2.14,2.06,21,1.82,3.5,3.4,3.4,3.47,2.12,Las Palmas,Betis,Las Palmas_Betis_2016
307,2.2,3.4,1.59,3.2,3.8,2.1,4.0,3.2,2.13,2.15,2.05,3.29,3.6,3.7,3.3,2.2,3.72,42,3.8,0.25,1.89,3.6,2.08,2.15,2.35,46,3.7,2.0,2.47,3.3,3.82,1.84,21,2.04,2.1,3.4,3.1,3.22,1.63,Osasuna,Leganes,Osasuna_Leganes_2016
308,7.5,4.79,2.17,4.5,1.5,7.0,1.5,4.75,6.89,7.0,7.0,4.79,1.44,1.45,4.75,7.35,1.46,43,1.44,-1.5,1.67,1.44,2.36,6.0,1.68,45,1.48,6.5,1.74,4.6,1.48,1.64,21,2.3,7.0,4.2,4.5,4.52,2.25,Sociedad,Sp Gijon,Sociedad_Sp Gijon_2016
309,7.5,4.8,2.39,4.6,1.4,6.5,1.53,4.4,6.61,6.5,7.5,4.6,1.5,1.5,4.5,6.79,1.48,39,1.44,-1.0,2.16,1.44,1.85,6.0,1.57,45,1.48,7.5,1.63,4.6,1.53,2.09,21,1.78,7.0,4.8,4.33,4.49,2.55,Ath Bilbao,Las Palmas,Ath Bilbao_Las Palmas_2016
310,23.0,8.41,2.39,6.5,1.17,19.0,1.2,7.0,18.12,17.0,15.0,8.15,1.17,1.14,8.0,21.9,1.16,39,1.14,-2.0,2.01,1.18,1.95,14.0,1.56,45,1.17,15.0,1.62,8.0,1.17,1.96,20,1.91,19.0,7.5,7.0,7.34,2.5,Ath Madrid,Osasuna,Ath Madrid_Osasuna_2016
311,17.0,7.55,3.09,7.0,1.2,13.0,1.26,6.75,13.28,12.0,17.0,7.55,1.22,1.2,6.5,15.4,1.21,34,1.17,-2.0,1.9,1.2,2.06,13.0,1.36,45,1.18,12.5,1.4,7.0,1.22,1.87,21,1.99,13.0,7.0,6.5,6.84,3.45,Barcelona,Sociedad,Barcelona_Sociedad_2016
312,3.44,3.4,1.71,3.3,2.3,3.3,2.34,3.2,3.29,3.3,3.25,3.39,2.25,2.3,3.2,3.44,2.26,42,2.25,-0.25,1.95,2.2,1.99,3.3,2.12,45,2.2,3.25,2.2,3.3,2.3,1.92,19,1.95,3.4,3.2,3.25,3.28,1.79,La Coruna,Malaga,La Coruna_Malaga_2016
313,1.48,5.3,2.69,5.0,8.0,1.44,8.0,4.75,1.42,1.4,1.4,5.09,6.5,7.0,5.0,1.46,6.95,34,6.5,1.5,2.2,7.0,1.8,1.4,1.44,45,7.0,1.35,1.5,5.0,7.17,2.12,20,1.75,1.45,5.3,4.75,4.88,3.1,Sp Gijon,Real Madrid,Sp Gijon_Real Madrid_2016
314,2.83,3.5,1.85,3.25,2.65,2.7,2.78,3.2,2.71,2.7,2.63,3.4,2.62,2.63,3.2,2.83,2.64,43,2.7,0.0,2.02,2.62,1.95,2.75,1.95,44,2.55,2.65,2.03,3.3,2.69,1.96,20,1.9,2.7,3.3,3.25,3.3,1.95,Betis,Eibar,Betis_Eibar_2016
315,2.75,3.6,1.96,3.3,2.5,2.5,2.82,3.3,2.55,2.5,2.45,3.57,2.7,2.7,3.3,2.61,2.74,43,2.8,0.0,1.91,2.75,2.06,2.45,1.85,44,2.75,2.75,1.95,3.5,2.8,1.87,21,1.99,2.55,3.4,3.4,3.41,2.05,Granada,Celta,Granada_Celta_2016
316,4.18,3.4,1.49,3.0,2.1,4.0,2.17,3.2,3.88,3.75,4.0,3.23,2.05,2.05,3.2,4.18,2.1,39,2.0,-0.25,2.16,2.15,1.86,3.6,2.58,44,2.1,3.5,2.76,3.2,2.12,2.11,19,1.78,4.0,3.4,3.0,3.15,1.54,Leganes,Espanol,Leganes_Espanol_2016
317,2.77,3.71,2.33,3.6,2.65,2.62,2.65,3.3,2.69,2.62,2.75,3.71,2.5,2.5,3.2,2.75,2.54,39,2.55,0.0,2.05,2.5,1.92,2.7,1.6,44,2.5,2.65,1.64,3.6,2.58,2.0,22,1.87,2.7,3.3,3.5,3.5,2.45,Valencia,Sevilla,Valencia_Sevilla_2016
318,2.7,3.3,1.54,3.0,2.95,2.5,3.05,3.0,2.59,2.6,2.55,3.19,2.9,3.0,3.0,2.7,2.92,38,3.0,0.0,1.86,2.9,2.12,2.55,2.45,42,2.9,2.4,2.6,3.1,2.97,1.82,18,2.04,2.55,3.3,3.0,3.08,1.58,Alaves,Villarreal,Alaves_Villarreal_2016
319,19.0,8.98,3.49,7.0,1.22,15.0,1.22,7.5,15.45,15.0,15.0,8.7,1.17,1.17,8.0,16.85,1.17,35,1.17,-2.25,1.96,1.17,2.0,12.5,1.29,45,1.19,12.0,1.34,8.0,1.18,1.92,22,1.95,19.0,6.5,8.0,7.88,3.85,Sevilla,Granada,Sevilla_Granada_2016
320,1.8,3.85,1.7,3.4,5.0,1.73,5.5,3.6,1.74,1.75,1.75,3.8,5.0,5.5,3.6,1.75,5.09,42,5.0,0.75,2.0,5.0,1.95,1.7,2.14,44,5.5,1.7,2.25,3.7,5.37,1.95,20,1.91,1.73,3.7,3.6,3.6,1.77,Espanol,Ath Madrid,Espanol_Ath Madrid_2016
321,3.4,3.6,2.0,3.3,2.3,3.25,2.31,3.3,3.21,3.1,3.3,3.55,2.2,2.2,3.4,3.38,2.24,43,2.2,-0.25,2.0,2.3,1.97,3.3,1.81,44,2.25,3.15,1.91,3.5,2.26,1.96,23,1.91,3.4,3.3,3.3,3.44,2.11,Malaga,Valencia,Malaga_Valencia_2016
322,2.88,3.62,2.04,3.3,2.5,2.75,2.6,3.4,2.78,2.7,2.8,3.62,2.4,2.55,3.4,2.82,2.5,43,2.5,-0.25,1.77,2.6,2.25,2.8,1.77,45,2.5,2.85,1.83,3.5,2.57,1.74,22,2.16,2.8,3.3,3.4,3.44,2.13,Osasuna,Sp Gijon,Osasuna_Sp Gijon_2016
323,6.36,3.9,1.64,3.6,1.6,5.75,1.71,3.75,5.78,5.0,5.75,3.74,1.65,1.7,3.6,6.36,1.67,43,1.67,-1.0,1.71,1.7,2.33,5.5,2.24,45,1.67,5.7,2.38,3.6,1.68,1.67,23,2.26,6.25,3.9,3.5,3.6,1.69,Villarreal,Leganes,Villarreal_Leganes_2016
324,4.1,3.52,1.88,3.3,1.9,3.6,2.15,3.4,3.69,3.4,3.75,3.52,2.05,2.1,3.4,3.77,2.07,44,2.05,-0.5,1.86,2.15,2.12,3.7,1.91,45,2.05,4.1,1.99,3.5,2.12,1.81,23,2.07,3.7,3.5,3.4,3.4,1.95,Celta,Betis,Celta_Betis_2016
325,4.1,3.67,1.92,3.4,2.0,3.75,2.08,3.5,3.76,3.75,3.8,3.67,1.95,2.0,3.5,3.91,2.0,42,2.0,-0.25,2.25,2.0,1.77,3.8,1.88,44,2.0,3.8,1.95,3.6,2.03,2.17,19,1.72,3.7,3.4,3.5,3.52,2.0,Las Palmas,Alaves,Las Palmas_Alaves_2016
326,3.36,4.01,2.98,3.6,2.1,3.2,2.16,3.9,3.23,3.2,3.2,4.01,2.05,2.05,4.0,3.36,2.09,36,2.05,-0.5,1.87,2.15,2.13,3.25,1.38,45,2.05,3.15,1.42,4.0,2.11,1.81,23,2.07,3.2,3.8,3.8,3.86,3.15,Real Madrid,Barcelona,Real Madrid_Barcelona_2016
327,6.21,4.2,1.99,3.75,1.65,5.75,1.65,3.9,5.77,5.5,6.0,4.2,1.57,1.62,4.0,6.21,1.6,44,1.57,-1.0,1.86,1.62,2.08,5.75,1.82,45,1.62,5.3,1.88,4.0,1.61,1.83,23,2.04,6.0,3.8,3.8,3.96,2.08,Sociedad,La Coruna,Sociedad_La Coruna_2016
328,2.95,3.5,1.9,3.25,2.5,2.75,2.63,3.2,2.81,2.75,2.75,3.45,2.5,2.5,3.3,2.9,2.54,42,2.6,0.25,2.47,2.62,1.65,2.9,1.9,42,2.55,2.85,1.97,3.4,2.59,2.39,18,1.6,2.8,3.3,3.3,3.31,1.96,Eibar,Ath Bilbao,Eibar_Ath Bilbao_2016
329,9.5,4.5,1.75,4.0,1.45,8.0,1.5,4.4,8.54,8.5,9.0,4.41,1.44,1.44,4.1,9.35,1.44,41,1.4,-1.0,2.19,1.44,1.8,7.25,2.07,43,1.45,7.0,2.16,4.33,1.46,2.13,22,1.75,9.5,4.5,4.0,4.24,1.81,Ath Madrid,Villarreal,Ath Madrid_Villarreal_2016
330,2.2,3.7,2.08,3.6,3.15,2.15,3.9,3.5,2.02,2.05,1.95,3.69,3.25,3.75,3.5,2.08,3.67,41,3.9,0.25,1.8,3.4,2.19,1.95,1.74,43,3.9,2.2,1.85,3.6,3.73,1.76,20,2.12,2.05,3.5,3.4,3.57,2.19,Granada,Malaga,Granada_Malaga_2016
331,3.7,3.55,1.82,3.3,2.0,3.3,2.25,3.4,3.48,3.5,3.6,3.55,2.15,2.2,3.4,3.59,2.14,42,2.05,-0.25,2.06,2.1,1.92,3.4,1.98,43,2.15,3.7,2.06,3.4,2.18,2.0,22,1.87,3.5,3.5,3.3,3.39,1.89,Sp Gijon,Espanol,Sp Gijon_Espanol_2016
332,61.8,23.54,6.75,15.0,1.03,51.0,1.06,19.5,38.59,41.0,34.0,23.54,1.05,1.05,17.0,38.58,1.04,31,1.02,-3.5,2.21,1.04,1.8,41.0,1.09,42,1.03,42.0,1.13,19.0,1.05,2.13,21,1.75,41.0,16.0,19.0,18.07,7.55,Barcelona,Osasuna,Barcelona_Osasuna_2016
333,1.43,5.43,2.7,4.5,7.5,1.4,8.2,4.75,1.4,1.4,1.4,5.3,6.5,7.5,4.75,1.41,7.65,35,8.0,1.5,2.12,8.0,1.84,1.42,1.44,43,7.25,1.4,1.5,5.0,8.19,2.07,20,1.79,1.4,4.8,4.75,4.93,2.8,La Coruna,Real Madrid,La Coruna_Real Madrid_2016
334,5.51,3.96,1.92,3.75,1.7,4.75,1.76,3.8,5.05,4.5,4.75,3.96,1.75,1.75,3.6,5.51,1.71,42,1.73,-0.5,2.3,1.73,1.74,5.5,1.87,43,1.65,4.7,1.96,3.8,1.7,2.23,20,1.7,5.2,3.9,3.6,3.78,2.01,Leganes,Las Palmas,Leganes_Las Palmas_2016
335,2.8,3.69,2.26,3.25,2.4,2.62,2.67,3.4,2.67,2.7,2.7,3.69,2.5,2.63,3.4,2.67,2.57,40,2.6,-0.25,1.74,2.62,2.29,2.75,1.63,43,2.55,2.8,1.68,3.6,2.67,1.7,20,2.23,2.7,3.5,3.5,3.51,2.38,Valencia,Sociedad,Valencia_Sociedad_2016
336,2.87,3.4,1.69,3.1,2.5,2.7,2.77,3.25,2.74,2.7,2.7,3.28,2.7,2.7,3.2,2.87,2.68,41,2.75,-0.25,1.69,2.7,2.35,2.8,2.15,43,2.6,2.75,2.25,3.25,2.73,1.66,18,2.29,2.7,3.4,3.1,3.2,1.75,Alaves,Eibar,Alaves_Eibar_2016
337,9.75,5.32,2.27,4.8,1.4,8.5,1.4,5.0,8.89,8.5,9.0,5.32,1.36,1.33,4.5,9.68,1.36,38,1.4,-1.5,1.88,1.36,2.1,8.5,1.62,41,1.36,7.5,1.68,5.0,1.37,1.83,21,2.03,9.5,4.8,4.75,4.93,2.39,Ath Bilbao,Betis,Ath Bilbao_Betis_2016
338,9.5,5.8,2.88,5.0,1.35,9.0,1.38,5.0,8.3,9.0,8.0,5.47,1.33,1.33,5.5,8.7,1.35,34,1.33,-1.5,1.92,1.33,2.03,8.5,1.39,42,1.36,8.0,1.43,5.5,1.38,1.88,21,1.98,8.0,5.3,5.25,5.3,3.05,Sevilla,Celta,Sevilla_Celta_2016
339,8.0,5.3,2.34,4.75,1.35,6.5,1.48,4.6,7.33,6.5,8.0,5.05,1.44,1.44,4.75,7.43,1.42,40,1.4,-1.5,1.78,1.44,2.23,6.25,1.58,44,1.44,8.0,1.62,4.8,1.43,1.73,21,2.16,8.0,5.3,4.8,4.78,2.48,Villarreal,Sp Gijon,Villarreal_Sp Gijon_2016
340,1.22,7.7,3.03,6.0,15.0,1.18,15.69,6.25,1.19,1.2,1.18,7.7,12.0,11.5,7.5,1.2,14.57,33,15.0,2.0,1.93,15.0,2.08,1.18,1.36,42,15.0,1.17,1.4,7.5,15.69,1.85,19,2.01,1.2,7.5,6.5,7.13,3.32,Espanol,Barcelona,Espanol_Barcelona_2016
341,1.8,4.14,1.99,3.6,4.5,1.72,5.25,3.8,1.72,1.73,1.73,4.14,4.8,5.0,3.6,1.71,4.79,42,5.25,0.75,1.98,5.0,1.99,1.7,1.81,43,4.6,1.8,1.95,4.0,4.89,1.92,20,1.95,1.73,3.6,3.75,3.86,2.07,Las Palmas,Ath Madrid,Las Palmas_Ath Madrid_2016
342,15.0,9.5,5.75,7.0,1.17,11.0,1.2,7.75,12.9,13.0,13.0,9.15,1.18,1.18,9.0,12.87,1.17,33,1.17,-2.5,1.98,1.18,2.0,12.0,1.12,43,1.16,15.0,1.15,9.0,1.19,1.93,19,1.94,13.0,7.5,9.5,8.52,6.35,Real Madrid,Valencia,Real Madrid_Valencia_2016
343,19.0,8.3,3.04,7.5,1.17,19.0,1.2,7.5,16.89,17.0,17.0,8.08,1.15,1.17,7.5,17.91,1.16,31,1.17,-2.25,1.94,1.15,2.02,13.5,1.36,42,1.16,15.0,1.43,8.0,1.18,1.89,19,1.99,15.0,7.5,8.0,7.64,3.25,Sociedad,Granada,Sociedad_Granada_2016
344,3.83,3.3,1.53,3.1,2.1,3.5,2.25,3.1,3.61,3.4,3.8,3.24,2.15,2.15,3.2,3.83,2.17,38,2.1,-0.25,2.05,2.25,1.89,3.5,2.44,43,2.15,3.6,2.54,3.25,2.17,2.01,19,1.86,3.6,3.3,3.25,3.17,1.58,Betis,Alaves,Betis_Alaves_2016
345,1.92,3.8,1.88,3.5,,1.8,4.75,3.4,1.81,1.85,1.8,3.79,4.2,4.75,3.7,1.82,4.44,41,4.5,0.75,2.08,4.2,1.89,1.85,1.91,42,4.25,,1.97,3.75,4.63,2.04,18,1.84,1.75,,3.5,3.63,1.95,Celta,Ath Bilbao,Celta_Ath Bilbao_2016
346,3.9,3.4,1.63,3.25,,3.5,2.21,3.2,3.62,3.6,3.75,3.28,2.15,2.15,3.3,3.66,2.14,39,2.1,-0.25,2.06,2.1,1.91,3.9,2.25,42,2.0,,2.35,3.3,2.21,2.01,19,1.86,3.5,,3.2,3.22,1.67,Eibar,Leganes,Eibar_Leganes_2016
347,2.06,3.65,1.97,3.4,4.2,2.0,4.2,3.4,2.0,2.05,1.95,3.65,3.8,3.75,3.6,2.05,3.72,41,3.9,0.5,2.04,3.6,1.93,2.0,1.83,43,3.6,1.85,1.91,3.6,3.88,1.99,19,1.88,2.0,3.6,3.6,3.53,2.05,Osasuna,La Coruna,Osasuna_La Coruna_2016
348,2.02,3.8,2.27,3.6,4.1,1.9,4.0,3.5,1.96,1.91,1.91,3.8,3.75,3.5,3.6,1.96,3.73,35,4.0,0.5,2.02,3.8,2.02,1.95,1.61,0,3.7,1.9,1.68,3.75,3.9,1.96,17,1.9,2.0,3.5,3.5,3.68,2.4,Malaga,Sevilla,Malaga_Sevilla_2016
349,5.66,4.45,2.4,4.0,1.7,5.2,1.7,4.2,5.26,4.8,5.5,4.45,1.66,1.62,4.0,5.66,1.62,39,1.62,-1.0,1.88,1.65,2.07,5.25,1.56,44,1.6,4.7,1.6,4.33,1.62,1.84,22,2.03,5.4,3.9,4.33,4.2,2.52,Sevilla,Sociedad,Sevilla_Sociedad_2016
350,14.45,6.0,1.96,5.0,1.25,11.0,1.33,5.5,11.81,11.0,11.0,5.47,1.28,1.33,5.25,14.45,1.3,42,1.3,-1.5,1.94,1.3,2.0,11.5,1.84,43,1.28,11.0,1.9,5.25,1.3,1.91,21,1.95,12.0,6.0,5.5,5.19,2.05,Ath Madrid,Eibar,Ath Madrid_Eibar_2016
351,19.0,9.15,3.99,7.0,1.17,19.0,1.18,7.75,15.89,17.0,17.0,9.15,1.15,1.18,8.5,16.05,1.16,33,1.14,-2.5,1.84,1.17,2.14,16.5,1.23,43,1.16,15.0,1.25,8.5,1.18,1.79,20,2.08,15.0,7.5,8.5,8.13,4.2,Barcelona,Villarreal,Barcelona_Villarreal_2016
352,1.14,11.3,4.8,8.5,20.0,1.13,28.0,9.5,1.12,1.14,1.13,11.3,19.0,17.0,9.0,1.12,21.03,33,21.0,2.5,1.82,15.0,2.17,1.12,1.17,43,18.5,1.12,1.2,10.0,24.11,1.77,20,2.1,1.12,9.0,8.5,9.77,5.25,Granada,Real Madrid,Granada_Real Madrid_2016
353,5.75,4.98,2.73,4.5,1.5,5.25,1.61,4.75,5.38,5.0,5.5,4.98,1.5,1.55,4.75,5.59,1.55,34,1.5,-1.0,2.04,1.57,1.92,5.25,1.43,43,1.55,5.5,1.48,4.8,1.56,1.99,22,1.87,5.75,4.5,4.25,4.63,2.85,Sp Gijon,Las Palmas,Sp Gijon_Las Palmas_2016
354,1.85,3.75,1.73,3.4,4.6,1.83,5.05,3.75,1.81,1.83,1.8,3.7,4.4,4.8,3.5,1.84,4.67,41,4.75,0.75,2.14,4.5,1.85,1.78,2.08,43,4.5,1.75,2.16,3.7,4.83,2.08,19,1.8,1.83,3.7,3.4,3.56,1.79,Alaves,Ath Bilbao,Alaves_Ath Bilbao_2016
355,4.01,3.6,1.75,3.25,2.0,3.9,2.09,3.5,3.79,3.8,4.0,3.6,2.0,2.0,3.4,3.92,2.03,40,2.0,-0.5,1.88,2.05,2.08,3.8,2.06,42,2.0,3.8,2.16,3.5,2.05,1.84,19,2.03,3.8,3.4,3.5,3.41,1.82,La Coruna,Espanol,La Coruna_Espanol_2016
356,8.25,5.0,2.09,4.5,1.4,8.0,1.5,4.6,7.59,8.0,7.5,4.85,1.4,1.4,4.5,8.25,1.42,40,1.4,-1.25,1.97,1.4,2.14,7.75,1.73,40,1.42,7.0,1.8,4.75,1.44,1.92,19,1.96,7.0,5.0,4.4,4.66,2.17,Malaga,Celta,Malaga_Celta_2016
357,15.0,7.14,3.0,6.0,1.3,15.0,1.3,6.5,12.01,11.0,13.0,7.14,1.18,1.25,6.5,12.5,1.23,33,1.22,-2.0,1.86,1.25,2.12,13.0,1.37,43,1.22,9.5,1.4,6.5,1.25,1.81,20,2.06,13.0,5.5,6.5,6.57,3.25,Valencia,Osasuna,Valencia_Osasuna_2016
358,6.2,4.0,1.72,3.6,1.55,,1.71,3.75,5.45,5.5,5.75,3.85,,1.67,3.8,5.73,1.67,41,1.65,-0.75,2.04,1.67,1.94,5.5,2.09,43,1.65,6.2,2.18,3.75,1.71,1.98,19,1.89,5.4,4.0,,3.73,1.8,Leganes,Betis,Leganes_Betis_2016
359,3.25,3.61,2.08,3.3,2.2,3.1,2.4,3.3,3.01,2.9,3.0,3.61,2.35,2.4,3.3,3.13,2.36,42,2.4,-0.25,1.9,2.4,2.09,3.1,1.73,45,2.35,3.25,1.8,3.5,2.36,1.83,22,2.05,3.0,3.4,3.4,3.42,2.2,Espanol,Valencia,Espanol_Valencia_2016
360,4.86,4.06,2.28,3.75,1.9,4.33,1.9,3.9,4.5,4.5,4.33,4.06,1.72,1.75,3.8,4.86,1.76,41,1.8,-0.75,1.95,1.75,2.01,4.5,1.61,45,1.75,4.1,1.66,4.0,1.76,1.91,19,1.95,4.6,3.5,3.75,3.84,2.44,Osasuna,Granada,Osasuna_Granada_2016
361,5.33,4.0,1.72,3.3,1.65,4.8,1.8,3.5,4.94,5.0,5.0,3.81,1.72,1.8,3.4,5.33,1.76,43,1.8,-0.75,1.92,1.8,2.04,5.0,2.11,45,1.78,5.0,2.17,3.6,1.75,1.87,19,1.99,5.0,4.0,3.4,3.58,1.77,Alaves,Celta,Alaves_Celta_2016
362,9.0,5.0,1.93,4.5,1.4,9.0,1.45,4.5,8.12,8.0,8.5,4.78,1.4,1.4,4.2,8.76,1.42,44,1.44,-1.25,1.94,1.4,2.01,7.0,1.87,45,1.45,7.0,1.94,4.6,1.43,1.9,19,1.97,8.5,5.0,4.6,4.5,2.0,Ath Bilbao,Leganes,Ath Bilbao_Leganes_2016
363,1.65,4.13,1.76,3.8,6.2,1.53,7.0,3.9,1.59,1.57,1.57,4.13,6.5,6.0,3.75,1.61,6.05,43,7.0,1.0,2.13,6.0,1.84,1.62,2.04,45,5.75,1.55,2.1,3.9,6.37,2.07,20,1.8,1.6,4.0,3.75,3.9,1.83,Betis,Ath Madrid,Betis_Ath Madrid_2016
364,3.61,4.25,2.41,3.75,2.1,3.3,2.1,3.7,3.44,3.4,3.5,4.25,2.05,1.95,3.75,3.48,2.0,40,2.0,-0.5,1.94,2.0,2.02,3.6,1.56,45,2.0,3.3,1.6,4.0,2.01,1.9,20,1.98,3.5,3.6,3.9,3.89,2.53,Eibar,Sp Gijon,Eibar_Sp Gijon_2016
365,1.13,12.8,6.35,10.0,20.0,1.06,26.0,11.0,1.1,1.1,1.08,12.8,23.0,21.0,11.0,1.11,20.72,35,26.0,3.0,2.04,21.0,1.96,1.09,1.11,45,23.0,1.12,1.13,12.0,23.0,1.95,18,1.91,1.09,9.0,12.0,10.9,7.0,Las Palmas,Barcelona,Las Palmas_Barcelona_2016
366,15.0,9.0,5.05,7.0,1.17,13.0,1.22,8.0,12.02,11.0,15.0,8.89,1.15,1.18,8.0,13.09,1.19,35,1.17,-2.25,1.93,1.2,2.03,12.0,1.15,45,1.19,13.0,1.19,8.5,1.2,1.88,19,1.98,12.0,8.0,8.5,8.0,5.64,Real Madrid,Sevilla,Real Madrid_Sevilla_2016
367,6.5,4.7,2.31,3.8,1.5,6.0,1.6,4.2,5.88,6.0,6.5,4.45,1.53,1.57,4.1,6.12,1.56,41,1.53,-1.0,1.95,1.57,2.0,6.0,1.6,45,1.55,6.5,1.64,4.33,1.58,1.91,20,1.95,5.5,4.2,4.2,4.22,2.44,Sociedad,Malaga,Sociedad_Malaga_2016
368,6.5,4.59,2.22,3.8,1.5,6.5,1.59,4.33,6.02,6.0,6.5,4.59,1.5,1.53,4.33,6.49,1.54,41,1.5,-1.0,2.0,1.57,1.95,5.75,1.64,45,1.55,6.5,1.73,4.4,1.54,1.96,20,1.91,6.0,4.2,4.33,4.28,2.32,Villarreal,La Coruna,Villarreal_La Coruna_2016
369,1.25,7.79,4.25,6.5,15.0,1.2,15.0,7.0,1.22,1.22,1.2,7.79,12.0,13.0,7.0,1.23,11.67,34,13.0,2.0,1.88,11.0,2.07,1.22,1.21,44,11.0,1.2,1.23,7.0,12.87,1.85,18,2.02,1.22,6.5,6.5,7.06,4.5,Celta,Real Madrid,Celta_Real Madrid_2016
370,1.81,4.05,2.12,3.75,4.6,1.8,4.75,3.8,1.77,1.7,1.73,4.05,4.6,4.5,4.0,1.81,4.46,41,4.5,0.75,2.05,4.75,1.9,1.75,1.72,43,4.6,1.7,1.78,4.0,4.51,2.0,19,1.86,1.8,3.9,3.9,3.87,2.2,Granada,Espanol,Granada_Espanol_2016
371,4.8,4.33,2.49,4.0,1.75,4.2,1.78,4.0,4.43,4.33,4.5,4.29,1.75,1.75,4.0,4.67,1.73,38,1.73,-0.75,1.97,1.7,1.97,4.4,1.52,43,1.75,4.6,1.58,4.2,1.75,1.94,18,1.93,4.5,3.7,4.2,4.04,2.58,La Coruna,Las Palmas,La Coruna_Las Palmas_2016
372,3.9,3.57,1.72,3.4,2.4,3.8,2.4,3.25,3.67,3.4,3.75,3.57,2.1,2.1,3.25,3.79,2.08,40,2.1,-0.5,1.85,2.1,2.13,3.9,2.11,43,2.05,2.95,2.2,3.4,2.08,1.82,19,2.07,3.9,3.3,3.25,3.36,1.8,Leganes,Alaves,Leganes_Alaves_2016
373,21.0,9.71,4.06,8.0,1.2,15.0,1.2,9.0,16.85,17.0,17.0,9.71,1.13,1.14,9.0,17.22,1.14,33,1.14,-2.5,1.9,1.14,2.06,15.0,1.22,43,1.15,12.0,1.25,9.0,1.16,1.85,19,2.01,21.0,7.0,8.0,8.69,4.4,Sevilla,Osasuna,Sevilla_Osasuna_2016
374,3.05,3.65,2.13,3.4,2.3,2.87,2.55,3.4,2.81,2.75,2.8,3.65,2.4,2.5,3.4,2.84,2.47,41,2.5,0.0,2.1,2.5,1.85,2.85,1.71,43,2.45,3.05,1.75,3.6,2.54,2.06,19,1.81,2.8,3.4,3.3,3.44,2.21,Sp Gijon,Betis,Sp Gijon_Betis_2016
375,3.99,3.66,1.87,3.3,1.9,3.75,2.1,3.4,3.74,3.5,3.8,3.66,2.0,2.0,3.5,3.99,2.0,41,2.0,-0.5,1.92,2.1,2.05,3.9,1.92,42,2.0,3.9,2.0,3.5,2.0,1.88,18,2.0,3.7,3.6,3.6,3.48,1.94,Ath Madrid,Ath Bilbao,Ath Madrid_Ath Bilbao_2016
376,51.0,16.5,5.22,12.0,1.07,41.0,1.09,14.5,35.35,34.0,34.0,15.58,1.06,1.05,15.0,40.35,1.05,33,1.05,-3.25,2.0,1.06,1.96,36.0,1.15,42,1.05,20.0,1.2,15.0,1.07,1.95,15,1.91,36.0,12.0,12.0,13.82,5.94,Barcelona,Eibar,Barcelona_Eibar_2016
377,1.82,4.0,2.13,3.8,4.1,1.8,4.75,3.8,1.77,1.73,1.75,3.98,4.2,4.6,3.75,1.81,4.45,38,4.75,0.75,2.03,4.5,1.93,1.78,1.7,42,4.5,1.8,1.76,3.8,4.64,1.98,17,1.88,1.75,3.8,3.9,3.8,2.3,Celta,Sociedad,Celta_Sociedad_2016
378,1.25,7.5,4.15,7.5,11.0,1.22,12.8,7.0,1.23,1.2,1.22,7.48,9.5,10.5,7.0,1.24,10.69,33,11.0,2.0,2.05,10.0,1.9,1.22,1.22,41,11.5,1.25,1.25,7.5,12.7,2.01,17,1.86,1.22,6.0,6.5,6.84,4.4,Malaga,Real Madrid,Malaga_Real Madrid_2016
379,2.4,3.74,2.13,3.5,2.85,2.35,3.11,3.5,2.3,2.3,2.3,3.74,3.0,3.0,3.4,2.32,3.0,39,3.1,0.25,2.03,2.9,1.91,2.3,1.69,42,3.0,2.4,1.76,3.6,3.11,1.99,17,1.87,2.3,3.4,3.6,3.51,2.25,Valencia,Villarreal,Valencia_Villarreal_2016
