Div,Date,HomeTeam,AwayTeam,FTHG,FTAG,FTR,HTHG,HTAG,HTR,B365H,B365D,B365A,BWH,BWD,BWA,GBH,GBD,GBA,IWH,IWD,IWA,LBH,LBD,LBA,SBH,SBD,SBA,WHH,WHD,WHA,GB>2.5,GB<2.5,GBAHH,GBAHA,GBAH,B365AHH,B365AHA,B365AH
B1,2004-08-06,Mouscron,Anderlecht,2,0,H,1,0,H,3.5,3.25,1.9,3.25,3.4,1.95,3.6,3.25,1.9,3.5,3.1,1.9,3.75,3.5,1.727,3.6,3.25,1.85,3.8,3.5,1.72,1.65,2.0,1.71,1.9,0.5,,,
B1,2004-08-07,Beveren,Club Brugge,1,1,D,1,1,D,4.0,3.5,1.72,4.75,3.6,1.65,4.2,3.5,1.7,5.4,3.8,1.45,5.0,3.5,1.571,4.0,3.4,1.73,4.33,3.4,1.66,1.6,2.1,2.05,1.6,0.5,,,
B1,2004-08-07,Cercle Brugge,Lokeren,2,2,D,1,1,D,2.37,3.2,2.62,2.3,3.25,2.7,2.4,3.15,2.65,2.5,3.0,2.5,2.4,3.25,2.5,2.4,3.1,2.6,2.6,3.1,2.4,1.71,1.95,2.4,1.44,-0.5,,,
B1,2004-08-07,FC Brussels,Genk,0,1,A,0,0,D,3.0,3.25,2.1,3.2,3.35,2.0,3.35,3.2,2.0,3.1,3.0,2.1,,,,3.1,3.1,2.1,3.2,3.2,2.0,1.71,1.95,1.64,2.0,0.5,,,
B1,2004-08-07,Gent,Germinal,0,1,A,0,0,D,2.0,3.25,3.25,2.1,3.25,3.0,1.95,3.2,3.5,1.9,3.1,3.5,1.909,3.2,3.5,1.91,3.2,3.5,1.8,3.4,3.6,1.83,1.83,1.95,1.67,-0.5,,,
B1,2004-08-07,Lierse,Standard,1,1,D,0,1,A,2.8,3.25,2.2,3.0,3.3,2.1,2.85,3.2,2.25,2.7,3.0,2.3,2.75,3.2,2.25,2.8,3.1,2.25,2.87,3.1,2.2,1.71,1.95,1.51,2.25,0.5,,,
B1,2004-08-07,St Truiden,Bergen,0,0,D,0,0,D,1.83,3.25,3.75,2.0,3.35,3.2,1.8,3.3,4.0,1.9,3.1,3.5,1.8,3.25,3.75,1.91,3.2,3.5,1.8,3.3,3.75,1.79,1.85,1.8,1.81,-0.5,,,
B1,2004-08-08,Charleroi,Louvieroise,2,5,A,1,3,A,2.3,3.2,2.7,2.3,3.25,2.7,2.25,3.1,2.9,2.2,3.0,2.9,2.25,3.2,2.75,2.25,3.1,2.8,2.15,3.2,2.9,1.83,1.83,2.25,1.5,-0.5,,,
B1,2004-08-08,Oostende,Westerlo,3,3,D,0,2,A,2.7,3.2,2.3,2.9,3.2,2.2,2.65,3.25,2.35,2.6,3.0,2.4,2.75,3.25,2.2,2.75,3.2,2.25,2.5,3.25,2.4,1.83,1.83,1.46,2.35,0.5,,,
B1,2004-08-13,Standard,Charleroi,1,2,A,1,2,A,1.33,4.33,8.0,1.3,4.5,8.25,1.33,4.5,7.25,1.3,4.2,8.0,1.3,4.33,8.0,1.33,4.33,7.0,1.33,4.33,7.0,1.5,2.3,1.33,2.78,-0.5,,,
B1,2004-08-14,Anderlecht,St Truiden,2,1,H,0,0,D,1.22,5.5,8.5,1.3,4.5,8.25,1.25,5.0,9.0,1.33,4.0,7.5,1.25,4.5,10.0,1.22,5.0,9.5,1.25,4.5,10.0,,,1.25,3.21,-0.5,,,
B1,2004-08-14,Genk,Mouscron,0,0,D,0,0,D,1.8,3.25,4.0,1.85,3.35,3.65,1.7,3.3,4.5,1.75,3.2,4.0,1.67,3.25,4.5,1.8,3.25,3.8,1.72,3.2,4.33,1.71,1.95,1.62,2.02,-0.5,,,
B1,2004-08-14,Lokeren,FC Brussels,1,0,H,0,0,D,1.72,3.25,4.33,1.7,3.45,4.3,1.7,3.3,4.5,1.7,3.2,4.2,1.57,3.5,5.0,1.62,3.4,4.75,1.7,3.3,4.33,1.71,1.95,1.7,1.9,-0.5,,,
B1,2004-08-14,Louvieroise,Cercle Brugge,2,1,H,0,1,A,1.66,3.4,4.33,1.75,3.4,4.05,1.75,3.3,4.25,1.8,3.1,3.8,1.73,3.2,4.33,1.75,3.25,4.0,1.72,3.4,4.0,1.83,1.83,1.75,1.86,-0.5,,,
B1,2004-08-14,Westerlo,Lierse,2,1,H,2,0,H,1.83,3.25,3.75,1.9,3.3,3.5,1.91,3.25,3.55,2.0,3.1,3.2,1.91,3.2,3.5,1.91,3.2,3.5,2.05,3.3,3.0,1.75,1.9,1.91,1.7,-0.5,,,
B1,2004-08-15,Bergen,Beveren,2,2,D,2,1,H,2.2,3.25,2.75,2.0,3.25,3.25,2.1,3.25,3.05,1.85,3.2,3.5,2.0,3.2,3.2,2.2,3.1,2.88,2.1,3.2,3.0,1.83,1.83,2.1,1.57,-0.5,,,
B1,2004-08-15,Club Brugge,Gent,5,0,H,2,0,H,1.33,4.33,8.0,1.4,4.0,6.75,1.33,4.5,7.25,1.4,3.9,6.0,1.4,3.75,7.0,1.33,4.33,7.0,1.33,4.0,8.0,1.71,1.95,1.33,2.78,-0.5,,,
B1,2004-08-15,Germinal,Oostende,4,0,H,1,0,H,1.61,3.5,4.5,1.7,3.45,4.3,1.62,3.4,5.0,1.65,3.3,4.4,1.62,3.25,5.0,1.67,3.4,4.33,1.61,3.3,5.0,1.6,2.1,1.7,1.9,-0.5,,,
B1,2004-08-21,Beveren,Anderlecht,0,1,A,0,0,D,4.5,3.5,1.61,4.3,3.45,1.7,4.6,3.4,1.67,4.2,3.2,1.7,4.5,3.25,1.67,4.75,3.4,1.62,4.5,3.3,1.66,1.6,2.1,1.96,1.67,0.5,,,
B1,2004-08-21,Charleroi,Westerlo,0,1,A,0,1,A,2.5,3.1,2.5,2.45,3.2,2.55,2.5,3.15,2.55,2.4,3.0,2.6,2.62,3.4,2.25,2.5,3.1,2.5,2.4,3.1,2.6,1.55,2.2,2.5,1.41,-0.5,,,
B1,2004-08-21,Gent,Bergen,2,1,H,1,1,D,1.72,3.4,4.0,1.8,3.4,3.8,1.8,3.25,4.0,1.8,3.1,3.8,1.67,3.25,4.5,1.8,3.25,3.8,1.8,3.1,4.0,1.71,1.95,1.8,1.79,-0.5,,,
B1,2004-08-21,Lierse,Germinal,2,0,H,2,0,H,2.2,3.25,2.75,2.05,3.25,3.15,2.2,3.2,2.9,2.2,2.9,3.0,2.1,3.4,2.88,2.1,3.2,3.0,2.1,3.1,3.1,1.71,1.95,2.2,1.52,-0.5,,,
B1,2004-08-21,Mouscron,St Truiden,4,0,H,3,0,H,1.57,3.5,5.0,1.65,3.5,4.55,1.62,3.4,5.0,1.75,3.2,4.0,1.62,3.25,5.0,1.62,3.4,4.75,1.7,3.5,4.0,1.6,2.1,1.62,2.02,-0.5,,,
B1,2004-08-21,Oostende,Club Brugge,1,2,A,0,0,D,5.5,3.6,1.5,6.25,3.8,1.45,5.5,3.5,1.55,5.4,3.8,1.45,5.5,3.6,1.5,6.0,3.75,1.44,5.5,3.6,1.5,1.5,2.3,2.14,1.55,0.5,,,
B1,2004-08-22,Cercle Brugge,Standard,1,3,A,0,1,A,3.2,3.2,2.0,3.25,3.25,2.0,3.3,3.25,2.0,3.2,3.1,2.0,3.5,3.4,1.83,3.5,3.2,1.91,3.6,3.3,1.83,1.65,2.0,1.64,2.0,0.5,,,
B1,2004-08-22,FC Brussels,Louvieroise,1,1,D,0,1,A,2.37,3.1,2.62,2.45,3.2,2.55,2.4,3.15,2.65,2.2,3.0,2.9,2.2,3.2,2.8,2.4,3.2,2.5,2.25,3.3,2.62,1.65,2.0,2.4,1.44,-0.5,,,
B1,2004-08-22,Genk,Lokeren,2,1,H,0,0,D,1.61,3.5,4.5,1.6,3.55,4.9,1.65,3.5,4.55,1.7,3.2,4.2,1.67,3.25,4.5,1.67,3.4,4.33,1.66,3.3,4.5,1.6,2.1,1.65,1.98,-0.5,,,
B1,2004-08-27,Louvieroise,Genk,2,0,H,0,0,D,2.62,3.1,2.37,2.45,3.2,2.55,2.6,3.1,2.45,2.6,3.0,2.4,2.6,3.2,2.75,2.5,3.1,2.5,2.62,3.1,2.37,1.71,1.95,1.41,2.45,0.5,,,
B1,2004-08-28,Anderlecht,Gent,2,0,H,1,0,H,1.25,5.0,8.0,1.25,5.0,9.0,1.25,5.0,9.0,1.25,4.5,9.0,1.3,4.0,9.0,1.25,4.75,9.0,1.25,5.0,8.0,1.45,2.45,1.25,3.21,-0.5,,,
B1,2004-08-28,Bergen,Oostende,2,0,H,1,0,H,1.72,3.4,4.0,1.75,3.4,4.05,1.75,3.25,4.25,1.8,3.1,3.8,1.8,3.25,3.75,1.73,3.25,4.2,1.8,3.1,4.0,1.65,2.0,1.75,1.84,-0.5,,,
B1,2004-08-28,Club Brugge,Lierse,1,0,H,0,0,D,1.25,5.0,8.0,1.3,4.5,8.25,1.25,5.0,9.0,1.25,4.5,9.0,1.3,4.0,9.0,1.25,4.75,9.0,1.25,5.0,8.0,1.45,2.45,1.25,3.21,-0.5,,,
B1,2004-08-28,Lokeren,Mouscron,1,1,D,0,0,D,2.3,3.2,2.7,2.5,3.2,2.5,2.4,3.1,2.65,2.2,3.0,2.9,2.1,3.2,3.0,2.25,3.2,2.75,2.2,3.2,2.8,1.71,1.95,2.4,1.43,-0.5,,,
B1,2004-08-28,Standard,FC Brussels,1,3,A,0,1,A,1.33,4.33,7.0,1.3,4.5,8.25,1.33,4.25,8.0,1.35,4.0,7.0,1.4,3.75,7.0,1.33,4.33,7.0,1.3,4.33,8.0,1.55,2.2,1.33,2.78,-0.5,,,
B1,2004-08-28,Westerlo,Cercle Brugge,1,2,A,1,0,H,1.53,3.5,5.5,1.65,3.25,5.0,1.6,3.45,5.0,1.6,3.4,4.6,1.57,3.5,5.0,1.57,3.5,5.0,1.57,3.3,5.5,1.6,2.1,1.6,2.04,-0.5,,,
B1,2004-08-29,Germinal,Charleroi,0,1,A,0,1,A,1.66,3.4,4.33,1.7,3.45,4.3,1.67,3.4,4.5,1.65,3.3,4.4,1.62,3.5,4.5,1.67,3.4,4.33,1.66,3.3,4.5,1.65,2.0,1.67,1.94,-0.5,,,
B1,2004-08-29,St Truiden,Beveren,0,1,A,0,0,D,2.1,3.2,3.0,2.0,3.25,3.3,2.1,3.15,3.15,1.9,3.1,3.5,2.1,3.2,3.0,2.1,3.2,3.0,2.2,3.2,2.8,1.65,2.0,2.1,1.58,-0.5,,,
B1,2004-09-11,Charleroi,Club Brugge,0,1,A,0,0,D,5.0,3.5,1.571,4.55,3.5,1.65,4.9,3.55,1.6,4.6,3.4,1.6,4.5,3.5,1.615,4.75,3.6,1.57,4.8,3.4,1.6,1.6,2.1,2.06,1.6,0.5,,,
B1,2004-09-11,FC Brussels,Westerlo,0,1,A,0,0,D,2.375,3.1,2.625,2.35,3.2,2.65,2.3,3.2,2.75,2.1,3.1,3.0,2.375,3.25,2.5,2.4,3.25,2.5,2.37,3.1,2.62,1.75,1.9,2.3,1.48,-0.5,,,
B1,2004-09-11,Gent,St Truiden,2,1,H,1,0,H,1.727,3.25,4.333,1.8,3.4,3.8,1.75,3.45,4.0,1.75,3.2,4.0,1.571,3.5,5.0,1.8,3.25,3.8,1.7,3.3,4.2,1.65,2.0,1.75,1.85,-0.5,,,
B1,2004-09-11,Lierse,Bergen,4,1,H,1,0,H,1.833,3.2,3.75,1.9,3.3,3.5,1.85,3.3,3.75,1.9,3.1,3.5,1.727,3.2,4.333,1.85,3.25,3.6,1.9,3.2,3.5,1.75,1.9,1.85,1.76,-0.5,,,
B1,2004-09-11,Oostende,Anderlecht,1,3,A,0,1,A,7.0,3.75,1.4,5.75,3.65,1.5,6.0,3.9,1.45,6.0,3.9,1.4,6.0,3.75,1.444,6.0,3.75,1.44,7.0,3.75,1.4,1.6,2.1,2.36,1.45,0.5,,,
B1,2004-09-12,Cercle Brugge,Germinal,2,1,H,0,1,A,2.3,3.2,2.625,2.3,3.2,2.75,2.25,3.2,2.8,2.2,3.0,2.9,2.375,3.25,2.5,2.25,3.25,2.7,2.35,3.25,2.55,1.71,1.95,2.25,1.49,-0.5,,,
B1,2004-09-12,Genk,Standard,1,1,D,0,0,D,2.25,3.0,2.875,2.35,3.2,2.65,2.2,3.2,2.9,2.2,3.0,2.9,2.25,3.2,2.75,2.25,3.25,2.7,2.15,3.2,2.9,1.75,1.9,2.2,1.52,-0.5,,,
B1,2004-09-12,Lokeren,Louvieroise,1,0,H,1,0,H,2.2,3.0,3.0,2.1,3.25,3.05,2.1,3.2,3.1,2.0,3.1,3.2,1.91,3.25,3.4,2.1,3.2,3.0,2.2,3.2,2.8,1.83,1.83,2.1,1.57,-0.5,,,
B1,2004-09-12,Mouscron,Beveren,1,0,H,1,0,H,1.571,3.5,5.0,1.6,3.55,4.9,1.55,3.7,5.0,1.55,3.5,4.8,1.615,3.5,4.5,1.61,3.4,4.75,1.55,3.35,5.5,1.75,1.9,1.55,2.13,-0.5,,,
B1,2004-09-17,Louvieroise,Mouscron,3,1,H,1,1,D,2.2,3.2,2.8,2.2,3.2,2.9,2.25,3.15,2.85,2.3,2.9,2.8,2.38,3.2,2.6,2.25,3.25,2.7,2.15,3.1,2.95,1.71,1.95,2.25,1.5,-0.5,,,
B1,2004-09-18,Anderlecht,Lierse,5,1,H,2,0,H,1.25,5.0,8.0,1.25,5.0,9.0,1.25,5.0,9.0,1.27,4.3,8.5,1.29,4.33,9.0,1.25,5.0,8.0,1.25,5.0,8.0,1.55,2.2,1.25,3.21,-0.5,,,
B1,2004-09-18,Bergen,Charleroi,0,1,A,0,0,D,2.1,3.0,3.2,2.0,3.25,3.3,2.05,3.0,3.45,2.0,3.0,3.3,2.1,3.2,3.0,2.1,3.2,3.0,2.1,3.1,3.05,1.75,1.9,2.05,1.6,-0.5,,,
B1,2004-09-18,Germinal,FC Brussels,2,0,H,0,0,D,1.72,3.2,4.33,1.75,3.4,4.05,1.85,3.45,3.55,1.85,3.1,3.6,1.73,3.2,4.33,1.73,3.4,4.0,1.8,3.1,4.0,1.71,1.95,1.85,1.75,-0.5,,,
B1,2004-09-18,St Truiden,Oostende,0,0,D,0,0,D,1.8,3.2,4.0,1.75,3.4,4.05,1.8,3.25,4.0,1.75,3.2,4.0,1.91,3.2,3.5,1.8,3.3,3.75,1.72,3.2,4.3,1.75,1.9,1.8,1.79,-0.5,,,
B1,2004-09-18,Westerlo,Genk,0,0,D,0,0,D,2.25,3.2,2.75,2.3,3.2,2.75,2.3,3.25,2.7,2.4,2.9,2.7,2.38,3.2,2.6,2.25,3.25,2.7,2.3,3.1,2.7,1.65,2.0,2.3,1.47,-0.5,,,
B1,2004-09-19,Beveren,Gent,1,2,A,1,1,D,2.1,3.2,3.0,2.15,3.25,2.95,2.1,3.35,2.95,2.2,3.0,2.9,2.25,3.2,2.75,2.1,3.25,2.9,2.05,3.1,3.15,1.79,1.85,2.1,1.57,-0.5,,,
B1,2004-09-19,Club Brugge,Cercle Brugge,5,0,H,1,0,H,1.25,5.0,8.0,1.25,5.0,9.0,1.25,5.0,9.0,1.22,4.8,9.5,1.25,4.5,10.0,1.25,5.0,8.0,1.28,4.5,8.0,1.5,2.3,1.25,3.21,-0.5,,,
B1,2004-09-19,Standard,Lokeren,1,0,H,1,0,H,1.72,3.4,4.0,1.75,3.4,4.05,1.75,3.45,4.0,1.8,3.1,3.8,1.8,3.2,4.0,1.67,3.4,4.33,1.72,3.25,4.2,1.6,2.1,1.75,1.85,-0.5,,,
B1,2004-09-24,Charleroi,Anderlecht,2,1,H,0,0,D,5.0,3.6,1.53,4.9,3.55,1.6,5.0,3.5,1.6,5.0,3.7,1.5,5.0,3.5,1.57,5.0,3.6,1.53,5.5,3.5,1.53,,,2.38,1.45,0.5,,,
B1,2004-09-24,FC Brussels,Club Brugge,1,6,A,1,2,A,5.5,3.6,1.5,6.2,3.8,1.45,5.5,3.8,1.5,5.4,3.8,1.45,5.5,3.6,1.5,6.5,3.6,1.44,6.0,3.75,1.44,1.55,2.2,2.38,1.45,0.5,,,
B1,2004-09-25,Cercle Brugge,Bergen,2,0,H,1,0,H,1.9,3.2,3.5,2.0,3.25,3.3,1.97,3.25,3.4,1.85,3.1,3.6,1.91,3.2,3.5,2.0,3.2,3.2,1.9,3.3,3.35,1.75,1.9,1.97,1.66,-0.5,,,
B1,2004-09-25,Lokeren,Westerlo,3,1,H,1,1,D,2.1,3.2,3.0,2.1,3.25,3.05,2.0,3.25,3.3,1.9,3.1,3.5,1.91,3.2,3.5,2.1,3.2,3.0,2.1,3.3,2.87,1.83,1.83,2.0,1.64,-0.5,,,
B1,2004-09-25,Louvieroise,Standard,0,1,A,0,1,A,2.4,3.25,2.5,2.3,3.2,2.75,2.55,3.05,2.55,2.5,3.0,2.5,2.38,3.25,2.5,2.4,3.2,2.5,2.6,3.1,2.4,1.71,1.95,2.55,1.39,-0.5,,,
B1,2004-09-25,Mouscron,Gent,0,2,A,0,0,D,1.8,3.25,3.75,1.7,3.45,4.3,1.7,3.45,4.3,1.75,3.2,4.0,1.8,3.4,3.6,1.8,3.25,3.8,1.8,3.3,3.75,1.65,2.0,1.7,1.91,-0.5,,,
B1,2004-09-25,Oostende,Beveren,1,1,D,0,1,A,2.4,3.25,2.5,2.3,3.2,2.75,2.4,3.2,2.65,2.5,3.0,2.5,2.5,3.25,2.38,2.4,3.2,2.5,2.45,3.3,2.4,1.75,1.9,2.4,1.45,-0.5,,,
B1,2004-09-26,Genk,Germinal,2,1,H,1,0,H,1.61,3.5,4.5,1.65,3.5,4.55,1.62,3.6,4.65,1.55,3.5,4.8,1.57,3.5,5.0,1.62,3.5,4.5,1.65,3.4,4.4,1.71,1.95,1.62,2.03,-0.5,,,
B1,2004-09-26,Lierse,St Truiden,0,1,A,0,0,D,1.66,3.4,4.33,1.7,3.45,4.3,1.65,3.5,4.6,1.65,3.3,4.4,1.67,3.25,4.5,1.67,3.4,4.33,1.7,3.4,4.1,1.71,1.95,1.65,1.99,-0.5,,,
B1,2004-10-02,Anderlecht,Cercle Brugge,5,2,H,3,2,H,1.22,5.0,11.0,1.2,5.5,10.0,1.2,5.3,11.0,1.2,5.0,10.0,1.2,5.0,11.0,1.2,5.0,11.0,1.2,5.0,11.0,,,1.2,3.58,-0.5,,,
B1,2004-10-02,Bergen,FC Brussels,1,2,A,1,0,H,1.9,3.2,3.5,1.75,3.4,4.05,1.91,3.3,3.5,2.0,3.1,3.2,1.91,3.2,3.5,1.91,3.25,3.4,1.95,3.2,3.3,1.71,1.95,1.91,1.7,-0.5,,,
B1,2004-10-02,Gent,Oostende,2,1,H,1,1,D,1.44,3.6,6.5,1.55,3.6,5.3,1.45,3.75,6.5,1.45,3.8,5.4,1.33,4.0,8.0,1.44,3.75,6.0,1.5,3.4,6.0,1.6,2.1,1.45,2.38,-0.5,,,
B1,2004-10-02,Germinal,Lokeren,1,2,A,0,0,D,2.1,3.2,3.0,2.0,3.3,3.25,2.15,3.2,3.0,2.1,3.0,3.1,2.1,3.4,2.88,2.1,3.2,3.0,2.1,3.3,2.87,1.79,1.85,2.15,1.55,-0.5,,,
B1,2004-10-02,St Truiden,Charleroi,2,2,D,1,0,H,2.4,3.25,2.5,2.3,3.2,2.75,2.4,3.2,2.6,2.1,3.0,3.1,2.25,3.2,2.75,2.38,3.1,2.62,2.37,3.1,2.62,1.65,2.0,2.4,1.43,-0.5,,,
B1,2004-10-03,Beveren,Lierse,2,1,H,1,0,H,2.1,3.2,3.0,2.15,3.25,2.95,2.05,3.2,3.2,2.2,3.0,2.9,2.0,3.2,3.2,2.1,3.2,3.0,2.2,3.1,2.87,1.85,1.79,2.05,1.6,-0.5,,,
B1,2004-10-03,Club Brugge,Genk,1,1,D,1,1,D,1.33,4.5,7.0,1.35,4.2,7.5,1.35,4.3,7.2,1.35,4.0,7.0,1.44,3.6,6.5,1.36,4.0,7.0,1.35,4.2,7.0,1.5,2.3,1.35,2.69,-0.5,,,
B1,2004-10-03,Standard,Mouscron,2,0,H,1,0,H,1.83,3.25,3.6,1.8,3.4,3.8,1.75,3.3,4.25,1.8,3.1,3.8,1.8,3.2,4.0,1.75,3.4,3.8,1.7,3.2,4.5,1.95,1.71,1.75,1.86,-0.5,,,
B1,2004-10-03,Westerlo,Louvieroise,0,2,A,0,0,D,2.0,3.2,3.2,2.1,3.25,3.05,2.1,3.2,3.1,2.1,3.0,3.1,2.0,3.2,3.2,2.1,3.2,3.0,2.1,3.2,3.0,1.75,1.9,2.1,1.57,-0.5,,,
B1,2004-10-15,FC Brussels,Anderlecht,0,1,A,0,1,A,6.0,3.75,1.44,6.25,3.8,1.45,6.0,3.9,1.45,5.0,3.7,1.5,6.5,3.25,1.5,6.0,3.75,1.44,5.5,3.6,1.5,1.55,2.2,1.52,1.95,1.5,,,
B1,2004-10-16,Genk,Bergen,2,2,D,1,1,D,1.36,4.0,7.0,1.3,4.3,9.0,1.35,4.3,7.2,1.4,3.9,6.0,1.3,4.0,9.0,1.36,4.0,7.0,1.36,4.0,7.0,1.65,2.0,1.85,1.6,-1.5,,,
B1,2004-10-16,Lierse,Gent,3,2,H,1,0,H,2.4,3.1,2.6,2.55,3.2,2.45,2.4,3.2,2.6,2.3,3.0,2.7,2.5,3.25,2.4,2.5,3.1,2.5,2.3,3.3,2.6,1.79,1.85,2.4,1.43,-0.5,,,
B1,2004-10-16,Mouscron,Oostende,1,1,D,1,1,D,1.44,3.75,6.0,1.4,4.0,6.65,1.45,3.9,6.0,1.4,3.9,6.0,1.5,3.25,6.5,1.44,3.75,6.0,1.44,3.75,6.0,1.65,2.0,2.07,1.46,-1.5,,,
B1,2004-10-16,Standard,Westerlo,2,0,H,2,0,H,1.5,3.6,5.5,1.5,3.65,5.8,1.5,3.9,5.3,1.45,3.8,5.4,1.57,3.5,5.0,1.53,3.5,5.5,1.55,3.35,5.5,1.65,2.0,1.5,2.25,-0.5,,,
B1,2004-10-17,Cercle Brugge,St Truiden,5,1,H,2,0,H,1.9,3.2,3.5,2.0,3.25,3.3,1.95,3.25,3.4,1.9,3.1,3.5,1.91,3.4,3.25,1.91,3.25,3.4,1.9,3.3,3.4,1.71,1.95,1.95,1.66,-0.5,,,
B1,2004-10-17,Charleroi,Beveren,2,1,H,1,1,D,2.0,3.2,3.2,1.8,3.4,3.8,1.95,3.3,3.35,2.0,3.1,3.2,1.91,3.4,3.25,2.0,3.2,3.2,1.9,3.3,3.35,1.83,1.83,1.95,1.66,-0.5,,,
B1,2004-10-17,Lokeren,Club Brugge,0,2,A,0,1,A,4.5,3.3,1.66,4.3,3.45,1.7,4.2,3.5,1.7,4.2,3.2,1.7,3.5,3.5,1.8,3.75,3.3,1.8,4.0,3.4,1.72,1.65,2.0,1.91,1.7,0.5,,,
B1,2004-10-17,Louvieroise,Germinal,1,1,D,1,0,H,1.66,3.3,4.5,1.7,3.45,4.3,1.7,3.35,4.4,1.8,3.1,3.8,1.67,3.25,4.5,1.67,3.4,4.33,1.65,3.3,4.6,1.71,1.95,1.7,1.9,-0.5,,,
B1,2004-10-23,Bergen,Lokeren,0,1,A,0,1,A,2.5,3.1,2.5,2.4,3.2,2.6,2.5,3.2,2.5,2.4,2.9,2.7,2.4,3.25,2.5,2.5,3.25,2.4,2.45,3.1,2.55,1.75,1.9,2.5,1.4,-0.5,,,
B1,2004-10-23,Gent,Charleroi,3,1,H,2,1,H,1.83,3.25,3.6,1.85,3.35,3.65,1.85,3.3,3.75,1.8,3.1,3.8,1.8,3.5,3.5,1.85,3.25,3.6,1.85,3.3,3.5,1.65,2.0,1.85,1.76,-0.5,,,
B1,2004-10-23,St Truiden,FC Brussels,2,0,H,0,0,D,2.0,3.2,3.2,1.95,3.25,3.4,2.0,3.25,3.3,2.0,3.1,3.2,1.91,3.25,3.4,2.0,3.2,3.2,2.0,3.15,3.2,1.75,1.9,2.0,1.64,-0.5,,,
B1,2004-10-23,Westerlo,Mouscron,0,1,A,0,1,A,2.1,3.2,3.0,2.1,3.25,3.05,2.1,3.25,3.0,2.2,3.0,2.9,1.91,3.25,3.4,2.1,3.2,3.0,2.05,3.2,3.05,1.75,1.9,2.1,1.56,-0.5,,,
B1,2004-10-24,Anderlecht,Genk,4,2,H,0,1,A,1.4,3.75,7.0,1.35,4.2,7.5,1.4,4.1,6.5,1.45,3.8,5.4,1.5,3.4,6.0,1.44,3.75,6.0,1.44,3.6,6.5,1.6,2.1,1.95,1.52,-1.5,,,
B1,2004-10-24,Beveren,Cercle Brugge,5,1,H,2,0,H,2.0,3.2,3.2,2.0,3.25,3.3,2.0,3.25,3.3,2.1,3.0,3.1,1.91,3.4,3.25,1.91,3.2,3.5,1.9,3.25,3.4,1.71,1.95,2.0,1.64,-0.5,,,
B1,2004-10-24,Club Brugge,Louvieroise,2,0,H,1,0,H,1.33,4.33,7.0,1.4,4.0,6.75,1.35,4.35,7.0,1.3,4.2,8.0,1.4,3.75,7.0,1.33,4.33,7.0,1.36,3.7,8.0,1.6,2.1,1.85,1.6,-1.5,,,
B1,2004-10-24,Germinal,Standard,1,0,H,0,0,D,3.0,3.2,2.1,3.3,3.25,2.0,3.0,3.25,2.1,3.2,3.1,2.0,2.75,3.25,2.2,3.0,3.2,2.1,2.8,3.2,2.2,1.71,1.95,1.56,2.1,0.5,,,
B1,2004-10-24,Oostende,Lierse,2,3,A,2,2,D,2.37,3.1,2.62,2.25,3.2,2.8,2.4,3.2,2.6,2.4,2.9,2.7,2.4,3.25,2.5,2.4,3.25,2.5,2.35,3.15,2.6,1.75,1.9,2.4,1.43,-0.5,,,
B1,2004-10-29,Standard,Club Brugge,1,4,A,1,1,D,2.75,3.2,2.25,2.9,3.2,2.2,2.8,3.1,2.3,2.9,3.0,2.2,2.62,3.4,2.25,2.75,3.2,2.25,2.8,3.3,2.15,,,1.47,2.3,0.5,,,
B1,2004-10-30,Charleroi,Oostende,1,0,H,1,0,H,1.53,3.5,5.5,1.55,3.6,5.3,1.55,3.5,5.5,1.55,3.5,4.8,1.44,3.6,6.5,1.53,3.6,5.2,1.55,3.6,5.0,1.6,2.1,1.55,2.14,-0.5,,,
B1,2004-10-30,FC Brussels,Beveren,1,3,A,1,2,A,2.25,3.2,2.75,2.3,3.2,2.75,2.3,3.2,2.75,2.2,3.0,2.9,2.25,3.4,2.62,2.25,3.2,2.75,2.25,3.1,2.8,1.79,1.85,2.3,1.48,-0.5,,,
B1,2004-10-30,Genk,St Truiden,1,0,H,1,0,H,1.5,3.4,6.0,1.45,3.8,6.25,1.45,3.8,6.3,1.55,3.5,4.8,1.44,3.6,6.5,1.5,3.6,5.5,1.55,3.6,5.0,1.6,2.1,1.45,2.37,-0.5,,,
B1,2004-10-30,Lokeren,Anderlecht,2,2,D,2,1,H,4.0,3.4,1.72,3.55,3.3,1.9,4.0,3.4,1.75,3.8,3.3,1.75,3.6,3.4,1.8,4.0,3.4,1.73,3.75,3.3,1.8,1.65,2.0,1.84,1.75,0.5,,,
B1,2004-10-30,Louvieroise,Bergen,4,0,H,2,0,H,1.61,3.25,5.0,1.55,3.6,5.3,1.55,3.6,5.25,1.55,3.5,4.8,1.57,3.5,5.0,1.57,3.5,5.0,1.5,3.6,5.5,1.71,1.95,1.55,2.14,-0.5,,,
B1,2004-10-30,Westerlo,Germinal,1,0,H,0,0,D,2.0,3.2,3.2,2.0,3.25,3.3,2.0,3.2,3.3,2.0,3.1,3.2,1.83,3.4,3.5,2.0,3.2,3.2,2.1,3.1,3.1,1.79,1.85,2.0,1.62,-0.5,,,
B1,2004-10-31,Cercle Brugge,Gent,2,1,H,0,1,A,2.4,3.1,2.62,2.4,3.2,2.6,2.4,3.2,2.6,2.4,3.0,2.6,2.4,3.25,2.5,2.5,3.1,2.5,2.5,3.1,2.5,1.65,2.0,2.4,1.43,-0.5,,,
B1,2004-10-31,Mouscron,Lierse,1,3,A,1,2,A,1.9,3.2,3.5,1.75,3.4,4.05,1.75,3.2,4.4,1.75,3.2,4.0,1.83,3.4,3.5,1.91,3.2,3.5,1.9,3.3,3.4,1.71,1.95,1.75,1.85,-0.5,,,
B1,2004-11-05,Club Brugge,Westerlo,2,0,H,2,0,H,1.2,5.0,11.0,1.18,6.0,10.0,1.2,5.4,10.5,1.2,5.0,10.0,1.2,5.0,11.0,1.22,5.0,9.5,1.2,5.5,9.0,1.6,2.1,1.2,3.57,-0.5,1.725,2.125,-1.75
B1,2004-11-06,Anderlecht,Louvieroise,2,1,H,0,1,A,1.4,3.75,7.0,1.4,4.0,6.75,1.4,3.9,7.0,1.4,3.9,6.0,1.4,3.75,7.0,1.4,3.75,7.0,1.33,4.0,8.0,1.55,2.2,1.95,1.52,-1.5,1.85,2.0,-1.25
B1,2004-11-06,Bergen,Standard,2,3,A,0,0,D,3.4,3.25,1.9,3.65,3.35,1.85,3.55,3.3,1.9,3.8,3.1,1.8,3.25,3.4,1.91,3.6,3.25,1.85,3.3,3.3,1.9,1.8,1.85,1.71,1.9,0.5,1.975,1.875,0.5
B1,2004-11-06,Germinal,Mouscron,3,1,H,0,1,A,2.1,3.2,3.0,2.2,3.2,2.9,2.15,3.25,2.95,2.3,3.0,2.7,2.0,3.4,3.0,2.0,3.2,3.2,2.0,3.15,3.2,1.65,2.0,2.07,1.46,-1.5,1.975,1.875,-0.25
B1,2004-11-06,Lierse,Charleroi,1,1,D,1,0,H,2.0,3.2,3.2,2.05,3.25,3.15,2.0,3.35,3.2,2.0,3.1,3.2,1.91,3.5,3.2,2.0,3.2,3.2,2.0,3.3,3.1,1.75,1.9,2.0,1.64,-0.5,1.8,2.05,-0.25
B1,2004-11-06,St Truiden,Lokeren,2,0,H,1,0,H,2.5,3.25,2.4,2.45,3.2,2.55,2.5,3.3,2.45,2.5,3.0,2.5,2.5,3.25,2.4,2.5,3.1,2.5,2.45,3.15,2.5,1.75,1.9,1.42,2.45,0.5,1.925,1.925,0.0
B1,2004-11-07,Beveren,Genk,0,2,A,0,1,A,2.4,3.25,2.5,2.5,3.2,2.5,2.55,3.2,2.45,2.7,3.0,2.3,2.5,3.25,2.38,2.5,3.1,2.5,2.4,3.2,2.5,1.71,1.95,1.42,2.45,0.5,1.925,1.925,0.0
B1,2004-11-07,Gent,FC Brussels,3,0,H,1,0,H,1.44,3.75,6.0,1.45,3.8,6.25,1.45,3.9,6.0,1.45,3.8,5.4,1.4,4.0,6.0,1.44,3.75,6.0,1.45,3.7,6.0,1.79,1.85,2.15,1.55,-0.5,1.95,1.9,-1.25
B1,2004-11-07,Oostende,Cercle Brugge,0,1,A,0,0,D,2.4,3.25,2.5,2.4,3.2,2.6,2.45,3.2,2.55,2.3,3.0,2.7,2.38,3.25,2.5,2.4,3.1,2.6,2.4,3.15,2.55,1.71,1.95,2.45,1.42,-0.5,1.825,2.025,0.0
B1,2004-11-10,Cercle Brugge,Lierse,2,2,D,1,1,D,2.25,3.4,2.6,1.95,3.25,3.4,2.05,3.25,3.15,2.1,3.0,3.1,2.2,3.25,2.75,2.0,3.2,3.2,2.1,3.15,3.0,1.6,2.1,2.05,1.6,-0.5,1.85,2.0,-0.25
B1,2004-11-10,FC Brussels,Oostende,2,2,D,1,1,D,1.83,3.25,3.75,1.75,3.4,4.05,1.85,3.25,3.85,1.8,3.1,3.8,1.8,3.25,3.75,1.8,3.25,3.8,1.85,3.25,3.6,1.83,1.83,1.85,1.76,-0.5,1.85,2.0,-0.5
B1,2004-11-10,Genk,Gent,1,1,D,0,0,D,1.83,3.25,3.75,1.75,3.4,4.05,1.87,3.25,3.7,1.8,3.1,3.8,1.73,3.2,4.33,1.85,3.25,3.6,1.7,3.25,4.3,1.6,2.1,1.87,1.73,-0.5,1.875,1.975,-0.5
B1,2004-11-10,Germinal,Club Brugge,0,1,A,0,1,A,5.0,3.5,1.57,5.8,3.65,1.5,5.0,3.5,1.6,5.0,3.7,1.5,4.5,3.25,1.67,4.5,3.5,1.62,5.0,3.55,1.55,1.75,1.9,2.06,1.6,0.5,1.875,1.975,1.0
B1,2004-11-10,Lokeren,Beveren,1,1,D,0,0,D,1.72,3.4,4.0,1.7,3.45,4.3,1.75,3.4,4.1,1.8,3.1,3.8,1.8,3.25,3.75,1.8,3.25,3.8,1.7,3.25,4.3,1.75,1.9,1.75,1.86,-0.5,1.8,2.05,-0.5
B1,2004-11-10,Louvieroise,St Truiden,1,0,H,0,0,D,1.57,3.5,5.0,1.5,3.65,5.8,1.6,3.5,5.0,1.65,3.3,4.4,1.62,3.5,4.5,1.57,3.5,5.0,1.55,3.55,5.0,1.71,1.95,1.6,2.06,-0.5,2.075,1.775,-1.0
B1,2004-11-10,Mouscron,Charleroi,0,1,A,0,0,D,1.9,3.2,3.4,1.95,3.25,3.4,2.0,3.25,3.3,1.9,3.1,3.5,2.0,3.2,3.2,2.0,3.2,3.2,2.05,3.15,3.1,1.76,1.87,2.0,1.64,-0.5,2.0,1.85,-0.5
B1,2004-11-10,Standard,Anderlecht,1,0,H,0,0,D,3.0,3.2,2.1,3.3,3.25,2.0,2.9,3.2,2.2,2.7,3.0,2.3,2.62,3.4,2.25,2.9,3.2,2.15,3.2,3.05,2.05,1.65,2.0,1.52,2.2,0.5,1.975,1.875,0.25
B1,2004-11-10,Westerlo,Bergen,2,1,H,2,0,H,1.66,3.4,4.33,1.6,3.5,4.9,1.7,3.4,4.4,1.75,3.2,4.0,1.62,3.5,4.5,1.67,3.4,4.33,1.7,3.4,4.1,1.75,1.9,1.7,1.92,-0.5,1.975,1.875,-0.75
B1,2004-11-27,Anderlecht,Westerlo,4,0,H,2,0,H,1.25,4.5,10.0,1.25,5.0,9.0,1.25,5.0,9.0,1.25,4.5,9.0,1.25,4.5,10.0,1.25,4.75,9.0,1.2,5.0,11.0,1.55,2.2,1.25,3.21,-0.5,1.925,1.925,-1.75
B1,2004-11-27,Beveren,Louvieroise,0,2,A,0,0,D,2.3,3.25,2.62,2.3,3.2,2.75,2.35,3.2,2.7,2.2,3.0,2.9,2.25,3.5,2.5,2.38,3.1,2.62,2.3,3.2,2.62,1.83,1.83,2.35,1.46,-0.5,1.775,2.075,0.0
B1,2004-11-27,Charleroi,Cercle Brugge,5,1,H,2,1,H,1.83,3.3,3.6,1.85,3.3,3.7,1.85,3.35,3.65,1.9,3.1,3.5,1.8,3.5,3.5,1.83,3.3,3.6,1.8,3.25,3.8,1.6,2.1,1.85,1.75,-0.5,1.925,1.925,-0.5
B1,2004-11-27,Gent,Lokeren,3,1,H,2,1,H,1.8,3.3,3.75,1.8,3.4,3.8,1.8,3.4,3.8,1.85,3.1,3.6,1.8,3.4,3.6,1.8,3.3,3.75,1.72,3.2,4.33,1.65,2.0,1.8,1.79,-0.5,1.925,1.925,-0.5
B1,2004-11-27,Oostende,Genk,1,3,A,0,1,A,3.5,3.4,1.83,3.8,3.4,1.8,3.65,3.35,1.85,3.8,3.1,1.8,3.75,3.25,1.8,3.5,3.2,1.91,4.2,3.25,1.72,1.75,1.9,1.75,1.85,0.5,2.0,1.85,0.5
B1,2004-11-28,Bergen,Germinal,0,1,A,0,0,D,2.5,3.1,2.5,2.6,3.2,2.4,2.5,3.2,2.5,2.4,3.0,2.6,2.38,3.25,2.5,2.5,3.1,2.5,2.5,3.1,2.5,1.83,1.83,2.5,1.4,-0.5,1.875,1.975,0.0
B1,2004-11-28,Club Brugge,Mouscron,3,0,H,2,0,H,1.2,5.0,11.0,1.25,5.0,9.0,1.25,5.0,9.0,1.25,4.5,9.0,1.25,4.5,10.0,1.2,5.5,9.5,1.2,5.0,11.0,1.5,2.3,1.25,3.21,-0.5,1.875,1.975,-1.75
B1,2004-11-28,Lierse,FC Brussels,5,1,H,3,0,H,1.57,3.5,5.0,1.6,3.5,5.0,1.6,3.5,5.0,1.6,3.4,4.6,1.57,3.5,5.0,1.57,3.5,5.0,1.61,3.4,4.8,1.71,1.95,1.6,2.06,-0.5,1.75,2.1,-0.75
B1,2004-11-28,St Truiden,Standard,4,1,H,3,1,H,3.0,3.2,2.1,2.95,3.25,2.15,3.15,3.15,2.1,3.2,3.1,2.0,3.0,3.4,2.0,3.2,3.2,2.0,3.5,3.2,1.9,1.83,1.83,1.64,2.0,0.5,2.1,1.75,0.25
B1,2004-12-03,Louvieroise,Gent,0,1,A,0,1,A,2.0,3.2,3.2,2.0,3.25,3.3,2.1,3.25,3.05,2.1,3.0,3.1,2.0,3.4,3.0,2.0,3.2,3.2,2.05,3.3,3.0,1.75,1.9,2.1,1.57,-0.5,1.725,2.125,-0.25
B1,2004-12-03,Mouscron,Cercle Brugge,6,0,H,3,0,H,2.1,3.3,2.87,2.05,3.25,3.15,2.0,3.3,3.25,1.85,3.1,3.6,2.0,3.4,3.0,2.0,3.2,3.2,2.05,3.4,2.9,1.75,1.9,2.0,1.64,-0.5,1.975,1.875,-0.5
B1,2004-12-04,Club Brugge,Bergen,3,1,H,1,0,H,1.1,6.5,15.0,1.15,6.0,13.0,1.15,6.0,14.0,1.15,6.0,12.0,1.11,6.5,15.0,1.14,6.0,12.0,1.12,6.5,12.0,1.35,2.75,,,,1.775,2.075,-2.0
B1,2004-12-04,Genk,Lierse,3,0,H,0,0,D,1.72,3.4,4.0,1.7,3.45,4.3,1.7,3.4,4.4,1.65,3.3,4.4,1.73,3.4,4.0,1.75,3.3,4.0,1.65,3.4,4.5,1.71,1.95,1.7,1.92,-0.5,1.925,1.925,-0.75
B1,2004-12-04,Germinal,Anderlecht,0,1,A,0,0,D,4.0,3.4,1.72,4.05,3.4,1.75,4.0,3.3,1.8,3.8,3.1,1.8,4.0,3.4,1.73,4.0,3.4,1.73,3.75,3.5,1.75,1.71,1.95,1.81,1.8,0.5,1.975,1.875,0.5
B1,2004-12-04,Westerlo,St Truiden,2,1,H,1,1,D,1.9,3.25,3.4,1.75,3.4,4.05,1.85,3.3,3.75,2.0,3.1,3.2,1.91,3.5,3.2,1.91,3.25,3.4,1.8,3.4,3.6,1.79,1.85,1.85,1.76,-0.5,2.025,1.825,-0.5
B1,2004-12-05,FC Brussels,Charleroi,1,2,A,1,1,D,3.0,3.2,2.1,3.3,3.25,2.0,3.05,3.25,2.1,3.1,3.2,2.0,2.88,3.4,2.1,3.0,3.2,2.1,2.8,3.4,2.1,1.75,1.9,1.57,2.1,0.5,2.05,1.8,0.25
B1,2004-12-05,Lokeren,Oostende,1,0,H,0,0,D,1.4,3.75,7.0,1.45,3.8,6.25,1.45,3.75,6.5,1.45,3.8,5.4,1.4,3.75,7.0,1.4,3.75,7.0,1.4,3.75,7.0,1.71,1.95,2.03,1.48,-1.5,1.975,1.875,-1.25
B1,2004-12-05,Standard,Beveren,3,0,H,1,0,H,1.5,3.6,5.5,1.5,3.65,5.8,1.5,3.7,5.75,1.45,3.8,5.4,1.5,3.6,5.5,1.5,3.6,5.5,1.5,3.6,5.5,1.65,2.0,2.15,1.42,-1.5,1.775,2.075,-1.0
B1,2004-12-11,Anderlecht,Club Brugge,2,1,H,0,1,A,2.25,3.2,2.75,2.25,3.2,2.8,2.25,3.25,2.8,2.3,3.0,2.7,2.38,3.25,2.5,2.25,3.1,2.8,2.4,3.3,2.45,1.71,1.95,2.25,1.5,-0.5,2.1,1.75,-0.25
B1,2004-12-11,Beveren,Westerlo,4,1,H,1,0,H,2.1,3.2,3.0,2.15,3.3,2.9,2.0,3.3,3.25,2.2,3.0,2.9,2.0,3.4,3.0,2.1,3.2,3.0,2.0,3.3,3.1,1.65,2.0,2.0,1.64,-0.5,1.85,2.0,-0.25
B1,2004-12-11,Charleroi,Genk,2,0,H,2,0,H,2.2,3.4,2.62,2.2,3.2,2.9,2.3,3.25,2.7,2.4,3.0,2.6,2.38,3.2,2.6,2.25,3.25,2.7,2.35,3.3,2.5,1.71,1.95,2.3,1.47,-0.5,2.15,1.7,-0.25
B1,2004-12-11,Lierse,Lokeren,2,0,H,2,0,H,1.9,3.25,3.4,1.8,3.4,3.8,1.85,3.4,3.6,2.1,3.0,3.1,2.0,3.4,3.0,1.91,3.25,3.4,1.85,3.4,3.4,1.65,2.0,1.85,1.75,-0.5,2.075,1.775,-0.5
B1,2004-12-11,Oostende,Louvieroise,2,1,H,1,1,D,3.75,3.3,1.8,3.8,3.4,1.8,3.3,3.5,1.9,3.5,3.1,1.9,3.4,3.25,1.91,3.3,3.3,1.91,3.0,3.4,2.0,1.65,2.0,1.7,1.9,0.5,1.975,1.875,0.5
B1,2004-12-11,St Truiden,Germinal,1,1,D,0,0,D,2.0,3.2,3.2,1.9,3.3,3.55,1.9,3.3,3.55,1.85,3.1,3.6,1.91,3.4,3.25,2.0,3.2,3.2,1.95,3.4,3.1,1.83,1.83,1.9,1.71,-0.5,1.75,2.1,-0.25
B1,2004-12-12,Cercle Brugge,FC Brussels,1,2,A,0,2,A,1.61,3.5,4.5,1.65,3.5,4.55,1.65,3.5,4.55,1.65,3.3,4.4,1.67,3.25,4.5,1.62,3.5,4.5,1.65,3.6,4.1,1.55,2.2,1.65,1.98,-0.5,1.825,2.025,-0.75
B1,2004-12-12,Gent,Standard,1,1,D,1,1,D,2.1,3.3,2.87,2.25,3.2,2.8,2.25,3.25,2.75,2.2,3.0,2.9,2.25,3.5,2.5,2.2,3.2,2.8,2.2,3.4,2.65,1.65,2.0,2.25,1.49,-0.5,2.1,1.75,-0.25
B1,2004-12-12,Mouscron,Bergen,5,1,H,0,1,A,1.5,3.6,5.5,1.5,3.65,5.8,1.55,3.5,5.5,1.55,3.5,4.8,1.5,3.6,5.5,1.53,3.4,5.5,1.6,3.55,4.5,1.6,2.1,1.55,2.14,-0.5,1.825,2.025,-1.0
B1,2004-12-18,FC Brussels,Mouscron,2,1,H,0,0,D,2.5,3.4,2.37,2.95,3.25,2.15,2.65,3.25,2.35,2.7,3.0,2.3,2.62,3.4,2.25,2.62,3.2,2.3,2.4,3.4,2.4,1.79,1.85,1.46,2.35,0.5,1.85,2.0,0.25
B1,2004-12-18,Genk,Cercle Brugge,2,1,H,1,0,H,1.36,3.75,8.0,1.45,3.8,6.25,1.33,4.3,7.85,1.35,4.0,7.0,1.4,3.75,7.0,1.4,3.75,7.0,1.4,4.1,6.0,1.55,2.2,1.8,1.63,-1.5,2.05,1.8,-1.5
B1,2004-12-18,Lokeren,Charleroi,1,1,D,1,1,D,2.25,3.2,2.75,2.1,3.3,3.0,2.2,3.4,2.75,2.2,3.0,2.9,2.1,3.4,2.8,2.25,3.2,2.75,2.25,3.4,2.6,1.83,1.83,2.2,1.52,-0.5,1.85,2.0,-0.25
B1,2004-12-18,Louvieroise,Lierse,3,2,H,1,1,D,2.2,3.2,2.8,1.95,3.35,3.35,2.2,3.2,2.9,2.2,3.0,2.9,2.0,3.2,3.2,2.1,3.25,2.9,,,,1.71,1.95,2.2,1.52,-0.5,2.15,1.7,-0.5
B1,2004-12-18,Westerlo,Gent,2,1,H,0,1,A,2.5,3.25,2.37,2.35,3.2,2.65,2.65,3.25,2.35,2.5,3.0,2.5,2.4,3.25,2.5,2.5,3.25,2.4,2.45,3.4,2.35,1.79,1.85,1.46,2.35,0.5,1.825,2.025,0.0
B1,2004-12-19,Beveren,Germinal,1,0,H,0,0,D,2.0,3.4,3.0,2.15,3.25,2.95,2.05,3.3,3.1,2.0,3.1,3.2,1.91,3.4,3.25,2.0,3.3,3.1,1.85,3.4,3.45,1.85,1.79,2.05,1.6,-0.5,1.825,2.025,-0.25
B1,2004-12-19,Club Brugge,St Truiden,5,1,H,3,1,H,1.16,5.5,12.0,1.2,5.5,10.5,1.2,5.35,11.0,1.2,5.0,10.0,1.2,5.0,11.0,1.2,5.0,11.0,1.2,5.0,11.0,1.5,2.3,,,,1.95,1.9,-2.0
B1,2004-12-19,Standard,Oostende,5,0,H,2,0,H,1.2,5.5,11.0,1.25,4.9,9.25,1.2,5.35,11.0,1.25,4.5,9.0,1.2,5.0,11.0,1.22,5.0,9.5,1.22,5.0,9.5,1.6,2.1,,,,2.0,1.85,-1.75
B1,2005-01-15,Anderlecht,Mouscron,2,0,H,1,0,H,1.22,5.0,9.0,1.25,5.0,9.0,1.23,5.15,9.5,1.22,4.8,9.5,1.25,4.5,10.0,1.22,5.0,9.5,1.2,5.5,9.0,1.45,2.45,1.23,3.34,-0.5,1.75,2.1,-1.5
B1,2005-01-15,Bergen,St Truiden,4,1,H,0,0,D,2.4,3.25,2.5,2.45,3.2,2.55,2.45,3.2,2.55,2.3,3.1,2.6,2.25,3.2,2.75,2.38,3.25,2.5,2.5,3.3,2.37,1.75,1.9,2.45,1.42,-0.5,1.725,2.125,0.0
B1,2005-01-15,Club Brugge,Beveren,3,1,H,2,1,H,1.16,6.0,10.0,1.15,6.0,13.0,1.15,5.75,13.0,1.15,6.0,12.0,1.2,5.0,11.0,1.17,6.0,10.0,1.2,5.5,9.0,1.4,2.6,1.15,3.99,-0.5,1.8,2.05,-2.0
B1,2005-01-15,Genk,FC Brussels,3,1,H,2,0,H,1.4,4.0,6.5,1.4,4.0,6.75,1.4,4.0,6.85,1.4,3.9,6.0,1.4,3.75,7.0,1.36,4.0,7.0,1.36,4.0,7.0,1.6,2.1,1.92,1.54,-1.5,1.75,2.1,-1.25
B1,2005-01-15,Germinal,Gent,0,0,D,0,0,D,2.5,3.1,2.5,2.4,3.2,2.6,2.45,3.2,2.55,2.5,3.0,2.5,2.4,3.25,2.5,2.5,3.1,2.5,2.5,3.1,2.5,1.85,1.79,2.45,1.42,-0.5,1.85,2.0,0.0
B1,2005-01-15,Lokeren,Cercle Brugge,4,0,H,0,0,D,1.61,3.5,4.5,1.65,3.4,4.75,1.65,3.45,4.6,1.65,3.3,4.4,1.67,3.4,4.33,1.62,3.5,4.5,1.61,3.3,5.0,1.65,2.0,1.65,1.97,-0.5,1.75,2.1,-0.75
B1,2005-01-15,Louvieroise,Charleroi,0,0,D,0,0,D,2.25,3.2,2.75,2.05,3.25,3.15,2.2,3.15,2.95,2.2,2.9,3.0,2.25,3.2,2.75,2.2,3.25,2.75,2.25,3.25,2.7,1.75,1.9,2.2,1.52,-0.5,1.925,1.925,-0.25
B1,2005-01-15,Standard,Lierse,4,1,H,1,0,H,1.57,3.5,5.0,1.5,3.65,5.8,1.55,3.6,5.25,1.55,3.5,4.8,1.53,3.4,5.5,1.53,3.6,5.2,1.57,3.5,5.0,1.65,2.0,1.55,2.14,-0.5,1.925,1.925,-1.0
B1,2005-01-16,Westerlo,Oostende,2,0,H,2,0,H,1.44,3.75,6.0,1.5,3.65,5.8,1.5,3.6,6.0,1.55,3.5,4.8,1.5,3.6,5.5,1.5,3.6,5.5,1.5,3.4,6.0,1.65,2.0,2.15,1.42,-1.5,1.8,2.05,-1.0
B1,2005-01-22,Beveren,Bergen,0,4,A,0,2,A,1.57,3.5,5.0,1.5,3.65,5.8,1.55,3.6,5.25,1.7,3.2,4.2,1.62,3.5,4.5,1.57,3.5,5.0,1.55,3.6,5.0,1.71,1.95,1.55,2.14,-0.5,1.925,1.925,-0.75
B1,2005-01-22,Charleroi,Standard,0,0,D,0,0,D,2.5,3.3,2.37,2.5,3.2,2.5,2.5,3.2,2.5,2.7,3.0,2.3,2.4,3.25,2.5,2.5,3.1,2.5,2.45,3.1,2.55,,,,,,2.025,1.825,0.0
B1,2005-01-22,FC Brussels,Lokeren,1,2,A,1,1,D,2.62,3.1,2.37,2.6,3.2,2.4,2.6,3.2,2.4,2.5,3.0,2.5,2.5,3.4,2.3,2.6,3.1,2.38,2.2,3.2,2.35,1.71,1.95,1.43,2.4,0.5,1.8,2.05,0.25
B1,2005-01-22,Lierse,Westerlo,3,0,H,1,0,H,1.9,3.25,3.4,1.8,3.4,3.8,1.92,3.2,3.6,1.9,3.1,3.5,1.91,3.5,3.2,1.85,3.25,3.6,1.8,3.25,3.8,1.65,2.0,1.9,1.71,-0.5,1.875,1.975,-0.5
B1,2005-01-22,Mouscron,Genk,1,2,A,1,1,D,2.5,3.1,2.5,2.6,3.2,2.4,2.6,3.2,2.4,2.5,3.0,2.5,2.5,3.25,2.4,2.62,3.2,2.3,2.8,3.1,2.25,1.71,1.95,1.43,2.4,0.5,1.8,2.05,0.25
B1,2005-01-22,Oostende,Germinal,0,0,D,0,0,D,2.62,3.1,2.37,2.6,3.2,2.4,2.55,3.2,2.45,2.7,3.0,2.3,2.5,3.4,2.3,2.6,3.1,2.38,2.7,3.1,2.3,1.83,1.83,1.42,2.45,0.5,1.8,2.05,0.25
B1,2005-01-22,St Truiden,Anderlecht,2,2,D,1,2,A,5.0,3.5,1.57,4.85,3.55,1.6,5.25,3.5,1.57,4.4,3.3,1.65,5.0,3.5,1.57,5.2,3.6,1.53,6.0,3.4,1.5,1.65,2.0,2.1,1.57,0.5,1.75,2.1,1.0
B1,2005-01-23,Cercle Brugge,Louvieroise,2,2,D,2,2,D,2.4,3.1,2.6,2.4,3.2,2.6,2.35,3.25,2.65,2.3,3.0,2.7,2.4,3.25,2.5,2.3,3.25,2.6,2.3,3.1,2.7,1.65,2.0,2.35,1.46,-0.5,1.825,2.025,0.0
B1,2005-01-23,Gent,Club Brugge,0,1,A,0,0,D,3.75,3.3,1.8,3.8,3.4,1.8,3.95,3.3,1.8,3.8,3.1,1.8,3.75,3.5,1.73,3.8,3.4,1.75,3.5,3.5,1.8,1.65,2.0,1.8,1.8,0.5,2.05,1.8,0.5
B1,2005-01-29,Anderlecht,Beveren,5,2,H,3,1,H,1.22,5.0,9.0,1.17,6.0,11.0,1.23,5.0,10.0,1.2,5.0,10.0,1.2,5.0,11.0,1.2,5.5,10.0,1.23,5.0,10.0,,,,,,1.8,2.05,-2.0
B1,2005-01-29,Bergen,Gent,1,0,H,0,0,D,2.75,3.2,2.25,2.9,3.2,2.2,2.65,3.25,2.35,2.7,3.0,2.3,2.75,3.25,2.2,2.7,3.2,2.3,2.65,3.25,2.35,,,,,,1.7,2.15,0.25
B1,2005-01-29,Club Brugge,Oostende,7,3,H,6,2,H,1.08,7.5,15.0,1.1,7.0,17.0,1.11,7.0,15.0,1.1,7.0,15.0,1.111,6.0,17.0,1.091,7.0,17.0,1.11,7.0,15.0,,,,,,1.8,2.05,-2.5
B1,2005-01-29,Germinal,Lierse,2,2,D,1,0,H,1.66,3.29,4.5,2.15,3.25,2.95,2.2,3.2,2.9,2.2,3.1,2.8,1.833,3.4,3.5,1.8,3.25,4.0,2.2,3.2,2.9,,,,,,1.7,2.15,-0.5
B1,2005-01-29,St Truiden,Mouscron,3,2,H,3,1,H,2.1,3.2,3.0,2.0,3.25,3.3,2.0,3.2,3.35,2.0,3.1,3.2,2.0,3.2,3.2,2.0,3.25,3.25,2.0,3.2,3.35,,,,,,2.05,1.8,-0.5
B1,2005-01-29,Standard,Cercle Brugge,4,0,H,1,0,H,1.25,5.0,8.0,1.25,5.0,9.0,1.3,4.5,8.25,1.3,4.2,8.0,1.25,4.5,10.0,1.25,5.0,9.0,1.3,4.5,8.25,,,,,,1.75,2.1,-1.75
B1,2005-01-29,Westerlo,Charleroi,2,1,H,1,0,H,2.5,3.1,2.5,2.4,3.2,2.6,2.4,3.2,2.6,2.4,3.1,2.5,2.25,3.5,2.5,2.4,3.2,2.6,2.4,3.2,2.6,,,,,,1.95,1.9,-0.25
B1,2005-01-30,Lokeren,Genk,1,3,A,0,0,D,2.37,3.1,2.62,2.45,3.2,2.55,2.45,3.2,2.55,2.3,3.0,2.7,2.4,3.25,2.5,2.4,3.2,2.6,2.45,3.2,2.55,,,,,,1.8,2.05,0.0
B1,2005-01-30,Louvieroise,FC Brussels,1,0,H,0,0,D,1.44,3.75,6.0,1.4,4.0,6.75,1.5,3.75,5.5,1.5,3.7,5.0,,,,1.5,3.75,5.5,1.5,3.75,5.5,,,,,,1.95,1.9,-0.75
B1,2005-02-05,Beveren,St Truiden,3,1,H,3,1,H,1.9,3.25,3.4,1.95,3.25,3.45,1.95,3.25,3.4,2.0,3.2,3.1,1.91,3.4,3.25,1.85,3.4,3.6,1.95,3.3,3.2,1.6,2.1,1.95,1.66,-0.5,1.975,1.875,-0.5
B1,2005-02-05,FC Brussels,Standard,0,1,A,0,0,D,3.75,3.3,1.8,4.05,3.4,1.75,3.85,3.35,1.8,4.2,3.2,1.7,4.5,3.25,1.67,4.0,3.4,1.75,4.0,3.3,1.75,1.71,1.95,1.79,1.8,0.5,1.975,1.875,0.75
B1,2005-02-05,Genk,Louvieroise,1,0,H,0,0,D,1.57,3.5,5.0,1.6,3.5,5.0,1.5,3.8,5.5,1.55,3.5,4.8,1.57,3.5,5.0,1.53,3.5,5.5,1.55,3.4,5.3,1.65,2.0,2.15,1.42,-1.5,1.649,2.2,-0.75
B1,2005-02-05,Lierse,Club Brugge,0,2,A,0,1,A,5.0,3.5,1.57,5.0,3.45,1.6,5.25,3.6,1.55,4.6,3.4,1.6,5.0,3.5,1.57,5.0,3.6,1.57,5.0,3.6,1.55,1.6,2.1,2.14,1.55,0.5,1.9,1.95,1.0
B1,2005-02-05,Mouscron,Lokeren,1,1,D,1,1,D,2.3,3.2,2.63,2.1,3.25,3.05,2.3,3.25,2.7,2.2,3.1,2.8,2.25,3.4,2.62,2.3,3.3,2.62,2.3,3.3,2.6,1.65,2.0,2.3,1.47,-0.5,1.975,1.875,-0.25
B1,2005-02-05,Oostende,Bergen,1,0,H,0,0,D,2.38,3.25,2.5,2.5,3.2,2.5,2.55,3.2,2.45,2.5,3.1,2.4,2.6,3.25,2.3,2.5,3.2,2.5,2.5,3.1,2.5,1.6,2.1,1.42,2.45,0.5,2.1,1.75,0.0
B1,2005-02-06,Cercle Brugge,Westerlo,0,0,D,0,0,D,2.3,3.2,2.63,2.2,3.2,2.9,2.35,3.25,2.65,2.2,3.1,2.8,2.25,3.4,2.62,2.3,3.25,2.7,2.3,3.25,2.6,1.6,2.1,2.35,1.46,-0.5,1.9,1.95,-0.25
B1,2005-02-06,Charleroi,Germinal,1,0,H,0,0,D,1.61,3.5,4.5,1.6,3.5,5.0,1.68,3.4,4.5,1.65,3.3,4.4,1.7,3.25,4.33,1.67,3.4,4.5,1.7,3.4,4.2,1.71,1.9,1.68,1.94,-0.5,1.85,2.0,-0.75
B1,2005-02-06,Gent,Anderlecht,0,0,D,0,0,D,3.2,3.2,2.0,3.45,3.25,1.95,3.5,3.3,1.9,3.5,3.1,1.9,4.0,3.4,1.73,3.6,3.4,1.85,3.25,3.4,1.9,1.75,1.9,1.7,1.9,0.5,1.9,1.95,0.5
B1,2005-02-12,Anderlecht,Oostende,0,1,A,0,1,A,1.12,6.5,12.0,1.12,6.5,15.0,1.12,6.5,15.0,1.12,6.5,13.0,1.12,6.0,15.0,1.11,6.5,17.0,1.12,6.5,12.0,1.35,2.75,,,,1.725,2.125,-2.25
B1,2005-02-12,Beveren,Mouscron,2,2,D,1,1,D,1.9,3.25,3.4,1.8,3.5,3.7,1.9,3.4,3.45,1.85,3.2,3.5,2.0,3.2,3.2,1.91,3.2,3.6,1.85,3.4,3.4,1.6,2.1,1.9,1.71,-0.5,1.9,1.95,-0.5
B1,2005-02-12,Louvieroise,Lokeren,0,0,D,0,0,D,1.9,3.2,3.5,1.9,3.4,3.45,1.9,3.4,3.45,1.9,3.1,3.5,2.0,3.2,3.2,1.91,3.4,3.4,1.9,3.4,3.25,1.71,1.95,1.9,1.71,-0.5,1.95,1.9,-0.5
B1,2005-02-12,Westerlo,FC Brussels,1,0,H,0,0,D,1.5,3.6,5.5,1.5,3.7,5.7,1.5,3.7,5.75,1.55,3.5,4.8,1.57,3.5,5.0,1.53,3.6,5.5,1.55,3.6,4.9,1.55,2.2,2.15,1.42,-1.5,1.0,1.0,0.0
B1,2005-02-13,Bergen,Lierse,4,1,H,1,1,D,2.3,3.1,2.7,2.35,3.3,2.6,2.25,3.2,2.8,2.1,3.1,3.0,2.25,3.2,2.75,2.2,3.25,2.8,2.2,3.4,2.65,1.65,2.0,2.25,1.49,-0.5,1.975,1.875,-0.25
B1,2005-02-13,Club Brugge,Charleroi,1,1,D,0,1,A,1.28,4.5,8.0,1.25,5.0,9.0,1.3,4.4,8.5,1.27,4.3,8.5,1.29,4.33,9.0,1.3,4.5,8.0,1.28,4.5,8.0,1.55,2.2,,,,1.85,2.0,-1.5
B1,2005-02-13,Germinal,Cercle Brugge,2,3,A,2,1,H,1.8,3.3,3.75,1.7,3.55,4.15,1.7,3.5,4.2,1.7,3.2,4.2,1.73,3.4,4.0,1.73,3.4,4.2,1.75,3.4,3.8,1.71,1.95,1.7,1.91,-0.5,1.925,1.925,-0.75
B1,2005-02-18,Lierse,Anderlecht,1,1,D,1,0,H,4.5,3.5,1.61,5.5,3.5,1.55,4.35,3.5,1.65,4.4,3.3,1.65,4.5,3.5,1.62,5.5,3.4,1.57,4.5,3.5,1.61,1.71,1.95,2.05,1.6,0.5,1.95,1.9,1.0
B1,2005-02-19,Charleroi,Bergen,1,0,H,0,0,D,1.57,3.5,5.0,1.6,3.5,5.0,1.6,3.5,5.0,1.6,3.4,4.6,1.62,3.5,4.5,1.67,3.4,4.5,1.57,3.3,5.5,1.65,2.0,1.6,2.06,-0.5,2.0,1.85,-0.75
B1,2005-02-19,Genk,Westerlo,3,2,H,1,2,A,1.5,3.6,5.5,1.55,3.6,5.3,1.45,3.75,6.5,1.5,3.7,5.0,1.4,3.75,7.0,1.44,3.75,6.5,1.5,3.6,5.5,1.65,2.0,2.03,1.48,-1.5,1.8,2.05,-1.0
B1,2005-02-19,Gent,Beveren,1,0,H,1,0,H,1.66,3.4,4.33,1.7,3.45,4.3,1.7,3.4,4.35,1.7,3.3,4.0,1.62,3.5,4.5,1.67,3.4,4.5,1.66,3.4,4.33,1.65,2.0,1.7,1.91,-0.5,1.8,2.05,-0.75
B1,2005-02-19,Lokeren,Standard,0,0,D,0,0,D,2.7,3.2,2.25,2.85,3.25,2.2,2.7,3.25,2.3,2.5,3.0,2.5,,,,2.62,3.2,2.38,2.5,3.25,2.4,1.75,1.9,1.47,2.3,0.5,1.8,2.05,0.25
B1,2005-02-19,Mouscron,Louvieroise,1,1,D,1,1,D,2.25,3.2,2.75,2.35,3.25,2.65,2.35,3.25,2.65,2.2,3.0,2.9,2.1,3.2,3.0,2.2,3.25,2.8,2.25,3.25,2.7,1.71,1.95,2.35,1.46,-0.5,1.925,1.925,-0.25
B1,2005-02-19,Oostende,St Truiden,1,0,H,0,0,D,2.2,3.1,2.87,2.25,3.3,2.75,2.15,3.25,2.95,2.2,3.1,2.8,2.25,3.2,2.75,2.2,3.2,2.88,2.1,3.2,3.0,1.71,1.95,2.15,1.55,-0.5,1.95,1.9,-0.25
B1,2005-02-20,Cercle Brugge,Club Brugge,1,2,A,1,0,H,8.0,4.5,1.28,6.75,4.0,1.4,8.0,4.6,1.3,7.0,4.0,1.35,10.0,4.5,1.25,7.5,4.33,1.33,8.0,4.5,1.28,1.45,2.45,1.66,1.76,1.5,2.075,1.775,1.5
B1,2005-02-20,FC Brussels,Germinal,2,1,H,2,0,H,2.3,3.1,2.7,2.4,3.2,2.6,2.3,3.25,2.7,2.4,3.0,2.6,2.3,3.25,2.6,2.4,3.2,2.6,,,,1.83,1.83,2.3,1.47,-0.5,2.025,1.825,-0.25
B1,2005-02-25,Bergen,Anderlecht,1,2,A,1,2,A,6.0,3.75,1.44,5.3,3.6,1.55,6.5,3.6,1.47,5.4,3.8,1.45,6.0,3.4,1.5,6.5,3.75,1.44,4.5,3.5,1.61,1.65,2.0,1.44,2.11,1.5,2.25,1.649,1.0
B1,2005-02-25,Standard,Genk,1,0,H,0,0,D,2.0,3.2,3.2,2.0,3.2,3.35,2.1,3.2,3.1,2.2,3.0,2.9,2.0,3.2,3.2,2.1,3.25,3.0,2.1,3.2,3.0,1.75,1.9,2.1,1.57,-0.5,1.925,1.925,-0.25
B1,2005-02-26,St Truiden,Gent,0,2,A,0,1,A,2.37,3.1,2.62,2.5,3.2,2.5,2.4,3.35,2.5,2.4,3.1,2.5,2.5,3.4,2.3,2.4,3.2,2.6,2.4,3.25,2.5,1.75,1.9,2.4,1.43,-0.5,1.725,2.174,0.0
B1,2005-03-08,Anderlecht,Charleroi,3,0,H,2,0,H,1.4,3.75,7.0,1.4,4.0,6.75,1.41,4.0,6.35,1.45,3.8,5.4,1.44,3.6,6.5,1.44,3.75,6.5,1.44,3.75,6.0,1.65,2.0,2.0,1.5,-1.5,1.975,1.875,-1.25
B1,2005-03-08,Gent,Mouscron,1,0,H,0,0,D,1.61,3.5,4.5,1.6,3.5,5.0,1.55,3.55,5.4,1.55,3.5,4.8,1.67,3.25,4.5,1.62,3.4,5.0,1.53,3.6,5.0,1.71,1.95,2.27,1.37,-1.5,1.925,1.925,-0.75
B1,2005-03-09,Bergen,Cercle Brugge,1,3,A,0,0,D,1.8,3.3,3.75,1.8,3.4,3.8,1.8,3.45,3.7,1.9,3.2,3.4,1.91,3.4,3.25,1.75,3.4,4.0,1.8,3.5,3.5,1.65,2.0,1.8,1.79,-0.5,1.725,2.125,-0.5
B1,2005-03-09,Beveren,Oostende,2,2,D,0,1,A,1.72,3.4,4.0,1.8,3.4,3.8,1.72,3.45,4.1,1.75,3.3,3.8,1.67,3.25,4.5,1.73,3.4,4.2,1.72,3.4,4.0,1.6,2.1,1.72,1.87,-0.5,2.0,1.85,-0.75
B1,2005-03-09,Club Brugge,FC Brussels,4,1,H,3,1,H,1.12,6.0,15.0,1.15,6.0,13.0,1.13,6.5,13.0,1.12,6.5,13.0,1.14,6.0,12.0,1.12,6.5,13.0,1.12,6.5,12.0,1.4,2.6,1.13,4.33,-0.5,1.825,2.025,-2.25
B1,2005-03-09,Germinal,Genk,3,1,H,2,0,H,3.2,3.2,2.0,3.3,3.25,2.0,3.2,3.3,2.0,2.9,3.2,2.1,3.0,3.4,2.0,3.25,3.25,2.0,3.1,3.3,2.0,1.71,1.95,1.62,2.0,0.5,1.85,2.0,0.5
B1,2005-03-09,St Truiden,Lierse,4,0,H,3,0,H,2.2,3.25,2.75,2.25,3.2,2.8,2.2,3.3,2.8,2.1,3.2,2.9,2.2,3.5,2.62,2.2,3.2,2.88,2.25,3.3,2.62,1.6,2.1,2.2,1.51,-0.5,1.825,2.025,-0.25
B1,2005-03-09,Westerlo,Lokeren,1,1,D,1,1,D,2.0,3.2,3.2,1.85,3.35,3.65,1.85,3.35,3.65,1.9,3.1,3.5,1.91,3.4,3.25,2.0,3.25,3.25,1.8,3.25,3.8,1.65,2.0,1.85,1.75,-0.5,2.1,1.75,-0.5
B1,2005-03-11,Mouscron,Standard,0,3,A,0,1,A,3.0,3.2,2.1,2.95,3.25,2.15,3.1,3.2,2.1,3.1,3.0,2.1,3.25,3.4,1.91,3.1,3.2,2.1,3.2,3.2,2.0,1.9,1.75,1.57,2.1,0.5,1.85,2.0,0.25
B1,2005-03-12,Charleroi,St Truiden,0,0,D,0,0,D,1.5,3.6,5.5,1.5,3.65,5.8,1.53,3.6,5.5,1.5,3.7,5.0,1.57,3.5,5.0,1.5,3.75,5.5,1.53,3.5,5.5,1.71,1.95,1.53,2.18,-0.5,1.85,2.0,-0.75
B1,2005-03-12,FC Brussels,Bergen,2,1,H,2,1,H,2.2,3.2,2.8,2.1,3.25,3.05,2.15,3.2,3.0,2.1,3.1,3.0,2.25,3.2,2.75,2.2,3.25,2.8,2.1,3.2,3.0,1.71,1.95,2.15,1.55,-0.5,2.05,1.8,-0.25
B1,2005-03-12,Lokeren,Germinal,0,1,A,0,0,D,1.66,3.4,4.33,1.6,3.5,5.0,1.67,3.45,4.5,1.7,3.3,4.0,1.67,3.25,4.5,1.67,3.4,4.5,1.61,3.5,4.5,1.83,1.83,1.67,1.95,-0.5,1.925,1.925,-0.5
B1,2005-03-12,Louvieroise,Westerlo,1,2,A,0,1,A,1.83,3.2,3.75,1.8,3.4,3.8,1.83,3.3,3.8,1.8,3.1,3.8,1.67,3.4,4.5,1.8,3.4,3.75,1.8,3.3,3.75,1.9,1.75,1.83,1.77,-0.5,1.775,2.075,-0.5
B1,2005-03-12,Oostende,Gent,1,2,A,1,1,D,2.75,3.2,2.25,2.9,3.2,2.2,2.9,3.2,2.2,2.9,3.0,2.2,2.75,3.5,2.1,2.8,3.25,2.2,2.8,3.2,2.2,1.95,1.71,1.52,2.2,0.5,2.0,1.85,0.25
B1,2005-03-13,Cercle Brugge,Anderlecht,1,3,A,0,2,A,5.0,3.5,1.57,5.8,3.65,1.5,5.25,3.6,1.55,4.8,3.5,1.55,6.0,3.4,1.5,5.0,3.6,1.57,5.0,3.5,1.57,1.65,2.0,2.14,1.55,0.5,1.825,2.025,1.25
B1,2005-03-13,Genk,Club Brugge,2,1,H,1,0,H,3.2,3.2,2.0,2.8,3.2,2.25,3.1,3.2,2.1,3.2,3.1,2.0,3.0,3.2,2.1,3.1,3.2,2.1,3.3,3.1,2.0,1.71,1.95,1.57,2.1,0.5,2.0,1.85,0.25
B1,2005-03-13,Lierse,Beveren,1,3,A,1,1,D,1.83,3.2,3.75,1.8,3.4,3.8,1.83,3.3,3.8,1.8,3.1,3.8,1.91,3.25,3.4,1.8,3.4,3.75,1.8,3.25,3.8,1.65,2.0,1.83,1.77,-0.5,1.8,2.05,-0.5
B1,2005-03-16,Standard,Louvieroise,1,0,H,0,0,D,1.53,3.5,5.5,1.45,3.8,6.25,1.45,3.85,6.0,1.4,3.9,6.0,1.5,3.6,5.5,1.44,3.75,6.5,1.45,3.6,6.5,1.65,2.0,1.45,2.35,-0.5,1.925,1.925,-1.25
B1,2005-03-18,Bergen,Genk,1,2,A,0,0,D,3.75,3.2,1.83,3.65,3.55,1.8,3.75,3.25,1.85,3.5,3.1,1.9,3.5,3.4,1.83,3.75,3.3,1.83,3.6,3.4,1.8,1.6,2.1,1.74,1.85,0.5,1.85,2.0,0.5
B1,2005-03-19,Anderlecht,FC Brussels,3,0,H,0,0,D,1.16,6.0,10.0,1.15,6.0,13.0,1.17,5.75,12.0,1.15,6.0,12.0,1.14,6.0,12.0,1.17,6.0,11.0,1.16,6.0,10.0,1.4,2.6,1.17,3.89,-0.5,1.825,2.025,-2.0
B1,2005-03-19,Beveren,Charleroi,1,2,A,0,0,D,2.3,3.2,2.7,2.3,3.2,2.75,2.4,3.2,2.6,2.3,3.1,2.6,2.2,3.5,2.62,2.38,3.2,2.6,2.4,3.25,2.5,1.65,2.0,2.4,1.43,-0.5,1.725,2.125,0.0
B1,2005-03-19,Club Brugge,Lokeren,0,0,D,0,0,D,1.22,5.5,8.0,1.2,5.5,10.5,1.22,5.2,10.0,1.2,5.0,10.0,1.25,4.5,10.0,1.22,5.0,10.0,1.22,5.0,9.5,1.4,2.6,1.22,3.42,-0.5,1.9,1.95,-1.75
B1,2005-03-19,Gent,Lierse,1,0,H,0,0,D,1.53,3.5,5.5,1.6,3.5,5.0,1.6,3.6,4.75,1.5,3.7,5.0,1.5,3.6,5.5,1.57,3.6,5.0,1.55,3.6,5.0,1.71,1.95,1.6,2.05,-0.5,2.05,1.8,-1.0
B1,2005-03-19,Germinal,Louvieroise,1,1,D,0,0,D,2.1,3.2,3.0,2.05,3.25,3.15,2.1,3.2,3.1,2.0,3.1,3.2,2.0,3.4,3.0,2.1,3.2,3.1,2.1,3.3,2.9,1.71,1.95,2.1,1.57,-0.5,1.8,2.05,-0.25
B1,2005-03-19,St Truiden,Cercle Brugge,0,1,A,0,1,A,1.83,3.2,3.75,1.85,3.35,3.65,1.9,3.25,3.6,1.9,3.2,3.4,1.8,3.5,3.5,1.85,3.25,3.75,1.8,3.3,3.75,1.71,1.95,1.9,1.71,-0.5,1.85,2.0,-0.5
B1,2005-03-19,Westerlo,Standard,1,3,A,0,2,A,2.8,3.2,2.2,2.9,3.2,2.2,3.0,3.2,2.15,2.9,3.0,2.2,2.62,3.5,2.2,3.0,3.25,2.1,2.8,3.3,2.15,1.75,1.9,1.55,2.15,0.5,1.95,1.9,0.25
B1,2005-03-20,Oostende,Mouscron,1,0,H,1,0,H,2.3,3.2,2.7,2.15,3.25,2.95,2.25,3.2,2.8,2.2,3.1,2.8,2.2,3.25,2.75,2.25,3.2,2.8,2.25,3.25,2.7,1.65,2.0,2.25,1.49,-0.5,2.075,1.775,-0.25
B1,2005-04-02,Cercle Brugge,Beveren,1,1,D,1,0,H,2.0,3.25,3.25,1.95,3.25,3.45,2.0,3.25,3.2,1.9,3.1,3.5,2.1,3.4,2.8,2.0,3.25,3.25,2.0,3.2,3.2,1.6,2.1,2.0,1.61,-0.5,1.8,2.05,-0.25
B1,2005-04-02,Charleroi,Gent,3,2,H,1,0,H,2.25,3.25,2.75,2.1,3.25,3.05,2.15,3.25,2.85,2.2,3.1,2.8,2.2,3.25,2.75,2.2,3.3,2.8,2.2,3.25,2.75,1.75,1.9,2.15,1.52,-0.5,1.95,1.9,-0.25
B1,2005-04-02,Lierse,Oostende,3,1,H,1,0,H,1.72,3.4,4.0,1.7,3.45,4.3,1.7,3.4,4.2,1.8,3.2,3.7,1.7,3.5,4.0,1.75,3.4,4.0,1.7,3.45,4.0,1.71,1.95,1.7,1.88,-0.5,1.7,2.15,-0.5
B1,2005-04-02,Lokeren,Bergen,0,0,D,0,0,D,1.61,3.5,4.5,1.6,3.5,5.0,1.57,3.5,5.0,1.7,3.3,4.0,1.62,3.5,4.5,1.57,3.6,5.0,1.55,3.4,5.4,1.75,1.9,1.57,2.06,-0.5,1.825,2.025,-0.75
B1,2005-04-02,Louvieroise,Club Brugge,0,2,A,0,0,D,4.5,3.5,1.61,5.3,3.6,1.55,4.75,3.5,1.6,4.8,3.5,1.55,5.0,3.5,1.57,4.5,3.6,1.62,4.75,3.45,1.6,1.6,2.1,2.02,1.6,0.5,2.075,1.775,0.75
B1,2005-04-02,Standard,Germinal,3,0,H,1,0,H,1.33,4.0,8.0,1.35,4.2,7.2,1.35,4.0,7.5,1.35,4.0,7.0,1.25,4.5,10.0,1.33,4.33,7.5,1.3,4.3,8.0,1.55,2.2,1.9,1.56,-1.5,1.9,1.95,-1.25
B1,2005-04-03,FC Brussels,St Truiden,0,1,A,0,0,D,2.0,3.25,3.25,1.9,3.3,3.55,1.9,3.3,3.4,2.0,3.1,3.2,2.1,3.2,3.0,2.0,3.2,3.3,1.95,3.3,3.2,1.75,1.9,1.9,1.67,-0.5,1.75,2.1,-0.25
B1,2005-04-03,Genk,Anderlecht,2,4,A,1,0,H,2.5,3.25,2.5,2.55,3.15,2.5,2.4,3.2,2.55,2.5,3.0,2.5,2.5,3.25,2.4,2.5,3.2,2.5,2.4,3.2,2.5,1.65,2.0,2.4,1.42,-0.5,1.925,1.925,0.0
B1,2005-04-03,Mouscron,Westerlo,3,0,H,0,0,D,2.25,3.25,2.75,2.3,3.2,2.75,2.2,3.25,2.8,2.1,3.1,3.0,2.2,3.5,2.62,2.25,3.2,2.8,2.25,3.3,2.65,1.71,1.95,2.2,1.5,-0.5,1.9,1.95,-0.25
B1,2005-04-08,St Truiden,Genk,0,2,A,0,1,A,3.4,3.25,1.9,3.4,3.25,1.95,3.25,3.2,2.0,3.2,3.1,2.0,3.25,3.4,1.91,3.3,3.2,2.0,3.25,3.4,1.9,1.75,1.9,1.61,2.0,0.5,1.85,2.0,0.5
B1,2005-04-09,Anderlecht,Lokeren,2,0,H,1,0,H,1.22,5.0,10.0,1.2,5.5,10.5,1.23,5.0,9.0,1.22,4.8,9.5,1.22,5.0,10.0,1.2,5.25,11.0,1.22,5.0,9.5,,,,,,2.05,1.8,-1.75
B1,2005-04-09,Bergen,Louvieroise,4,1,H,3,1,H,1.9,3.2,3.5,1.9,3.4,3.4,1.95,3.3,3.3,1.8,3.3,3.5,2.0,3.2,3.2,2.0,3.25,3.25,1.95,3.25,3.3,1.75,1.8,1.95,1.65,-0.5,1.875,1.975,-0.5
B1,2005-04-09,Gent,Cercle Brugge,1,2,A,0,1,A,1.57,3.5,5.0,1.55,3.6,5.3,1.55,3.5,5.25,1.6,3.4,4.6,1.62,3.5,4.5,1.53,3.5,5.5,1.5,3.6,5.5,1.75,1.9,1.55,2.1,-0.5,2.1,1.75,-1.0
B1,2005-04-09,Germinal,Westerlo,1,0,H,1,0,H,2.0,3.25,3.25,1.9,3.3,3.55,2.0,3.2,3.2,1.9,3.2,3.4,2.0,3.4,3.0,2.0,3.3,3.2,2.1,3.3,2.9,1.7,1.85,2.0,1.6,-0.5,1.8,2.05,-0.25
B1,2005-04-09,Lierse,Mouscron,0,1,A,0,0,D,1.83,3.25,3.75,1.85,3.35,3.65,1.85,3.25,3.6,1.85,3.2,3.5,1.91,3.25,3.4,1.85,3.2,3.75,1.9,3.4,3.25,,,1.85,1.71,-0.5,1.85,2.0,-0.5
B1,2005-04-09,Oostende,Charleroi,1,2,A,0,1,A,2.5,3.2,2.5,2.4,3.2,2.6,2.4,3.2,2.55,2.4,3.2,2.4,2.38,3.2,2.6,2.4,3.2,2.6,2.4,3.3,2.45,1.75,1.8,2.4,1.42,-0.5,2.0,1.85,0.0
B1,2005-04-10,Beveren,FC Brussels,0,1,A,0,0,D,1.8,3.4,3.75,1.75,3.4,4.05,1.75,3.4,3.85,1.75,3.4,3.7,1.73,3.4,4.0,1.75,3.4,4.0,1.8,3.4,3.6,1.65,2.0,1.75,1.81,-0.5,2.075,1.775,-0.75
B1,2005-04-10,Club Brugge,Standard,1,1,D,1,1,D,1.66,3.4,4.33,1.7,3.5,4.15,1.65,3.4,4.5,1.7,3.2,4.2,1.67,3.4,4.33,1.67,3.4,4.5,1.7,3.3,4.2,1.95,1.65,1.65,1.94,-0.5,2.0,1.85,-0.75
B1,2005-04-15,Westerlo,Club Brugge,1,3,A,1,1,D,8.0,3.75,1.36,6.0,3.8,1.45,7.0,3.75,1.4,5.4,3.8,1.45,5.5,3.6,1.5,6.0,3.8,1.44,5.5,3.6,1.5,1.6,2.1,,,,2.35,1.55,0.75
B1,2005-04-16,Charleroi,Lierse,1,0,H,1,0,H,1.53,3.75,5.0,1.6,3.5,5.0,1.57,3.55,5.0,1.5,3.7,5.0,1.57,3.5,5.0,1.57,3.5,5.0,1.55,3.55,5.0,1.65,2.0,1.57,2.08,-0.5,1.925,1.925,-1.0
B1,2005-04-16,FC Brussels,Gent,1,1,D,1,1,D,2.4,3.2,2.5,2.45,3.25,2.55,2.4,3.25,2.55,2.3,3.2,2.5,2.3,3.25,2.6,2.3,3.25,2.6,2.35,3.45,2.45,1.83,1.83,2.4,1.43,-0.5,1.775,2.075,0.0
B1,2005-04-16,Genk,Beveren,2,1,H,1,0,H,1.3,4.33,8.0,1.35,4.25,7.4,1.3,4.25,8.5,1.3,4.2,8.0,1.29,4.33,9.0,1.29,4.5,8.0,1.3,4.5,7.5,1.55,2.2,1.3,2.83,-0.5,1.75,2.1,-1.5
B1,2005-04-16,Lokeren,St Truiden,4,3,H,3,1,H,7.0,3.75,1.4,6.75,4.0,1.4,6.75,3.95,1.4,6.0,3.9,1.4,6.5,3.6,1.44,6.5,4.0,1.4,,,,1.85,1.79,1.9,1.72,-0.5,,,
B1,2005-04-16,Mouscron,Germinal,0,1,A,0,1,A,1.9,3.2,3.5,1.9,3.3,3.55,1.9,3.3,3.55,1.8,3.1,3.8,1.91,3.2,3.5,1.91,3.2,3.5,1.9,3.05,3.65,1.79,1.85,1.95,1.67,-0.5,2.0,1.85,-0.5
B1,2005-04-17,Cercle Brugge,Oostende,2,0,H,2,0,H,2.1,3.2,3.0,1.95,3.4,3.25,2.05,3.3,3.0,2.1,3.3,2.8,1.8,3.4,3.6,1.91,3.2,3.5,1.85,3.3,3.5,1.71,1.95,2.05,1.57,-0.5,2.05,1.8,-0.5
B1,2005-04-17,Louvieroise,Anderlecht,1,1,D,1,1,D,1.83,3.25,3.6,1.9,3.3,3.55,1.9,3.3,3.6,2.1,3.3,2.8,1.8,3.4,3.6,1.91,3.3,3.4,1.9,3.3,3.35,1.6,2.1,,,,2.25,1.65,1.0
B1,2005-04-17,Standard,Bergen,2,0,H,1,0,H,1.25,5.0,8.0,1.2,5.5,10.5,1.2,5.25,10.5,1.27,4.3,8.5,1.25,4.6,9.0,1.22,5.0,9.0,1.25,4.75,8.5,1.6,2.1,1.2,3.5,-0.5,2.125,1.725,-1.75
B1,2005-04-22,Anderlecht,Standard,3,2,H,1,1,D,1.72,3.4,4.0,1.7,3.45,4.3,1.75,3.3,4.0,1.75,3.2,4.0,1.73,3.4,4.0,1.8,3.25,4.0,1.8,3.3,3.75,1.71,1.95,1.75,1.81,-0.5,2.0,1.85,-0.5
B1,2005-04-23,Bergen,Westerlo,3,2,H,1,1,D,1.57,3.6,5.0,1.7,3.5,4.2,1.57,3.6,4.75,,,,1.62,3.5,4.5,,,,1.5,3.8,5.0,1.65,2.0,,,,1.85,2.0,-0.75
B1,2005-04-23,Beveren,Lokeren,0,2,A,0,2,A,2.25,3.1,2.8,2.2,3.2,2.9,2.2,3.25,2.75,2.2,3.1,2.8,2.2,3.2,2.8,2.2,3.4,2.75,2.2,3.4,2.65,1.71,1.95,2.2,1.49,-0.5,1.85,2.0,-0.25
B1,2005-04-23,Club Brugge,Germinal,6,0,H,4,0,H,1.2,5.0,11.0,1.2,5.5,10.5,1.16,5.5,12.0,1.2,5.0,10.0,1.17,5.5,12.0,1.2,5.0,12.0,1.14,6.5,10.0,1.35,2.75,,,,1.875,1.975,-1.75
B1,2005-04-23,Gent,Genk,0,1,A,0,0,D,2.37,3.1,2.62,2.5,3.2,2.5,2.45,3.25,2.45,2.5,3.0,2.5,2.62,3.5,2.2,2.5,3.4,2.4,2.4,3.4,2.4,1.75,1.9,2.45,1.4,-0.5,1.975,1.875,0.0
B1,2005-04-23,Oostende,FC Brussels,1,0,H,1,0,H,2.1,3.1,3.1,2.2,3.2,2.9,2.1,3.3,2.9,2.0,3.3,3.0,2.2,3.25,2.75,2.2,3.2,2.88,2.1,3.4,2.8,1.71,1.95,2.1,1.54,-0.5,1.925,1.925,-0.25
B1,2005-04-23,St Truiden,Louvieroise,2,1,H,0,1,A,1.72,3.4,4.0,1.8,3.45,3.8,1.77,3.4,3.75,1.7,3.3,4.0,1.73,3.5,3.75,1.8,3.4,3.75,1.8,3.4,3.6,1.75,1.9,1.77,1.78,-0.5,1.75,2.1,-0.5
B1,2005-04-24,Charleroi,Mouscron,2,0,H,2,0,H,1.57,3.5,5.0,1.6,3.5,5.0,1.57,3.6,4.75,1.6,3.5,4.4,1.67,3.4,4.33,1.62,3.6,4.5,1.6,3.4,4.75,1.83,1.83,1.57,2.05,-0.5,2.05,1.8,-0.75
B1,2005-04-24,Lierse,Cercle Brugge,2,0,H,0,0,D,2.1,3.2,3.0,2.15,3.25,2.95,2.1,3.3,2.9,2.1,3.2,2.9,1.91,3.4,3.25,2.1,3.4,2.88,2.15,3.2,2.85,1.71,1.95,2.1,1.54,-0.5,2.05,1.8,-0.5
B1,2005-04-29,Westerlo,Anderlecht,2,2,D,2,1,H,6.0,3.75,1.44,6.5,3.75,1.45,6.0,3.75,1.45,7.0,4.0,1.35,,,,6.0,3.6,1.5,5.5,3.6,1.5,1.55,2.2,1.44,2.11,1.5,1.85,2.0,1.25
B1,2005-04-30,FC Brussels,Lierse,3,2,H,1,2,A,1.8,3.3,3.75,1.7,3.4,4.3,1.75,3.45,3.8,,,,,,,1.75,3.5,3.8,1.7,3.6,3.8,1.83,1.83,1.75,1.81,-0.5,1.8,2.05,-0.5
B1,2005-04-30,Genk,Oostende,2,2,D,0,0,D,1.28,4.5,8.0,1.3,4.4,8.5,1.25,4.65,9.0,1.25,4.5,9.0,,,,1.29,4.5,8.5,1.22,5.0,9.5,1.55,2.2,,,,1.85,2.0,-1.5
B1,2005-04-30,Germinal,Bergen,2,0,H,1,0,H,2.2,3.25,2.75,2.25,3.3,2.75,2.2,3.3,2.75,,,,,,,2.25,3.4,2.62,2.1,3.5,2.75,1.83,1.83,2.2,1.5,-0.5,2.1,1.75,-0.25
B1,2005-04-30,Lokeren,Gent,0,1,A,0,0,D,2.25,3.0,2.87,2.25,3.2,2.8,2.1,3.3,2.9,2.2,3.2,2.7,,,,2.2,3.2,2.88,2.1,3.3,2.87,1.75,1.9,2.1,1.54,-0.5,1.925,1.925,-0.25
B1,2005-04-30,Louvieroise,Beveren,3,0,H,0,0,D,1.72,3.4,4.0,1.75,3.45,4.0,1.8,3.3,3.75,,,,,,,1.8,3.4,3.75,1.8,3.3,3.75,1.65,2.0,1.8,1.76,-0.5,1.925,1.925,-0.75
B1,2005-04-30,Mouscron,Club Brugge,0,1,A,0,0,D,7.0,4.33,1.33,7.0,3.9,1.4,6.25,4.0,1.4,7.0,4.0,1.35,,,,6.5,4.0,1.4,7.0,3.75,1.4,1.55,2.2,,,,2.0,1.85,1.25
B1,2005-04-30,Standard,St Truiden,4,1,H,3,0,H,1.22,5.5,8.0,1.2,5.5,10.5,1.25,4.65,9.0,1.3,4.2,8.0,,,,1.29,4.5,8.5,1.25,5.0,8.0,1.6,2.1,,,,1.85,2.0,-1.5
B1,2005-05-01,Cercle Brugge,Charleroi,0,4,A,0,2,A,2.75,3.25,2.2,2.8,3.2,2.25,2.7,3.2,2.25,2.8,3.1,2.2,,,,2.75,3.25,2.25,2.62,3.2,2.3,1.65,2.0,1.46,2.25,0.5,2.0,1.85,0.25
B1,2005-05-06,Bergen,Club Brugge,0,0,D,0,0,D,5.5,3.6,1.5,6.75,3.65,1.45,6.0,4.0,1.4,5.4,3.8,1.45,6.5,4.0,1.4,6.5,4.0,1.4,6.0,4.5,1.36,1.55,2.2,2.4,1.4,0.5,2.15,1.7,1.0
B1,2005-05-07,Anderlecht,Germinal,3,0,H,1,0,H,1.2,5.0,11.0,1.2,5.0,12.5,1.2,5.0,10.0,1.2,5.0,10.0,,,,1.22,5.0,10.0,1.2,5.0,11.0,,,,,,1.875,1.975,-1.75
B1,2005-05-07,Beveren,Standard,2,3,A,1,2,A,4.5,3.5,1.61,4.5,3.6,1.65,5.0,3.5,1.55,4.6,3.4,1.6,,,,4.5,3.6,1.62,5.5,3.5,1.53,1.6,2.1,2.06,1.55,0.5,1.975,1.875,1.0
B1,2005-05-07,Cercle Brugge,Mouscron,1,0,H,0,0,D,2.2,3.25,2.75,2.1,3.3,3.0,2.2,3.3,2.65,,,,,,,2.1,3.25,3.0,2.25,3.4,2.6,1.71,1.95,2.2,1.47,-0.5,2.15,1.7,-0.25
B1,2005-05-07,Charleroi,FC Brussels,1,2,A,1,0,H,1.44,3.6,6.5,1.4,3.8,7.3,1.45,3.5,6.35,1.35,4.0,7.0,,,,1.44,3.75,6.5,1.4,3.6,7.5,1.71,1.95,1.45,2.26,-0.5,1.95,1.9,-1.25
B1,2005-05-07,Gent,Louvieroise,2,1,H,1,1,D,1.61,3.5,4.5,1.6,3.45,5.0,1.6,3.5,4.5,1.6,3.4,4.6,,,,1.67,3.4,4.5,1.66,3.5,4.2,1.83,1.83,1.6,1.97,-0.5,1.925,1.925,-0.75
B1,2005-05-07,Lierse,Genk,1,5,A,0,2,A,4.33,3.4,1.66,3.85,3.4,1.8,4.1,3.5,1.65,4.4,3.3,1.65,,,,4.33,3.5,1.67,4.33,3.4,1.66,1.83,1.83,1.89,1.65,0.5,2.0,1.85,0.75
B1,2005-05-08,Oostende,Lokeren,0,2,A,0,1,A,1.72,3.4,4.0,1.65,3.5,4.5,1.75,3.5,3.6,,,,,,,1.73,3.5,4.0,1.8,3.4,3.6,1.65,2.0,1.75,1.77,-0.5,1.875,1.975,-0.5
B1,2005-05-08,St Truiden,Westerlo,1,0,H,0,0,D,1.72,3.4,4.0,1.8,3.3,3.9,1.7,3.4,4.0,,,,,,,1.7,3.4,4.33,1.7,3.4,4.2,,,1.7,1.84,-0.5,1.725,2.125,-0.5
B1,2005-05-15,Bergen,Mouscron,0,2,A,0,0,D,1.9,3.25,3.4,1.95,3.4,3.25,1.85,3.3,3.55,1.85,3.1,3.6,,,,1.91,3.25,3.5,1.85,3.35,3.45,1.65,2.0,1.85,1.71,-0.5,1.925,1.925,-0.5
B1,2005-05-15,Club Brugge,Anderlecht,2,2,D,2,1,H,2.1,3.2,3.0,2.0,3.25,3.3,2.1,3.2,3.1,2.0,3.2,3.1,,,,2.05,3.2,3.2,2.1,3.2,2.95,1.71,1.95,2.1,1.57,-0.5,1.9,1.95,-0.25
B1,2005-05-15,FC Brussels,Cercle Brugge,2,1,H,1,0,H,1.61,3.5,4.5,1.6,3.55,4.85,1.62,3.5,4.5,1.45,4.0,5.0,,,,1.57,3.5,5.2,1.6,3.5,4.6,,,,,,1.75,2.1,-0.75
B1,2005-05-15,Genk,Charleroi,2,0,H,0,0,D,1.61,3.5,4.5,1.6,3.5,5.0,1.6,3.45,4.75,1.6,3.4,4.6,,,,1.62,3.4,5.0,1.6,3.55,4.5,1.65,2.0,,,,2.0,1.85,-1.0
B1,2005-05-15,Germinal,St Truiden,3,1,H,2,0,H,1.9,3.25,3.4,1.85,3.35,3.65,1.85,3.3,3.55,1.85,3.3,3.4,,,,1.85,3.25,3.75,1.9,3.3,3.35,1.75,1.9,1.85,1.71,-0.5,1.925,1.925,-0.5
B1,2005-05-15,Lokeren,Lierse,0,2,A,0,1,A,1.66,3.4,4.33,1.65,3.5,4.55,1.68,3.4,4.25,1.65,3.5,4.4,,,,1.67,3.4,4.5,1.7,3.4,4.1,1.71,1.95,1.68,1.89,-0.5,1.85,2.0,-0.75
B1,2005-05-15,Louvieroise,Oostende,2,0,H,1,0,H,2.1,3.4,2.8,2.25,3.2,2.8,2.15,3.3,2.8,,,,,,,2.25,3.4,2.62,2.05,3.4,2.9,1.6,2.1,,,,1.85,2.0,0.0
B1,2005-05-15,Standard,Gent,3,0,H,0,0,D,1.4,3.75,7.0,1.4,4.0,6.75,1.4,3.9,6.5,1.45,3.8,5.4,,,,1.4,4.0,6.5,1.4,3.9,6.3,1.65,2.0,1.4,2.44,-0.5,1.775,2.075,-1.25
B1,2005-05-15,Westerlo,Beveren,1,1,D,0,0,D,2.1,3.2,3.0,2.0,3.25,3.3,2.15,3.1,3.0,,,,,,,2.2,3.1,3.0,2.15,3.0,3.05,,,,,,2.0,1.85,-0.25
B1,2005-05-21,Anderlecht,Bergen,2,1,H,1,0,H,1.2,5.5,9.0,1.2,5.5,10.5,1.23,5.0,9.0,1.2,5.3,9.0,,,,1.22,5.0,10.0,1.2,5.1,10.0,,,1.23,3.21,-0.5,1.7,2.2,-1.5
B1,2005-05-21,Cercle Brugge,Genk,1,3,A,0,0,D,5.0,3.5,1.57,4.3,3.45,1.7,4.5,3.4,1.65,3.8,3.1,1.7,,,,4.33,3.5,1.67,4.5,3.55,1.6,1.65,2.0,1.94,1.65,0.5,2.2,1.7,0.75
B1,2005-05-21,Charleroi,Lokeren,2,1,H,2,0,H,1.72,3.4,4.0,1.75,3.4,4.05,1.75,3.3,4.0,1.7,3.3,4.0,,,,1.75,3.4,4.0,1.7,3.4,4.1,1.71,1.95,1.75,1.81,-0.5,2.1,1.75,-0.75
B1,2005-05-21,Gent,Westerlo,1,0,H,1,0,H,1.57,3.5,5.0,1.65,3.5,4.55,1.65,3.4,4.5,1.6,3.5,4.4,,,,1.67,3.4,4.5,1.6,3.5,4.6,1.65,2.0,1.65,1.94,-0.5,1.775,2.075,-0.75
B1,2005-05-21,Germinal,Beveren,3,1,H,2,0,H,1.61,3.5,4.5,1.65,3.5,4.55,1.73,3.4,4.0,,,,,,,1.75,3.4,4.0,,,,1.6,2.1,1.73,1.82,-0.5,1.825,2.025,-0.75
B1,2005-05-21,Lierse,Louvieroise,7,0,H,4,0,H,2.0,3.2,3.2,1.85,3.35,3.65,1.95,3.25,3.35,1.9,3.3,3.3,,,,2.0,3.4,3.1,1.9,3.3,3.35,1.65,2.0,1.95,1.65,-0.5,2.025,1.825,-0.5
B1,2005-05-21,Mouscron,FC Brussels,2,0,H,2,0,H,2.0,3.2,3.2,1.9,3.3,3.55,1.95,3.2,3.4,1.9,3.3,3.3,,,,1.95,3.25,3.4,1.85,3.3,3.5,1.65,2.0,1.95,1.65,-0.5,2.025,1.825,-0.5
B1,2005-05-21,Oostende,Standard,1,1,D,1,1,D,8.0,4.5,1.28,7.3,3.8,1.4,6.5,3.75,1.4,7.0,4.0,1.35,,,,6.5,3.75,1.44,6.0,4.1,1.4,1.55,2.2,2.33,1.44,0.5,2.2,1.65,1.25
B1,2005-05-21,St Truiden,Club Brugge,3,2,H,2,1,H,3.75,3.3,1.8,3.8,3.4,1.8,4.0,3.35,1.75,3.7,3.2,1.8,,,,4.0,3.5,1.73,4.1,3.4,1.7,1.6,2.1,1.82,1.75,0.5,2.15,1.7,0.5
