,BbMxA,BbMxD,BbAv<2.5,WHD,IWH,LBA,SBH,SBA,SJA,BbMxH,BWD,BbAvA,WHA,B365A,SJD,LBH,GBD,VCH,GBA,B365D,BbAvH,BbOU,B365H,BbAHh,BbMxAHA,WHH,BbMxAHH,BWA,BbAv>2.5,Bb1X2,BWH,IWA,BbMx>2.5,VCD,BbAvAHA,SJH,GBH,BbAH,SBD,BbAvAHH,VCA,IWD,LBD,BbAvD,BbMx<2.5,HomeTeam,AwayTeam,idGame
0,7.0,4.0,1.98,3.5,1.55,6.5,1.5,6.0,7.0,1.62,4.05,6.16,5.5,6.0,3.75,1.44,3.8,1.45,6.75,3.6,1.51,33,1.57,-1.0,1.82,1.53,2.17,4.75,1.75,46,1.55,5.0,1.88,3.75,1.77,1.44,1.5,24,3.75,2.07,6.0,3.7,3.6,3.71,2.1,Bayern Munich,Dortmund,Bayern Munich_Dortmund_2006
1,8.8,4.75,2.02,3.75,1.4,7.0,1.44,6.5,7.5,1.45,4.4,7.35,7.0,7.5,3.6,1.4,4.0,1.4,7.5,4.0,1.4,33,1.44,-1.25,1.95,1.4,2.02,7.5,1.71,46,1.35,6.5,1.85,3.75,1.88,1.44,1.4,22,4.0,1.99,7.0,4.0,3.75,4.06,2.15,Hamburg,Bielefeld,Hamburg_Bielefeld_2006
2,7.5,4.2,2.2,3.6,1.45,6.5,1.44,6.5,7.0,1.5,3.8,6.68,6.5,7.5,4.1,1.44,3.75,1.45,6.5,4.0,1.45,33,1.44,-1.0,2.17,1.44,1.8,5.8,1.59,45,1.5,6.0,1.65,3.6,2.08,1.4,1.5,23,4.0,1.77,6.5,3.9,3.6,3.9,2.37,Leverkusen,Aachen,Leverkusen_Aachen_2006
3,4.0,3.4,1.95,3.1,2.0,3.5,2.0,3.4,3.8,2.15,3.3,3.59,3.5,3.75,3.4,1.83,3.25,1.9,3.75,3.2,1.96,33,2.0,-0.25,2.1,1.95,1.85,3.9,1.79,44,1.85,3.3,1.97,3.2,2.06,1.83,1.95,23,3.25,1.81,3.5,3.2,3.4,3.26,2.05,Mainz,Bochum,Mainz_Bochum_2006
4,6.2,3.85,1.98,3.4,1.6,5.0,1.6,5.5,5.5,1.62,3.5,5.52,4.8,5.5,3.6,1.57,3.5,1.53,6.0,3.6,1.58,32,1.61,-1.0,1.83,1.6,2.16,5.3,1.74,44,1.6,4.8,1.9,3.5,1.77,1.57,1.57,21,3.4,2.09,5.5,3.6,3.5,3.55,2.15,M'gladbach,Cottbus,M'gladbach_Cottbus_2006
5,8.0,4.15,2.0,3.6,1.5,6.5,1.5,6.0,6.5,1.53,4.0,6.53,6.5,7.5,3.6,1.44,3.75,1.45,6.5,4.0,1.47,33,1.44,-1.0,2.1,1.44,1.83,6.2,1.72,46,1.45,5.5,1.82,3.75,2.03,1.5,1.5,23,3.75,1.81,6.0,3.8,3.6,3.79,2.15,Schalke 04,Ein Frankfurt,Schalke 04_Ein Frankfurt_2006
6,4.16,3.35,1.78,3.1,1.8,3.75,2.0,3.4,3.4,2.1,3.3,3.8,3.6,3.75,3.25,1.8,3.3,1.9,4.0,3.2,1.91,31,2.0,-0.5,1.82,1.9,2.16,3.6,1.96,44,1.9,4.0,2.1,3.2,1.77,2.0,1.9,20,3.25,2.05,3.75,3.2,3.25,3.24,1.85,Stuttgart,Nurnberg,Stuttgart_Nurnberg_2006
7,2.0,3.65,2.12,3.1,3.6,1.83,3.6,1.91,1.91,4.15,3.4,1.87,1.9,1.9,3.4,3.5,3.4,3.6,1.85,3.25,3.76,31,4.0,0.5,1.94,3.6,2.02,1.85,1.63,44,3.75,1.9,1.7,3.3,1.88,3.6,4.0,21,3.3,1.97,1.85,3.2,3.4,3.34,2.2,Hannover,Werder Bremen,Hannover_Werder Bremen_2006
8,3.0,3.35,1.78,3.1,2.4,2.5,2.4,2.6,2.88,2.55,3.15,2.66,2.62,2.75,3.25,2.4,3.2,2.4,2.65,3.2,2.46,31,2.2,0.0,2.16,2.37,1.85,2.55,1.93,44,2.55,2.7,2.1,3.1,2.03,2.25,2.5,20,3.3,1.76,2.6,3.1,3.25,3.18,1.9,Wolfsburg,Hertha,Wolfsburg_Hertha_2006
9,4.35,3.4,1.94,3.1,1.9,3.75,1.9,3.75,4.25,1.97,3.4,3.91,3.6,4.0,3.4,1.83,3.3,1.85,4.1,3.25,1.87,30,1.9,-0.5,1.93,1.9,2.04,4.3,1.78,42,1.75,3.6,1.87,3.2,1.87,1.75,1.85,21,3.25,1.97,3.75,3.2,3.2,3.28,2.1,Nurnberg,M'gladbach,Nurnberg_M'gladbach_2006
10,1.91,3.6,1.9,3.1,3.8,1.83,4.0,1.85,1.75,4.62,3.4,1.8,1.9,1.83,3.4,3.75,3.3,4.35,1.85,3.3,4.13,35,4.33,0.5,1.85,3.6,2.1,1.8,1.82,45,4.0,1.85,1.92,3.2,1.81,4.25,4.1,23,3.25,2.01,1.75,3.2,3.2,3.34,2.0,Aachen,Schalke 04,Aachen_Schalke 04_2006
11,2.05,3.4,1.78,3.2,3.8,1.83,3.5,1.95,1.83,4.0,3.3,1.93,1.83,2.0,3.25,3.75,3.25,3.4,1.95,3.2,3.69,35,3.75,0.5,2.05,3.75,1.92,1.85,1.94,45,3.9,1.85,2.09,3.25,1.98,4.0,3.75,24,3.3,1.86,1.9,3.2,3.2,3.26,1.85,Cottbus,Hamburg,Cottbus_Hamburg_2006
12,6.5,3.85,1.95,3.3,1.55,5.5,1.6,5.0,6.0,1.67,3.9,5.47,5.0,5.5,3.6,1.53,3.6,1.6,5.5,3.6,1.59,35,1.61,-0.75,2.09,1.61,1.88,5.6,1.76,46,1.5,5.0,1.85,3.25,2.02,1.53,1.6,24,3.6,1.83,5.0,3.7,3.5,3.57,2.15,Dortmund,Mainz,Dortmund_Mainz_2006
13,3.9,3.35,1.83,3.1,2.0,3.4,2.15,3.1,3.2,2.15,3.2,3.48,3.5,3.75,3.2,1.91,3.3,1.9,3.5,3.2,2.02,35,2.0,-0.25,2.1,1.95,1.85,3.85,1.89,46,1.9,3.3,2.05,3.2,2.04,2.1,2.0,25,3.2,1.8,3.5,3.2,3.25,3.22,1.9,Ein Frankfurt,Wolfsburg,Ein Frankfurt_Wolfsburg_2006
14,4.85,3.5,1.85,3.1,1.8,4.5,1.75,4.5,4.5,1.88,3.2,4.27,4.5,4.33,3.5,1.62,3.25,1.7,4.4,3.3,1.79,35,1.83,-0.5,2.05,1.72,1.9,4.3,1.87,46,1.8,4.0,1.98,3.25,1.98,1.7,1.8,23,3.25,1.86,4.35,3.2,3.5,3.31,1.98,Hertha,Hannover,Hertha_Hannover_2006
15,5.6,3.8,2.37,3.1,1.6,5.0,1.65,4.75,5.5,1.7,3.6,5.11,5.0,5.0,3.75,1.57,3.5,1.6,5.5,3.6,1.62,35,1.66,-0.75,2.1,1.66,1.83,5.0,1.5,44,1.6,4.8,1.55,3.3,2.03,1.53,1.62,24,3.5,1.8,5.0,3.6,3.5,3.55,2.5,Werder Bremen,Leverkusen,Werder Bremen_Leverkusen_2006
16,3.0,3.32,1.75,3.1,2.5,2.6,2.45,2.6,3.0,2.6,3.0,2.73,2.62,3.0,3.25,2.38,3.2,2.4,2.7,3.25,2.42,32,2.37,0.0,2.13,2.37,1.83,2.65,1.97,45,2.55,2.6,2.13,3.1,2.02,2.2,2.45,21,3.25,1.76,2.6,3.1,3.2,3.19,1.81,Bielefeld,Stuttgart,Bielefeld_Stuttgart_2006
17,1.7,4.0,1.97,3.3,4.8,1.53,4.75,1.65,1.53,6.0,3.5,1.6,1.57,1.57,3.6,5.5,3.6,5.0,1.6,3.8,5.23,32,5.5,0.75,1.86,5.5,2.08,1.6,1.73,44,5.25,1.6,1.85,3.6,1.8,5.75,5.5,22,3.5,2.03,1.55,3.6,3.5,3.58,2.07,Bochum,Bayern Munich,Bochum_Bayern Munich_2006
18,2.8,3.4,2.09,3.0,2.4,2.6,2.5,2.5,2.88,2.6,3.15,2.68,2.7,2.8,3.25,2.37,3.25,2.35,2.75,3.1,2.46,30,2.5,0.0,2.12,2.37,1.88,2.65,1.66,46,2.45,2.6,1.81,3.0,1.97,2.25,2.45,21,3.3,1.83,2.7,3.2,3.2,3.2,2.25,Schalke 04,Werder Bremen,Schalke 04_Werder Bremen_2006
19,9.9,5.0,2.18,4.0,1.35,8.0,1.3,8.5,9.5,1.41,4.5,8.16,8.0,7.5,5.0,1.33,4.75,1.4,8.5,4.33,1.34,31,1.4,-1.25,2.0,1.33,2.02,7.2,1.6,45,1.35,7.5,1.67,3.6,1.91,1.25,1.33,22,4.75,1.94,8.0,4.2,4.0,4.44,2.35,Bayern Munich,Nurnberg,Bayern Munich_Nurnberg_2006
20,4.55,3.5,1.84,3.1,1.85,3.6,1.9,3.75,4.2,1.95,3.35,4.0,3.5,4.33,3.25,1.83,3.3,1.8,4.25,3.3,1.85,33,1.83,-0.5,2.08,1.95,1.91,3.8,1.88,46,1.85,3.8,2.0,3.25,1.98,1.8,1.85,24,3.25,1.86,3.8,3.2,3.25,3.32,2.0,Bochum,Cottbus,Bochum_Cottbus_2006
21,5.0,3.6,1.98,3.0,1.7,4.33,1.75,4.2,5.0,1.84,3.4,4.54,4.0,4.75,3.5,1.72,3.4,1.65,4.65,3.5,1.73,33,1.72,-0.75,1.88,1.83,2.06,4.6,1.74,47,1.7,4.3,1.82,3.25,1.84,1.62,1.75,23,3.4,2.01,4.5,3.4,3.2,3.4,2.1,Hannover,Aachen,Hannover_Aachen_2006
22,7.0,4.3,2.14,3.4,1.55,6.0,1.5,6.0,6.5,1.56,3.75,6.16,6.0,6.0,3.9,1.44,3.9,1.45,6.3,4.0,1.49,31,1.5,-1.0,2.15,1.5,1.9,6.0,1.62,43,1.5,5.0,1.73,3.5,2.0,1.44,1.5,23,3.75,1.82,6.5,3.7,3.75,3.83,2.25,Leverkusen,Wolfsburg,Leverkusen_Wolfsburg_2006
23,5.5,3.6,1.83,3.2,1.75,4.33,1.75,4.2,5.5,1.8,3.5,4.65,4.5,5.0,3.5,1.66,3.4,1.7,4.75,3.6,1.72,33,1.66,-0.75,1.92,1.7,2.03,4.75,1.89,45,1.65,4.2,2.05,3.2,1.84,1.57,1.73,23,3.4,2.0,4.5,3.3,3.4,3.39,1.9,M'gladbach,Bielefeld,M'gladbach_Bielefeld_2006
24,3.25,3.3,1.79,3.1,2.2,2.75,2.1,3.2,3.25,2.4,3.2,2.96,3.1,3.1,3.2,2.2,3.25,2.2,3.05,3.1,2.27,32,2.3,-0.25,1.9,2.1,2.07,2.85,1.92,46,2.3,3.0,2.0,3.1,1.86,2.1,2.25,24,3.2,2.0,2.9,3.1,3.25,3.18,1.9,Stuttgart,Dortmund,Stuttgart_Dortmund_2006
25,4.35,3.4,1.84,3.0,1.7,3.75,1.9,3.75,4.33,2.0,3.4,3.94,4.0,4.0,3.4,1.8,3.3,1.75,4.0,3.25,1.88,32,1.9,-0.5,1.9,1.83,2.03,4.6,1.87,46,1.7,4.3,2.0,3.2,1.87,1.73,1.9,24,3.25,1.97,4.35,3.4,3.3,3.25,1.98,Hamburg,Hertha,Hamburg_Hertha_2006
26,3.6,3.32,1.86,3.0,2.2,3.0,2.2,3.1,3.1,2.25,3.25,3.24,3.3,3.4,3.0,2.1,3.25,2.1,3.4,3.25,2.13,33,2.1,-0.25,2.02,2.05,1.93,3.4,1.86,44,2.0,3.0,2.0,3.1,1.95,2.25,2.1,24,3.1,1.9,3.1,3.1,3.2,3.2,2.0,Mainz,Ein Frankfurt,Mainz_Ein Frankfurt_2006
27,4.35,3.5,1.83,3.0,1.9,3.75,1.9,3.75,4.33,2.0,3.35,3.87,4.0,4.0,3.4,1.8,3.3,1.85,3.75,3.25,1.88,34,1.9,-0.5,1.92,1.83,2.05,3.8,1.88,47,1.85,3.6,2.05,3.2,1.88,1.73,1.95,17,3.25,1.98,3.75,3.2,3.25,3.27,1.93,Wolfsburg,Hannover,Wolfsburg_Hannover_2006
28,3.05,3.4,1.81,2.9,2.4,2.6,2.4,2.7,2.6,2.6,3.15,2.7,2.62,2.8,3.4,2.38,3.2,2.4,2.8,3.25,2.42,31,2.4,0.0,2.18,2.5,1.83,2.55,1.87,45,2.55,2.7,1.98,3.1,2.01,2.38,2.45,19,3.15,1.78,2.6,3.1,3.2,3.2,1.95,Aachen,M'gladbach,Aachen_M'gladbach_2006
29,1.62,3.87,1.91,3.5,4.8,1.53,5.5,1.55,1.57,6.3,3.7,1.56,1.53,1.57,3.4,5.5,3.6,5.0,1.6,3.8,5.65,31,5.5,0.75,1.88,5.5,2.21,1.55,1.76,45,5.4,1.6,1.9,3.5,1.77,6.0,5.7,18,3.6,2.11,1.55,3.6,3.5,3.59,2.2,Bielefeld,Bayern Munich,Bielefeld_Bayern Munich_2006
30,3.4,3.3,1.83,3.0,2.3,2.75,2.25,2.85,2.88,2.3,3.2,2.98,3.0,3.0,3.25,2.2,3.2,2.25,3.1,3.25,2.24,31,2.3,-0.25,1.94,2.2,2.08,2.9,1.88,46,2.25,2.8,1.99,3.2,1.89,2.25,2.25,19,3.25,1.98,2.7,3.1,3.25,3.21,1.92,Cottbus,Mainz,Cottbus_Mainz_2006
31,3.5,3.31,1.87,3.0,2.3,3.0,2.1,3.1,2.88,2.3,3.25,3.05,2.87,3.25,3.25,2.1,3.25,2.2,3.25,3.2,2.2,31,2.2,-0.25,2.06,2.25,1.96,2.8,1.81,46,2.3,2.8,1.9,3.1,1.99,2.25,2.15,19,3.3,1.87,2.9,3.1,3.2,3.21,2.02,Dortmund,Hamburg,Dortmund_Hamburg_2006
32,6.0,3.78,1.93,3.1,1.65,4.5,1.6,5.0,6.0,1.66,3.75,5.33,5.5,5.5,3.6,1.62,3.5,1.55,5.7,3.6,1.61,30,1.61,-0.75,2.0,1.61,1.93,5.95,1.76,45,1.5,4.5,1.87,3.5,1.97,1.53,1.62,17,3.6,1.89,5.0,3.5,3.5,3.53,2.15,Nurnberg,Bochum,Nurnberg_Bochum_2006
33,6.8,3.96,2.24,3.3,1.55,5.5,1.55,5.75,6.5,1.65,3.85,5.9,5.5,6.5,3.6,1.53,3.7,1.5,6.0,3.5,1.54,31,1.57,-1.0,2.0,1.57,2.0,6.65,1.54,46,1.45,5.0,1.62,3.6,1.88,1.5,1.55,19,3.5,1.95,5.5,3.7,3.5,3.62,2.45,Werder Bremen,Stuttgart,Werder Bremen_Stuttgart_2006
34,2.65,3.4,1.99,3.1,2.7,2.38,2.7,2.4,2.5,2.9,3.25,2.41,2.5,2.37,3.2,2.6,3.25,2.6,2.45,3.25,2.71,31,2.87,0.0,1.84,2.5,2.2,2.3,1.71,45,2.8,2.4,1.8,3.1,1.78,2.6,2.75,19,3.2,2.01,2.35,3.1,3.2,3.21,2.2,Ein Frankfurt,Leverkusen,Ein Frankfurt_Leverkusen_2006
35,2.8,3.35,1.79,3.0,2.55,2.6,2.45,2.6,2.6,2.6,3.15,2.63,2.7,2.8,3.2,2.38,3.2,2.4,2.65,3.25,2.48,32,2.4,0.0,2.05,2.37,1.9,2.55,1.93,45,2.55,2.55,2.04,3.1,1.96,2.5,2.55,19,3.25,1.83,2.6,3.1,3.2,3.19,1.9,Hertha,Schalke 04,Hertha_Schalke 04_2006
36,2.9,3.3,1.79,3.0,2.4,2.5,2.4,2.7,3.0,2.6,3.2,2.74,2.7,2.87,3.25,2.4,3.25,2.35,2.75,3.25,2.42,33,2.37,0.0,2.12,2.37,1.83,2.7,1.93,38,2.4,2.7,2.09,3.1,2.02,2.2,2.45,18,3.2,1.77,2.65,3.1,3.25,3.19,1.85,M'gladbach,Dortmund,M'gladbach_Dortmund_2006
37,15.5,6.5,2.25,5.0,1.22,11.0,1.2,12.0,13.0,1.25,5.8,11.87,9.5,13.0,6.0,1.2,5.5,1.22,12.0,5.5,1.2,30,1.22,-1.5,2.1,1.22,1.83,10.5,1.54,42,1.2,10.0,1.6,4.8,2.03,1.17,1.23,16,5.5,1.79,11.0,5.0,5.0,5.56,2.38,Bayern Munich,Aachen,Bayern Munich_Aachen_2006
38,2.8,3.37,1.99,2.9,2.6,2.5,2.7,2.4,2.7,2.89,3.15,2.59,2.75,2.6,3.2,2.4,3.25,2.5,2.7,3.25,2.54,30,2.6,0.0,1.91,2.4,2.02,2.55,1.71,42,2.55,2.6,1.8,3.2,1.86,2.4,2.5,18,3.2,1.92,2.5,3.0,3.25,3.19,2.12,Hamburg,Werder Bremen,Hamburg_Werder Bremen_2006
39,2.8,3.4,2.1,2.9,2.5,2.4,2.55,2.5,2.62,2.7,3.15,2.58,2.4,2.7,3.4,2.5,3.3,2.4,2.7,3.25,2.52,30,2.5,0.0,1.95,2.75,2.0,2.55,1.64,41,2.55,2.5,1.72,3.2,1.88,2.38,2.45,18,3.25,1.9,2.5,3.2,3.25,3.22,2.25,Hannover,Leverkusen,Hannover_Leverkusen_2006
40,2.9,3.3,1.81,2.9,2.4,2.37,2.55,2.55,2.6,2.65,3.15,2.67,2.5,2.9,3.2,2.6,3.25,2.5,2.7,3.2,2.45,29,2.37,0.0,2.14,2.62,1.83,2.55,1.9,42,2.55,2.7,2.02,3.1,2.01,2.5,2.5,18,3.15,1.77,2.5,3.1,3.2,3.19,1.89,Mainz,Hertha,Mainz_Hertha_2006
41,8.0,4.33,1.85,3.5,1.5,7.0,1.45,7.0,7.0,1.5,4.1,7.1,7.0,7.5,3.75,1.4,4.0,1.45,7.2,4.33,1.43,29,1.4,-1.0,2.07,1.44,1.9,7.0,1.86,42,1.4,5.5,2.0,3.6,1.97,1.44,1.45,19,3.75,1.85,6.5,3.8,3.75,3.91,2.0,Schalke 04,Wolfsburg,Schalke 04_Wolfsburg_2006
42,4.33,3.42,1.93,3.1,1.85,4.0,1.85,4.0,3.75,1.91,3.25,4.04,4.0,4.33,3.2,1.8,3.3,1.8,4.1,3.3,1.83,29,1.83,-0.5,2.02,1.8,1.91,3.6,1.75,40,1.9,3.8,1.85,3.25,1.98,1.91,1.87,16,3.25,1.88,3.75,3.2,3.2,3.31,2.1,Stuttgart,Ein Frankfurt,Stuttgart_Ein Frankfurt_2006
43,3.7,3.4,1.77,3.0,2.1,3.4,2.1,3.2,3.6,2.2,3.25,3.34,3.2,3.4,3.4,1.9,3.3,2.2,3.45,3.25,2.05,29,2.1,-0.25,2.13,2.1,1.83,3.4,1.94,42,2.0,3.2,2.1,3.1,2.05,1.91,2.05,19,3.2,1.8,2.9,3.1,3.25,3.24,1.86,Bochum,Bielefeld,Bochum_Bielefeld_2006
44,2.95,3.3,1.81,3.0,2.4,2.75,2.4,2.7,2.7,2.65,3.15,2.67,2.7,2.8,3.2,2.25,3.25,2.3,2.7,3.25,2.45,28,2.4,0.0,2.13,2.37,1.82,2.55,1.9,39,2.55,2.7,2.04,3.2,1.99,2.4,2.5,16,3.2,1.78,2.65,3.1,3.2,3.2,1.9,Cottbus,Nurnberg,Cottbus_Nurnberg_2006
45,5.75,3.7,1.85,3.3,1.65,5.5,1.6,5.0,5.0,1.7,3.7,5.27,5.0,5.5,3.5,1.53,3.6,1.55,5.5,3.6,1.62,34,1.61,-0.75,2.0,1.61,1.95,5.4,1.87,44,1.55,4.5,2.0,3.5,1.94,1.62,1.6,18,3.6,1.91,5.0,3.5,3.5,3.52,1.92,Dortmund,Hannover,Dortmund_Hannover_2006
46,4.1,3.35,1.92,3.1,2.0,3.5,2.0,3.4,3.4,2.05,3.25,3.65,3.5,4.0,3.25,1.91,3.3,1.85,3.8,3.2,1.95,29,1.95,-0.5,1.94,1.95,2.02,3.75,1.78,43,1.9,3.3,1.85,3.2,1.86,2.0,1.95,20,3.25,1.99,3.75,3.2,3.2,3.26,2.15,Aachen,Bochum,Aachen_Bochum_2006
47,4.0,3.3,1.76,3.0,2.1,3.2,2.0,3.4,4.0,2.1,3.25,3.53,3.4,3.75,3.25,2.0,3.3,2.0,3.6,3.2,1.99,29,2.0,-0.5,1.88,2.0,2.07,3.4,1.95,43,2.0,3.2,2.11,3.25,1.81,1.83,2.0,20,3.25,2.04,3.25,3.1,3.2,3.24,1.83,Bielefeld,Cottbus,Bielefeld_Cottbus_2006
48,2.75,3.3,1.74,2.9,2.55,2.6,2.55,2.55,2.8,2.63,3.15,2.61,2.62,2.75,3.1,2.38,3.2,2.4,2.65,3.2,2.51,29,2.5,0.0,2.14,2.5,1.85,2.55,1.99,43,2.55,2.55,2.21,3.1,1.97,2.38,2.55,18,3.2,1.8,2.6,3.1,3.2,3.19,1.9,Ein Frankfurt,Hamburg,Ein Frankfurt_Hamburg_2006
49,5.7,3.65,1.84,3.1,1.75,4.33,1.65,5.0,5.0,1.75,3.45,4.92,4.5,5.5,3.5,1.67,3.5,1.65,4.8,3.4,1.67,28,1.66,-0.75,1.97,1.72,2.0,4.5,1.87,42,1.7,4.2,2.02,3.25,1.9,1.62,1.7,18,3.4,1.95,5.0,3.3,3.4,3.45,1.9,Nurnberg,Mainz,Nurnberg_Mainz_2006
50,8.5,4.33,2.21,3.4,1.45,6.5,1.4,7.5,6.0,1.5,3.85,6.93,6.0,7.5,3.75,1.44,4.0,1.5,7.0,4.33,1.44,29,1.4,-1.25,2.04,1.5,1.9,6.5,1.58,43,1.45,6.0,1.7,3.6,1.98,1.5,1.45,19,4.0,1.86,5.5,3.9,3.6,3.88,2.45,Werder Bremen,M'gladbach,Werder Bremen_M'gladbach_2006
51,1.65,3.7,1.83,3.5,4.5,1.62,5.0,1.6,1.67,6.3,3.5,1.62,1.53,1.61,3.33,5.0,3.6,5.5,1.65,3.6,5.26,29,5.5,0.75,1.79,5.5,2.17,1.6,1.88,43,5.25,1.65,2.01,3.25,1.75,5.0,5.25,18,3.6,2.11,1.55,3.5,3.25,3.49,1.93,Wolfsburg,Bayern Munich,Wolfsburg_Bayern Munich_2006
52,3.65,3.3,1.78,3.1,2.0,3.5,2.0,3.4,3.75,2.25,3.25,3.37,3.5,3.4,3.25,1.91,3.3,2.0,3.6,3.2,2.06,29,2.2,-0.25,2.02,1.95,1.97,3.4,1.93,42,2.0,3.3,2.13,3.25,1.94,1.91,2.0,20,3.25,1.91,3.25,3.2,3.2,3.22,1.9,Hertha,Stuttgart,Hertha_Stuttgart_2006
53,3.2,3.39,1.9,2.9,2.4,2.5,2.38,2.65,2.6,2.55,3.15,2.75,2.62,2.87,3.2,2.5,3.2,2.35,2.9,3.2,2.41,29,2.4,0.0,2.21,2.5,1.8,2.65,1.81,41,2.45,2.7,1.93,3.2,2.04,2.5,2.4,19,3.3,1.73,2.6,3.1,3.2,3.21,2.05,Leverkusen,Schalke 04,Leverkusen_Schalke 04_2006
54,4.0,3.4,1.83,3.0,2.0,3.5,2.0,3.45,3.8,2.1,3.3,3.61,3.4,3.5,3.4,1.9,3.25,2.0,3.75,3.25,1.97,33,2.05,-0.5,1.9,2.0,2.13,3.7,1.89,42,1.9,3.3,2.01,3.1,1.79,1.83,1.95,21,3.2,2.06,3.3,3.2,3.2,3.24,1.91,Mainz,Aachen,Mainz_Aachen_2006
55,9.0,4.2,1.91,3.3,1.45,6.5,1.45,6.25,7.0,1.5,3.9,7.21,6.5,7.5,3.4,1.44,4.0,1.45,7.0,4.0,1.44,30,1.44,-1.0,2.15,1.5,1.82,6.5,1.8,42,1.45,6.0,1.91,3.6,2.01,1.5,1.45,19,4.0,1.77,6.5,3.9,3.6,3.81,2.0,Bayern Munich,Hertha,Bayern Munich_Hertha_2006
56,1.85,3.55,2.17,3.1,3.8,1.8,4.35,1.75,1.8,4.75,3.4,1.77,1.8,1.72,3.4,3.75,3.3,4.5,1.8,3.5,4.33,30,4.75,0.5,1.85,4.0,2.1,1.75,1.62,42,4.25,1.85,2.25,3.25,1.81,4.0,4.5,19,3.3,2.04,1.65,3.2,3.25,3.35,2.3,Bochum,Werder Bremen,Bochum_Werder Bremen_2006
57,3.3,3.44,1.73,3.0,2.5,2.5,2.3,2.8,2.88,2.5,3.1,2.87,2.87,3.1,3.0,2.4,3.25,2.3,2.9,3.1,2.34,30,2.3,0.0,2.23,2.25,1.8,2.9,2.01,42,2.3,2.7,2.14,3.1,2.09,2.38,2.35,19,3.25,1.7,2.7,3.0,3.25,3.17,1.81,Hamburg,Schalke 04,Hamburg_Schalke 04_2006
58,3.6,3.35,1.84,3.0,2.1,3.0,2.2,3.0,3.5,2.2,3.15,3.3,3.0,3.5,3.2,2.1,3.2,2.1,3.5,3.2,2.1,30,2.1,-0.25,2.05,2.2,1.92,3.25,1.88,42,2.1,3.2,2.02,3.0,2.01,2.0,2.1,20,3.2,1.85,3.2,3.1,3.2,3.19,1.95,Hannover,Ein Frankfurt,Hannover_Ein Frankfurt_2006
59,4.75,3.4,1.7,3.1,1.85,4.0,1.7,4.75,4.0,1.95,3.4,4.23,4.0,4.33,3.25,1.8,3.3,1.75,4.25,3.3,1.81,30,1.83,-0.5,2.05,1.8,1.95,4.6,2.04,39,1.7,3.8,2.18,3.1,1.98,1.83,1.85,19,3.3,1.88,4.35,3.2,3.2,3.28,1.78,M'gladbach,Wolfsburg,M'gladbach_Wolfsburg_2006
60,3.2,3.35,1.99,3.0,2.3,2.75,2.25,2.85,2.88,2.4,3.15,2.9,2.87,2.87,3.25,2.2,3.2,2.25,3.0,3.25,2.29,30,2.37,-0.25,1.83,2.25,2.15,2.95,1.73,41,2.25,2.8,2.1,3.1,1.81,2.25,2.3,19,3.25,2.06,2.8,3.1,3.25,3.22,2.1,Stuttgart,Leverkusen,Stuttgart_Leverkusen_2006
61,2.55,3.3,1.79,2.9,2.55,2.37,2.8,2.25,2.5,3.1,3.2,2.37,2.3,2.37,3.2,2.6,3.2,2.75,2.45,3.25,2.79,29,2.87,0.0,1.8,2.9,2.27,2.35,1.94,38,2.8,2.55,2.07,3.1,1.71,2.6,2.8,19,3.3,2.06,2.25,3.1,3.2,3.19,1.86,Cottbus,Dortmund,Cottbus_Dortmund_2006
62,5.5,3.5,1.82,3.1,1.75,4.5,1.75,4.35,5.5,1.8,3.4,4.73,5.0,5.0,3.4,1.66,3.4,1.75,5.0,3.4,1.71,28,1.72,-0.75,1.9,1.66,2.14,5.0,1.9,38,1.65,4.2,2.01,3.2,1.81,1.6,1.7,19,3.3,2.05,4.35,3.3,3.25,3.36,1.94,Nurnberg,Bielefeld,Nurnberg_Bielefeld_2006
63,7.5,4.12,2.03,3.5,1.5,7.0,1.4,7.5,6.5,1.51,3.9,6.87,7.0,7.5,3.6,1.4,4.0,1.45,7.0,4.0,1.46,31,1.44,-1.0,2.01,1.44,1.92,6.5,1.7,45,1.45,5.5,1.8,3.6,1.95,1.5,1.45,20,3.9,1.86,6.5,3.8,3.75,3.82,2.25,Dortmund,Bochum,Dortmund_Bochum_2006
64,5.0,3.45,1.93,3.0,1.8,3.75,1.8,4.0,3.75,1.85,3.4,4.27,4.0,4.33,3.5,1.8,3.3,1.75,4.5,3.3,1.79,28,1.83,-0.5,2.08,1.83,1.85,4.6,1.79,45,1.7,4.0,1.91,3.3,2.03,1.83,1.8,17,3.4,1.83,4.5,3.2,3.25,3.31,2.05,Aachen,Cottbus,Aachen_Cottbus_2006
65,3.75,3.5,1.79,2.9,2.1,3.2,2.1,3.2,3.75,2.2,3.2,3.39,3.4,3.6,3.5,2.0,3.2,2.0,3.4,3.3,2.05,27,2.0,0.0,2.62,2.05,1.6,3.1,1.91,44,2.15,3.3,2.14,3.1,2.42,1.83,2.1,19,3.2,1.49,3.4,3.0,3.2,3.24,2.05,Bielefeld,Mainz,Bielefeld_Mainz_2006
66,5.6,3.7,1.86,3.2,1.7,4.33,1.7,4.5,4.25,1.78,3.6,4.72,4.5,4.75,3.5,1.72,3.4,1.65,5.0,3.5,1.69,24,1.72,-0.75,1.9,1.7,2.02,5.0,1.85,42,1.6,4.5,1.98,3.4,1.87,1.73,1.7,16,3.4,1.98,4.5,3.3,3.2,3.43,2.05,Hertha,M'gladbach,Hertha_M'gladbach_2006
67,7.5,4.0,1.97,3.3,1.5,7.0,1.5,6.0,6.0,1.55,3.75,6.66,6.5,7.5,3.75,1.4,3.75,1.4,6.75,4.0,1.47,27,1.44,-1.0,2.0,1.5,1.9,6.0,1.73,45,1.5,5.5,1.83,3.8,1.95,1.5,1.47,18,3.75,1.86,7.0,3.8,3.75,3.78,2.13,Schalke 04,Hannover,Schalke 04_Hannover_2006
68,3.15,3.5,1.98,3.0,2.4,2.5,2.38,2.7,3.0,2.55,3.2,2.77,2.7,2.87,3.2,2.4,3.2,2.35,2.8,3.2,2.4,28,2.4,0.0,2.15,2.37,1.78,2.7,1.74,44,2.4,2.7,1.83,3.1,2.05,2.2,2.4,19,3.25,1.71,2.75,3.1,3.25,3.19,2.15,Werder Bremen,Bayern Munich,Werder Bremen_Bayern Munich_2006
69,2.85,3.3,1.81,2.9,2.55,2.4,2.4,2.65,2.75,2.63,3.15,2.63,2.5,2.75,3.2,2.5,3.2,2.35,2.7,3.2,2.5,27,2.5,0.0,2.05,2.62,1.87,2.5,1.89,43,2.6,2.55,2.12,3.0,1.94,2.38,2.5,19,3.25,1.82,2.75,3.1,3.25,3.18,1.87,Wolfsburg,Stuttgart,Wolfsburg_Stuttgart_2006
70,3.3,3.25,1.79,2.8,2.2,3.0,2.25,2.9,2.75,2.35,3.0,3.01,3.1,3.0,3.2,2.1,3.2,2.25,3.2,3.25,2.25,27,2.3,0.0,2.17,2.25,1.76,3.2,1.92,43,2.2,3.1,2.07,3.25,2.1,2.38,2.2,18,3.2,1.65,2.75,3.0,3.2,3.15,1.86,Ein Frankfurt,Nurnberg,Ein Frankfurt_Nurnberg_2006
71,3.85,3.35,1.99,3.0,2.1,3.6,1.91,3.75,3.8,2.1,3.1,3.53,3.4,3.75,3.4,1.83,3.2,2.0,3.7,3.2,2.02,6,2.0,0.0,2.75,2.0,1.52,3.3,1.77,14,2.1,3.1,1.86,3.25,2.55,1.83,2.0,5,3.25,1.46,3.25,3.2,3.25,3.23,2.07,Leverkusen,Hamburg,Leverkusen_Hamburg_2006
72,1.67,4.0,2.15,3.3,4.5,1.57,5.0,1.65,1.57,6.25,3.6,1.6,1.61,1.61,3.6,5.5,3.6,5.0,1.57,3.6,5.29,35,5.5,0.75,1.81,5.0,2.15,1.6,1.64,46,5.0,1.65,2.3,3.3,1.77,5.5,6.25,19,3.4,2.11,1.6,3.5,3.25,3.54,2.3,Mainz,Werder Bremen,Mainz_Werder Bremen_2006
73,12.15,5.5,2.18,4.0,1.3,9.0,1.3,9.0,11.0,1.33,5.0,10.13,10.0,10.0,4.75,1.28,5.0,1.3,10.0,5.0,1.27,35,1.28,-1.5,1.92,1.28,2.05,10.0,1.58,48,1.25,8.5,1.7,4.35,1.85,1.25,1.27,21,4.5,2.0,8.0,4.4,4.33,4.7,2.35,Bayern Munich,Ein Frankfurt,Bayern Munich_Ein Frankfurt_2006
74,3.4,3.3,1.83,3.0,2.2,2.8,2.2,2.95,3.2,2.3,3.2,3.06,2.87,3.1,3.0,2.2,3.25,2.1,3.1,3.2,2.19,34,2.25,-0.25,2.04,2.25,1.95,2.9,1.88,48,2.25,3.0,1.99,3.1,1.96,2.2,2.2,22,3.25,1.9,3.1,3.1,3.2,3.21,1.93,Bochum,Wolfsburg,Bochum_Wolfsburg_2006
75,2.5,3.3,1.86,2.9,2.7,2.37,2.65,2.4,2.5,3.05,3.2,2.36,2.37,2.37,3.2,2.6,3.2,2.7,2.4,3.2,2.82,34,2.9,0.0,1.75,2.8,2.2,2.3,1.85,48,2.85,2.4,2.0,3.1,1.71,2.6,2.9,21,3.25,2.1,2.35,3.1,3.2,3.17,1.94,Cottbus,Hertha,Cottbus_Hertha_2006
76,6.0,3.77,1.99,3.3,1.7,4.33,1.6,5.0,4.5,1.76,3.5,4.89,5.0,5.0,3.4,1.66,3.6,1.65,5.0,3.6,1.67,35,1.66,-0.75,1.96,1.61,2.0,4.8,1.7,48,1.65,4.5,1.8,3.25,1.9,1.73,1.65,20,3.6,1.96,4.5,3.3,3.4,3.43,2.17,Hamburg,Hannover,Hamburg_Hannover_2006
77,3.4,3.3,1.92,3.0,2.2,3.0,2.3,2.8,3.2,2.4,3.15,3.03,3.2,3.1,3.0,2.1,3.2,2.25,3.1,3.2,2.23,35,2.25,-0.25,1.88,2.1,2.1,3.25,1.79,47,2.1,3.0,1.88,3.1,1.82,2.2,2.25,22,3.25,2.04,2.8,3.1,3.2,3.18,2.05,M'gladbach,Leverkusen,M'gladbach_Leverkusen_2006
78,3.15,3.25,1.88,2.9,2.5,2.6,2.4,2.7,3.2,2.5,3.0,2.82,2.9,2.87,3.2,2.37,3.2,2.35,2.9,3.2,2.37,33,2.4,0.0,2.29,2.3,1.8,2.85,1.83,47,2.4,2.7,1.95,2.9,2.11,2.1,2.4,22,3.2,1.71,2.8,3.0,3.2,3.13,1.98,Nurnberg,Dortmund,Nurnberg_Dortmund_2006
79,3.75,3.35,1.93,3.0,2.1,3.2,2.1,3.15,3.8,2.15,3.2,3.33,3.4,3.3,3.4,2.0,3.2,2.0,3.4,3.3,2.06,34,2.1,-0.25,2.05,2.0,1.92,3.2,1.75,47,2.1,3.1,1.87,3.2,2.0,1.83,2.1,22,3.25,1.86,3.25,3.2,3.2,3.22,2.12,Bielefeld,Aachen,Bielefeld_Aachen_2006
80,3.05,3.3,1.87,2.9,2.4,2.75,2.25,2.88,2.6,2.55,3.1,2.77,2.75,2.87,3.2,2.25,3.2,2.4,3.0,3.2,2.39,34,2.4,0.0,2.23,2.4,1.8,2.7,1.84,47,2.45,2.7,1.98,3.1,2.09,2.5,2.35,20,3.25,1.7,2.65,3.1,3.2,3.16,1.95,Stuttgart,Schalke 04,Stuttgart_Schalke 04_2006
81,4.45,3.4,1.88,3.0,1.8,4.0,1.9,3.75,4.0,2.0,3.35,4.01,4.0,4.33,3.25,1.8,3.3,1.8,4.2,3.4,1.84,33,1.8,-0.5,1.98,1.83,2.04,4.05,1.85,46,1.8,4.0,2.04,3.25,1.88,1.8,1.85,23,3.25,1.97,3.75,3.2,3.2,3.27,1.96,Hannover,Bochum,Hannover_Bochum_2006
82,2.5,3.3,2.07,3.0,2.6,2.25,2.62,2.4,2.25,3.05,3.2,2.33,2.3,2.37,3.33,2.75,3.25,2.7,2.35,3.25,2.8,30,2.87,0.25,2.05,2.8,1.92,2.25,1.66,43,2.9,2.5,1.75,3.0,2.0,2.8,2.85,22,3.3,1.87,2.35,3.1,3.2,3.19,2.25,Aachen,Stuttgart,Aachen_Stuttgart_2006
83,5.5,3.6,1.9,3.2,1.65,4.5,1.7,4.5,5.5,1.72,3.45,4.87,4.5,5.0,3.3,1.62,3.5,1.6,5.0,3.6,1.66,29,1.66,-0.75,1.94,1.7,2.05,5.35,1.82,43,1.6,4.5,1.92,3.3,1.9,1.62,1.68,19,3.4,1.97,5.0,3.5,3.5,3.42,1.99,Dortmund,Bielefeld,Dortmund_Bielefeld_2006
84,4.31,3.3,1.91,3.0,1.8,3.75,1.9,3.8,4.0,2.07,3.2,3.88,4.2,4.0,3.25,1.8,3.15,1.9,4.25,3.25,1.89,29,1.9,-0.5,1.87,1.8,2.11,4.3,1.8,42,1.8,4.0,1.88,3.1,1.81,1.83,1.9,21,3.2,2.06,3.75,3.2,3.25,3.19,2.02,Hertha,Nurnberg,Hertha_Nurnberg_2006
85,7.3,4.0,2.11,3.3,1.55,5.5,1.5,6.5,6.0,1.57,3.65,6.05,5.5,7.0,3.75,1.5,3.75,1.5,5.75,3.75,1.52,30,1.5,-1.0,2.08,1.57,1.9,5.5,1.63,42,1.55,5.0,1.7,3.6,1.99,1.5,1.55,21,3.6,1.85,5.5,3.7,3.6,3.65,2.2,Leverkusen,Mainz,Leverkusen_Mainz_2006
86,13.0,6.0,2.57,4.5,1.22,10.0,1.25,10.0,10.0,1.25,5.0,11.31,10.0,13.0,5.0,1.25,5.5,1.2,12.0,5.0,1.23,30,1.25,-1.5,2.26,1.25,1.75,10.0,1.43,43,1.25,10.0,1.5,5.0,2.17,1.25,1.22,20,5.0,1.7,11.0,5.0,4.5,5.14,2.8,Werder Bremen,Cottbus,Werder Bremen_Cottbus_2006
87,2.65,3.25,1.79,2.9,2.55,2.4,2.6,2.5,2.62,2.85,3.15,2.53,2.62,2.6,3.1,2.5,3.2,2.4,2.55,3.25,2.6,28,2.6,0.0,1.9,2.5,2.07,2.55,1.94,42,2.55,2.55,2.08,3.25,1.82,2.5,2.65,21,3.15,1.98,2.5,3.1,3.25,3.14,1.85,Wolfsburg,Hamburg,Wolfsburg_Hamburg_2006
88,4.1,3.3,1.91,3.0,2.0,3.4,2.15,3.1,3.6,2.15,3.0,3.43,3.6,3.4,3.4,1.91,3.2,2.0,3.75,3.25,2.03,30,2.1,-0.5,1.8,1.95,2.16,3.75,1.8,41,2.0,3.3,1.87,3.0,1.75,1.91,2.0,22,3.2,2.13,3.4,3.2,3.25,3.19,2.06,Ein Frankfurt,M'gladbach,Ein Frankfurt_M'gladbach_2006
89,2.89,3.4,1.86,2.8,2.4,2.5,2.5,2.5,2.75,2.78,3.15,2.6,2.6,2.62,3.2,2.4,3.2,2.5,2.6,3.2,2.55,29,2.6,0.0,2.04,2.6,1.92,2.55,1.88,42,2.55,2.7,1.97,3.1,1.94,2.38,2.6,22,3.3,1.86,2.5,3.1,3.25,3.14,1.95,Schalke 04,Bayern Munich,Schalke 04_Bayern Munich_2006
90,6.5,3.85,2.1,3.3,1.6,5.0,1.55,5.5,6.5,1.65,3.55,5.58,5.5,5.5,3.6,1.57,3.6,1.55,5.5,3.8,1.57,33,1.57,-0.75,2.12,1.57,1.81,5.75,1.66,46,1.55,4.8,1.75,3.5,2.07,1.5,1.6,19,3.6,1.8,5.0,3.6,3.5,3.55,2.2,Dortmund,Aachen,Dortmund_Aachen_2006
91,3.4,3.3,1.77,3.0,2.3,2.75,2.1,3.0,3.0,2.35,3.15,2.99,2.8,3.0,3.0,2.25,3.3,2.2,3.1,3.25,2.23,32,2.3,-0.25,1.92,2.3,2.07,3.25,1.95,44,2.1,2.8,2.11,3.2,1.85,2.3,2.2,21,3.4,2.01,2.9,3.1,3.2,3.17,1.9,Mainz,Wolfsburg,Mainz_Wolfsburg_2006
92,1.9,3.65,2.21,3.0,3.8,1.83,4.4,1.75,1.73,4.7,3.25,1.82,1.8,1.83,3.4,3.75,3.35,3.75,1.83,3.3,4.07,33,4.33,0.5,1.9,4.2,2.04,1.85,1.59,46,3.95,1.85,1.67,3.3,1.87,4.5,4.2,20,3.3,1.99,1.8,3.2,3.2,3.3,2.4,Nurnberg,Werder Bremen,Nurnberg_Werder Bremen_2006
93,4.8,3.5,1.96,3.1,1.8,4.33,1.7,4.33,4.5,1.89,3.25,4.27,4.0,4.33,3.33,1.66,3.3,1.75,4.5,3.4,1.78,33,1.8,-0.5,2.1,1.8,1.9,4.2,1.77,46,1.8,4.0,1.86,3.4,2.03,1.73,1.82,20,3.5,1.82,4.0,3.2,3.4,3.32,2.1,Stuttgart,Hamburg,Stuttgart_Hamburg_2006
94,15.0,6.0,2.25,4.8,1.25,10.0,1.22,12.0,12.0,1.25,5.75,11.74,10.0,13.0,5.0,1.25,5.5,1.2,12.0,6.0,1.21,31,1.2,-1.75,1.9,1.22,2.05,10.5,1.56,45,1.2,9.5,1.7,5.5,1.84,1.22,1.23,19,5.0,2.03,9.5,4.8,4.5,5.42,2.4,Bayern Munich,Hannover,Bayern Munich_Hannover_2006
95,3.0,3.25,1.93,2.87,2.4,2.5,2.3,2.8,3.0,2.5,3.15,2.73,2.8,2.8,3.2,2.4,3.2,2.35,2.8,3.25,2.39,29,2.4,0.0,2.17,2.37,1.81,2.55,1.8,45,2.55,2.7,1.88,3.1,2.02,2.2,2.4,23,3.25,1.76,2.65,3.1,3.25,3.18,2.05,Bielefeld,Hertha,Bielefeld_Hertha_2006
96,2.45,3.4,2.02,3.0,2.7,2.37,2.8,2.25,2.25,3.0,3.25,2.3,2.3,2.4,3.25,2.6,3.25,2.8,2.3,3.25,2.81,31,2.8,0.0,1.8,2.8,2.17,2.2,1.7,46,2.95,2.4,1.75,3.2,1.71,2.88,3.0,22,3.3,2.07,2.2,3.1,3.2,3.22,2.15,Bochum,Leverkusen,Bochum_Leverkusen_2006
97,3.6,3.3,1.8,3.1,2.1,3.4,2.05,3.3,3.0,2.2,3.1,3.32,3.2,3.6,3.2,1.9,3.25,2.0,3.5,3.3,2.06,31,2.0,-0.25,2.0,2.05,1.98,3.75,1.94,45,1.95,3.2,2.1,3.2,1.95,2.2,2.05,22,3.2,1.92,3.3,3.1,3.25,3.19,1.9,Cottbus,Ein Frankfurt,Cottbus_Ein Frankfurt_2006
98,2.62,3.25,1.78,3.1,2.7,2.5,2.65,2.4,2.5,2.8,3.15,2.48,2.37,2.5,3.0,2.5,3.2,2.6,2.4,3.25,2.63,31,2.7,0.0,1.85,2.62,2.09,2.55,1.95,44,2.55,2.4,2.08,3.1,1.8,2.75,2.8,22,3.25,1.98,2.4,3.1,3.2,3.17,1.87,M'gladbach,Schalke 04,M'gladbach_Schalke 04_2006
99,7.8,4.3,2.23,3.5,1.5,6.5,1.5,6.25,7.0,1.53,3.85,6.69,7.0,7.5,4.2,1.44,3.75,1.45,7.0,4.0,1.47,37,1.44,-1.0,2.09,1.44,1.9,6.65,1.6,50,1.45,5.7,1.68,3.75,2.03,1.4,1.48,25,3.6,1.82,6.0,3.7,3.6,3.79,2.38,Werder Bremen,Dortmund,Werder Bremen_Dortmund_2006
100,4.2,3.25,1.79,2.87,2.0,3.5,2.1,3.2,4.2,2.1,3.0,3.54,3.3,3.75,3.25,1.9,3.2,2.0,3.6,3.2,2.0,33,2.0,-0.25,2.16,2.1,1.81,3.95,1.93,48,1.95,3.3,2.1,3.1,2.09,1.8,2.05,20,3.2,1.77,3.5,3.2,3.2,3.18,1.87,Ein Frankfurt,Bielefeld,Ein Frankfurt_Bielefeld_2006
101,5.4,3.6,1.8,3.1,1.7,3.75,1.65,5.0,5.0,1.8,3.55,4.58,4.0,4.5,3.0,1.8,3.5,1.7,4.75,3.6,1.73,34,1.72,-0.5,2.26,1.8,1.8,5.15,1.93,50,1.6,4.3,2.05,3.3,2.13,1.75,1.72,21,3.4,1.74,4.35,3.4,3.25,3.35,1.91,Hamburg,M'gladbach,Hamburg_M'gladbach_2006
102,7.5,4.0,2.04,3.4,1.45,6.5,1.45,7.0,7.0,1.56,4.1,6.62,6.0,7.5,3.8,1.44,3.75,1.4,6.75,4.0,1.48,32,1.44,-1.0,2.0,1.5,2.0,7.2,1.69,49,1.4,6.0,1.75,3.75,1.9,1.44,1.5,21,3.75,1.93,7.0,3.9,3.6,3.72,2.17,Hertha,Bochum,Hertha_Bochum_2006
103,2.35,3.3,2.04,3.1,3.0,2.25,3.0,2.15,2.25,3.25,3.25,2.2,2.15,2.2,3.25,2.75,3.25,3.0,2.2,3.25,3.03,34,3.2,0.25,2.06,3.0,1.92,2.0,1.69,50,3.4,2.2,1.8,3.2,2.02,2.88,3.15,23,3.3,1.83,2.1,3.1,3.2,3.21,2.15,Leverkusen,Bayern Munich,Leverkusen_Bayern Munich_2006
104,9.15,4.5,2.0,3.75,1.4,7.0,1.4,7.5,8.5,1.45,4.1,7.81,7.0,7.5,4.0,1.4,4.0,1.35,8.5,4.0,1.39,33,1.44,-1.25,1.99,1.4,1.94,7.2,1.71,48,1.4,7.0,1.85,3.75,1.93,1.36,1.4,20,4.0,1.91,8.5,3.8,3.75,4.02,2.15,Schalke 04,Mainz,Schalke 04_Mainz_2006
105,4.85,3.35,1.73,3.1,1.9,3.6,1.85,3.85,4.0,1.95,3.2,4.01,3.6,4.33,3.0,1.83,3.25,1.85,4.2,3.3,1.85,34,1.83,-0.5,2.05,1.9,1.93,3.85,2.01,50,1.9,3.6,2.2,3.2,1.97,1.91,1.88,22,3.3,1.89,3.75,3.2,3.25,3.25,1.8,Wolfsburg,Cottbus,Wolfsburg_Cottbus_2006
106,2.9,3.25,1.91,2.9,2.4,2.6,2.35,2.75,2.5,2.75,3.15,2.69,2.8,2.87,3.0,2.37,3.2,2.35,2.75,3.25,2.47,33,2.37,0.0,2.05,2.37,1.94,2.55,1.82,49,2.55,2.7,1.91,3.1,1.95,2.75,2.5,20,3.2,1.84,2.65,3.1,3.2,3.15,2.02,Aachen,Nurnberg,Aachen_Nurnberg_2006
107,2.4,3.26,1.92,3.2,2.7,1.9,2.95,2.2,2.1,3.5,3.2,2.21,1.9,2.37,3.2,3.4,3.25,3.0,2.2,3.2,3.03,34,2.9,0.25,1.98,3.5,2.0,2.25,1.8,50,2.9,2.4,1.92,3.2,1.91,3.2,3.15,22,3.25,1.94,2.1,3.1,3.25,3.2,2.07,Hannover,Stuttgart,Hannover_Stuttgart_2006
108,3.1,3.4,1.75,2.9,2.3,2.6,2.4,2.7,2.88,2.5,3.05,2.86,2.9,3.0,3.0,2.37,3.2,2.35,2.9,3.25,2.34,40,2.3,0.0,2.2,2.3,1.81,2.95,1.99,49,2.3,2.8,2.18,2.9,2.08,2.38,2.35,25,3.2,1.73,2.8,3.1,3.2,3.14,1.85,Bochum,Ein Frankfurt,Bochum_Ein Frankfurt_2006
109,1.7,4.0,2.37,3.3,4.3,1.57,5.0,1.6,1.44,6.5,3.45,1.6,1.57,1.57,4.0,5.0,3.6,4.5,1.65,3.8,5.28,33,5.5,0.75,1.86,5.5,2.15,1.7,1.51,47,4.5,1.7,1.6,3.6,1.83,6.5,5.25,20,3.6,2.05,1.6,3.4,3.5,3.55,2.63,Aachen,Werder Bremen,Aachen_Werder Bremen_2006
110,6.6,3.75,2.22,3.3,1.65,5.0,1.6,5.0,5.0,1.67,3.5,5.35,5.0,6.0,3.5,1.57,3.6,1.6,5.75,3.6,1.6,33,1.57,-0.75,2.04,1.61,1.91,5.25,1.61,47,1.6,4.5,1.7,3.3,2.01,1.62,1.6,19,3.6,1.86,5.0,3.5,3.5,3.49,4.0,Bayern Munich,Stuttgart,Bayern Munich_Stuttgart_2006
111,2.2,3.3,1.84,3.0,3.2,2.0,3.2,2.1,2.2,3.9,3.2,2.04,2.05,2.0,3.2,3.2,3.2,3.25,2.05,3.3,3.39,35,3.6,0.0,1.6,3.3,2.73,2.1,1.9,48,3.2,2.1,2.0,3.2,1.49,3.0,3.6,22,3.25,2.44,2.0,3.1,3.2,3.21,1.95,Cottbus,Schalke 04,Cottbus_Schalke 04_2006
112,3.85,3.3,1.85,2.8,2.1,3.2,2.15,3.0,4.0,2.25,3.0,3.39,3.4,3.75,3.25,2.0,3.2,2.0,3.5,3.2,2.06,33,2.0,-0.25,2.14,2.1,1.85,3.45,1.88,46,2.1,3.2,2.0,3.1,2.06,1.83,2.1,21,3.3,1.81,3.4,3.1,3.2,3.14,1.95,Dortmund,Hertha,Dortmund_Hertha_2006
113,2.5,3.3,1.83,2.9,2.7,2.37,2.55,2.5,2.38,3.05,3.1,2.38,2.5,2.5,3.2,2.6,3.1,2.75,2.4,3.2,2.76,34,2.75,0.0,1.83,2.62,2.15,2.45,1.9,47,2.7,2.4,2.0,3.2,1.76,2.75,2.9,21,3.2,2.06,2.25,3.1,3.2,3.16,1.92,Mainz,Hamburg,Mainz_Hamburg_2006
114,3.25,3.25,1.94,2.9,2.4,2.75,2.35,2.7,2.8,2.45,3.0,2.86,2.8,2.87,3.2,2.25,3.2,2.3,3.0,3.2,2.33,33,2.4,0.0,2.22,2.37,1.78,2.95,1.8,45,2.35,2.7,1.91,3.1,2.1,2.3,2.3,21,3.25,1.73,2.8,3.1,3.2,3.14,2.04,Nurnberg,Leverkusen,Nurnberg_Leverkusen_2006
115,4.0,3.3,1.74,3.0,2.0,3.4,1.9,3.75,3.75,2.1,3.3,3.5,3.4,3.4,3.25,1.9,3.25,1.9,3.8,3.25,1.99,32,2.1,-0.5,1.85,2.0,2.11,3.7,2.0,43,1.9,3.3,2.16,3.2,1.81,1.91,1.95,21,3.25,2.07,3.5,3.2,3.25,3.22,1.8,Bielefeld,Wolfsburg,Bielefeld_Wolfsburg_2006
116,4.33,3.3,1.77,3.0,2.0,3.75,1.9,3.75,4.33,2.05,3.25,3.67,3.6,3.75,3.2,1.8,3.3,1.85,4.0,3.2,1.94,33,2.0,-0.5,1.9,1.95,2.09,3.6,1.98,43,1.95,3.3,2.12,3.2,1.84,1.8,1.9,21,3.25,2.03,3.75,3.2,3.3,3.22,1.83,M'gladbach,Hannover,M'gladbach_Hannover_2006
117,9.5,4.75,2.18,3.75,1.4,8.0,1.35,7.5,8.5,1.41,4.25,7.92,8.0,7.5,4.33,1.33,4.5,1.35,8.5,4.5,1.37,37,1.4,-1.25,2.05,1.36,1.97,7.5,1.62,47,1.38,6.5,1.7,4.0,2.0,1.33,1.35,25,4.5,1.88,7.5,4.0,4.0,4.19,2.3,Schalke 04,Bochum,Schalke 04_Bochum_2006
118,2.85,3.22,1.81,2.9,2.4,2.6,2.55,2.55,2.75,2.62,2.9,2.65,2.75,2.75,3.2,2.37,3.1,2.5,2.8,3.2,2.5,31,2.5,0.0,2.0,2.4,1.94,2.65,1.92,47,2.65,2.7,2.1,2.9,1.93,2.38,2.5,21,3.15,1.87,2.65,3.1,3.2,3.12,1.88,Ein Frankfurt,Dortmund,Ein Frankfurt_Dortmund_2006
119,1.95,3.35,1.84,3.2,3.6,1.8,3.6,1.9,1.91,4.65,3.2,1.87,1.83,1.9,2.88,3.75,3.25,3.75,1.9,3.25,3.94,33,4.0,0.5,2.02,3.75,1.96,1.85,1.89,47,4.05,1.9,2.0,3.2,1.96,4.33,4.0,24,3.35,1.9,1.85,3.2,3.25,3.23,1.94,Hamburg,Bayern Munich,Hamburg_Bayern Munich_2006
120,4.75,3.31,1.8,3.0,1.8,3.75,1.85,4.0,4.75,1.95,3.3,4.0,3.75,4.0,3.2,1.8,3.25,1.85,4.5,3.25,1.85,32,1.9,-0.5,2.0,1.9,2.05,3.9,1.94,47,1.85,4.0,2.1,3.2,1.88,1.73,1.8,22,3.25,1.98,3.75,3.2,3.25,3.25,1.87,Hannover,Mainz,Hannover_Mainz_2006
121,7.25,3.85,2.19,3.5,1.55,6.0,1.5,6.0,5.5,1.6,3.75,5.98,5.5,5.5,4.0,1.5,3.75,1.5,6.5,3.8,1.53,33,1.57,-1.0,1.85,1.53,2.13,6.0,1.59,47,1.5,5.0,1.68,3.6,1.8,1.5,1.52,23,3.75,2.04,5.5,3.7,3.4,3.62,2.3,Hertha,Aachen,Hertha_Aachen_2006
122,8.5,4.4,2.32,3.6,1.45,7.0,1.4,7.5,6.0,1.5,3.85,7.0,7.5,7.5,3.75,1.4,4.0,1.45,7.0,4.33,1.43,34,1.4,-1.25,1.83,1.4,2.11,6.65,1.53,49,1.45,6.0,1.62,3.6,1.8,1.5,1.45,24,4.0,2.08,6.5,3.9,3.75,3.91,2.5,Werder Bremen,Bielefeld,Werder Bremen_Bielefeld_2006
123,3.35,3.25,1.67,3.0,2.2,3.2,2.25,2.88,3.25,2.45,3.0,3.02,3.0,3.0,3.2,2.0,3.1,2.1,3.2,3.25,2.26,32,2.3,0.0,2.25,2.2,1.82,2.95,2.08,48,2.35,3.1,2.26,3.1,2.1,2.1,2.25,23,3.25,1.71,3.1,3.0,3.2,3.12,1.75,Wolfsburg,Nurnberg,Wolfsburg_Nurnberg_2006
124,6.25,3.75,2.13,3.3,1.65,4.5,1.57,5.5,5.0,1.7,3.65,5.4,5.0,6.0,3.4,1.66,3.5,1.55,5.25,3.6,1.59,32,1.57,-1.0,1.85,1.61,2.1,5.0,1.64,46,1.6,4.5,1.68,3.3,1.81,1.67,1.65,24,3.6,2.04,5.5,3.5,3.25,3.51,2.25,Leverkusen,Cottbus,Leverkusen_Cottbus_2006
125,7.9,4.0,2.01,3.4,1.45,7.0,1.45,6.25,6.0,1.55,3.85,6.72,6.0,6.5,3.6,1.44,4.0,1.45,7.0,3.6,1.47,32,1.53,-1.0,2.07,1.5,1.9,6.65,1.72,43,1.45,6.0,1.85,3.6,1.98,1.53,1.45,23,4.0,1.85,6.5,3.9,3.5,3.73,2.15,Stuttgart,M'gladbach,Stuttgart_M'gladbach_2006
126,2.06,3.55,1.9,3.1,3.6,1.72,3.75,1.9,1.7,4.33,3.35,1.88,1.9,1.9,3.5,4.0,3.3,3.75,1.95,3.25,3.89,37,4.0,0.5,2.02,3.6,1.97,1.9,1.83,46,3.6,1.9,2.0,3.2,1.95,4.33,3.8,29,3.25,1.92,1.85,3.2,3.4,3.3,2.0,Mainz,Stuttgart,Mainz_Stuttgart_2006
127,16.0,6.01,2.19,4.8,1.2,10.0,1.18,13.0,15.0,1.22,6.2,12.5,10.0,13.0,5.5,1.22,6.0,1.2,13.0,5.5,1.2,31,1.22,-1.75,1.9,1.22,2.04,9.5,1.58,46,1.2,11.0,1.65,5.5,1.87,1.18,1.2,21,5.5,2.01,9.0,5.2,5.0,5.5,2.27,Bayern Munich,M'gladbach,Bayern Munich_M'gladbach_2006
128,3.0,3.35,2.01,3.0,2.3,2.75,2.4,2.65,3.0,2.5,3.2,2.79,2.87,2.9,3.25,2.2,3.25,2.35,2.8,3.2,2.35,31,2.37,0.0,2.12,2.25,1.83,2.7,1.7,45,2.4,2.8,1.75,3.1,2.03,2.2,2.4,23,3.25,1.77,2.65,3.1,3.25,3.2,2.19,Bielefeld,Leverkusen,Bielefeld_Leverkusen_2006
129,2.75,3.25,1.84,2.9,2.5,2.6,2.55,2.55,2.62,3.0,3.15,2.54,2.62,2.5,3.25,2.37,3.25,2.6,2.6,3.2,2.6,30,2.75,0.0,1.9,2.5,2.08,2.55,1.87,47,2.55,2.6,2.0,3.0,1.82,2.4,2.6,22,3.15,1.97,2.5,3.1,3.2,3.16,1.95,Bochum,Hamburg,Bochum_Hamburg_2006
130,3.1,3.25,1.8,3.0,2.2,2.75,2.2,2.95,2.88,2.45,3.1,2.9,2.87,2.9,3.0,2.2,3.2,2.3,3.1,3.2,2.31,30,2.37,0.0,2.1,2.25,1.85,3.1,1.93,47,2.2,3.0,2.03,3.0,2.06,2.4,2.25,22,3.25,1.72,2.9,3.1,3.25,3.14,1.89,Cottbus,Hannover,Cottbus_Hannover_2006
131,5.0,3.5,1.7,3.0,1.8,4.33,1.75,4.35,4.33,1.85,3.45,4.39,4.2,4.33,3.2,1.72,3.4,1.8,4.75,3.4,1.77,30,1.8,-0.5,2.13,1.8,1.86,4.5,2.04,44,1.7,4.0,2.23,2.9,2.05,1.8,1.75,21,3.3,1.83,4.5,3.2,3.2,3.28,1.8,Dortmund,Wolfsburg,Dortmund_Wolfsburg_2006
132,5.8,3.8,2.33,3.3,1.6,5.0,1.6,5.0,5.5,1.7,3.5,5.24,5.0,5.5,3.5,1.57,3.6,1.6,5.75,3.6,1.6,30,1.61,-0.75,1.98,1.61,1.98,5.9,1.51,46,1.55,4.8,1.55,3.4,1.94,1.57,1.6,22,3.6,1.93,5.0,3.6,3.5,3.55,2.65,Werder Bremen,Hertha,Werder Bremen_Hertha_2006
133,3.2,3.25,1.97,3.0,2.2,2.75,2.25,2.85,2.62,2.4,3.0,2.9,2.87,3.0,3.25,2.25,3.25,2.2,3.0,3.25,2.28,30,2.3,-0.25,1.88,2.25,2.08,3.0,1.73,45,2.3,3.0,1.85,3.1,1.83,2.4,2.3,22,3.25,2.04,2.9,3.1,3.2,3.16,2.12,Aachen,Ein Frankfurt,Aachen_Ein Frankfurt_2006
134,2.41,3.25,1.84,3.0,3.0,2.2,2.7,2.4,2.25,3.25,3.0,2.28,2.2,2.4,3.25,2.8,3.2,2.8,2.25,3.2,2.92,29,2.87,0.25,2.13,3.0,1.9,2.25,1.89,45,3.1,2.2,2.03,3.1,2.04,2.88,3.1,22,3.2,1.83,2.25,3.1,3.2,3.16,1.91,Nurnberg,Schalke 04,Nurnberg_Schalke 04_2006
135,3.59,3.3,2.18,3.0,2.2,3.0,2.25,2.85,3.4,2.2,3.2,3.18,3.1,3.4,3.25,2.1,3.2,2.1,3.4,3.25,2.14,35,2.1,-0.25,2.14,2.15,1.88,3.0,1.6,48,2.2,3.0,1.7,3.0,2.03,2.0,2.1,24,3.25,1.83,3.2,3.1,3.2,3.19,2.3,Leverkusen,Hertha,Leverkusen_Hertha_2006
136,19.0,6.75,2.32,5.0,1.2,11.0,1.22,10.0,17.0,1.2,6.2,13.81,11.0,19.0,6.0,1.2,6.25,1.18,13.0,6.0,1.18,36,1.16,-1.75,2.02,1.2,1.93,9.5,1.54,48,1.2,11.0,1.62,5.5,1.99,1.14,1.18,19,5.5,1.87,11.0,5.2,5.0,5.75,2.5,Bayern Munich,Cottbus,Bayern Munich_Cottbus_2006
137,1.85,3.55,2.31,3.0,3.8,1.8,4.2,1.75,1.8,4.8,3.2,1.79,1.83,1.8,3.4,3.75,3.3,4.0,1.83,3.3,4.21,34,4.5,0.5,1.88,4.0,2.11,1.8,1.53,47,4.3,1.85,1.59,3.2,1.81,4.0,4.4,20,3.4,2.04,1.75,3.2,3.25,3.3,2.65,Ein Frankfurt,Werder Bremen,Ein Frankfurt_Werder Bremen_2006
138,3.35,3.3,1.72,3.0,2.1,3.0,2.2,3.0,3.25,2.35,3.1,3.06,3.0,3.0,2.88,2.1,3.25,2.2,3.25,3.3,2.22,36,2.25,-0.25,1.92,2.2,2.05,3.35,2.0,48,2.1,3.2,2.2,3.0,1.86,2.25,2.15,23,3.2,1.99,3.0,3.1,3.2,3.16,1.75,Hamburg,Nurnberg,Hamburg_Nurnberg_2006
139,3.75,3.3,1.7,3.0,2.0,3.2,2.2,3.0,3.4,2.2,3.0,3.35,3.3,3.6,3.0,2.0,3.2,2.0,3.4,3.3,2.08,36,2.0,-0.25,2.1,2.05,1.85,3.45,2.02,48,2.1,3.3,2.24,3.0,2.03,2.1,2.1,23,3.2,1.82,3.4,3.2,3.2,3.14,1.8,Hannover,Bielefeld,Hannover_Bielefeld_2006
140,5.0,3.5,1.67,3.2,1.85,4.0,1.75,4.2,5.0,1.9,3.3,4.3,4.33,4.5,3.2,1.73,3.3,1.75,4.4,3.3,1.8,35,1.8,-0.5,2.05,1.72,1.94,3.9,2.06,46,1.85,3.8,2.26,3.2,1.98,1.7,1.83,22,3.4,1.88,4.35,3.2,3.4,3.26,1.75,M'gladbach,Mainz,M'gladbach_Mainz_2006
141,7.5,4.15,2.07,3.6,1.5,6.5,1.45,6.25,5.5,1.57,4.2,6.58,6.5,7.5,3.5,1.44,4.0,1.45,7.0,4.0,1.47,35,1.44,-1.0,1.95,1.44,2.06,6.75,1.66,47,1.4,5.5,1.73,3.6,1.87,1.57,1.45,22,4.0,1.95,6.5,3.8,3.6,3.75,2.21,Stuttgart,Bochum,Stuttgart_Bochum_2006
142,5.0,3.4,1.85,3.0,1.8,4.33,1.75,4.2,4.5,1.87,3.25,4.35,4.2,4.33,3.33,1.73,3.25,1.8,4.4,3.3,1.79,32,1.83,-0.5,1.98,1.8,1.94,4.55,1.86,45,1.75,4.0,2.04,3.2,1.94,1.73,1.85,25,3.4,1.9,4.0,3.2,3.2,3.25,1.95,Schalke 04,Dortmund,Schalke 04_Dortmund_2006
143,5.0,3.35,1.75,3.0,1.85,4.0,1.85,4.0,5.0,1.9,3.2,4.19,4.0,4.33,3.33,1.8,3.25,1.8,4.4,3.3,1.82,34,1.83,-0.5,2.05,1.83,1.93,4.05,1.97,49,1.85,3.8,2.12,3.25,1.98,1.67,1.85,24,3.25,1.87,3.75,3.2,3.2,3.24,1.83,Wolfsburg,Aachen,Wolfsburg_Aachen_2006
144,3.91,3.35,1.84,3.0,2.1,3.0,2.2,3.0,3.2,2.3,3.2,3.22,3.1,3.25,3.0,2.1,3.2,2.1,3.4,3.2,2.15,37,2.2,-0.25,2.07,2.15,1.93,3.0,1.88,49,2.2,3.2,2.08,3.1,2.0,2.2,2.1,26,3.2,1.87,3.1,3.1,3.2,3.18,1.91,Bochum,M'gladbach,Bochum_M'gladbach_2006
145,2.8,3.25,1.87,2.9,2.3,2.6,2.55,2.55,2.38,2.8,3.15,2.55,2.62,2.7,3.2,2.37,3.2,2.6,2.6,3.25,2.59,33,2.5,0.0,1.92,2.5,2.06,2.55,1.84,47,2.55,2.8,2.0,3.1,1.84,2.75,2.6,23,3.15,1.96,2.4,3.1,3.2,3.14,1.95,Aachen,Hamburg,Aachen_Hamburg_2006
146,2.2,3.3,1.84,3.0,3.0,2.1,2.9,2.2,2.2,3.75,3.2,2.09,2.1,2.1,3.25,3.0,3.2,3.4,2.05,3.25,3.26,33,3.4,0.25,1.85,3.2,2.15,2.1,1.88,46,3.25,2.2,2.02,3.1,1.8,3.0,3.5,24,3.3,2.07,2.0,3.1,3.2,3.2,1.92,Bielefeld,Schalke 04,Bielefeld_Schalke 04_2006
147,2.15,3.4,1.84,3.0,3.3,2.0,3.1,2.1,1.91,4.0,3.25,2.0,1.95,2.1,3.4,3.2,3.25,3.2,2.0,3.25,3.48,32,3.4,0.5,2.13,3.6,1.84,1.9,1.89,47,3.75,2.0,2.04,3.2,2.06,3.6,3.75,23,3.3,1.81,2.0,3.2,3.2,3.21,1.9,Cottbus,Stuttgart,Cottbus_Stuttgart_2006
148,5.75,3.6,2.04,3.3,1.7,5.0,1.65,5.0,5.5,1.71,3.4,5.02,5.0,5.5,3.4,1.61,3.4,1.65,5.0,3.6,1.65,33,1.61,-0.75,2.01,1.61,1.93,4.6,1.66,46,1.7,4.3,1.8,3.25,1.98,1.62,1.7,23,3.4,1.89,4.5,3.4,3.25,3.42,2.23,Hertha,Ein Frankfurt,Hertha_Ein Frankfurt_2006
149,1.6,4.2,1.99,3.3,4.8,1.53,6.0,1.5,1.57,7.3,3.65,1.52,1.57,1.44,3.4,5.5,3.75,5.5,1.55,4.2,6.03,34,6.5,1.0,1.98,5.5,1.97,1.5,1.72,47,6.25,1.6,1.87,3.6,1.92,6.0,6.0,23,3.75,1.93,1.5,3.6,3.5,3.61,2.11,Mainz,Bayern Munich,Mainz_Bayern Munich_2006
150,4.0,3.3,1.65,2.87,2.1,3.2,2.1,3.2,3.75,2.15,3.1,3.56,3.5,3.6,3.0,2.0,3.25,2.0,3.75,3.3,2.02,33,2.0,-0.5,1.84,2.05,2.11,3.8,2.05,45,1.95,3.2,2.2,3.0,1.8,2.0,2.0,23,3.2,2.07,3.5,3.1,3.2,3.12,1.75,Nurnberg,Hannover,Nurnberg_Hannover_2006
151,3.35,3.25,1.89,3.0,2.2,3.0,2.2,2.95,2.9,2.4,3.1,3.05,3.0,3.0,3.2,2.1,3.2,2.2,3.1,3.25,2.22,33,2.3,0.0,2.3,2.2,1.72,3.1,1.83,47,2.2,3.0,1.95,3.0,2.14,2.25,2.25,26,3.25,1.63,3.0,3.1,3.2,3.15,2.01,Dortmund,Leverkusen,Dortmund_Leverkusen_2006
152,9.5,5.2,2.34,4.2,1.35,8.0,1.35,8.0,8.0,1.4,4.45,8.23,8.5,9.0,3.8,1.3,4.5,1.28,8.0,5.0,1.34,33,1.3,-1.5,1.94,1.3,2.0,7.5,1.5,47,1.35,7.5,1.58,4.35,1.88,1.4,1.35,23,4.2,1.96,9.0,4.2,4.33,4.32,2.6,Werder Bremen,Wolfsburg,Werder Bremen_Wolfsburg_2006
153,2.11,3.3,1.87,3.1,3.2,2.0,3.4,2.0,1.91,3.95,3.25,2.0,2.0,2.0,3.25,3.2,3.25,3.5,2.0,3.2,3.47,36,3.75,0.5,2.16,3.3,1.81,1.95,1.85,45,3.55,2.1,2.01,3.2,2.06,3.75,3.6,23,3.3,1.78,1.9,3.1,3.2,3.22,1.95,Dortmund,Bayern Munich,Dortmund_Bayern Munich_2006
154,2.9,3.25,1.71,3.0,2.55,2.75,2.4,2.65,2.88,2.55,3.1,2.68,2.8,2.75,3.25,2.25,3.2,2.4,2.75,3.2,2.44,32,2.5,0.0,2.08,2.3,1.9,2.65,2.0,43,2.5,2.55,2.2,3.1,1.98,2.25,2.5,20,3.25,1.81,2.6,3.1,3.2,3.15,1.8,Bielefeld,Hamburg,Bielefeld_Hamburg_2006
155,4.0,3.35,1.83,3.2,1.9,3.75,1.9,3.65,3.75,2.0,3.25,3.71,3.75,3.8,3.25,1.8,3.3,1.85,3.75,3.3,1.91,34,1.95,-0.5,1.91,1.83,2.03,3.95,1.88,44,1.85,3.6,1.99,3.2,1.88,1.91,1.95,21,3.3,1.98,3.75,3.2,3.3,3.25,1.95,Bochum,Mainz,Bochum_Mainz_2006
156,3.1,3.25,1.68,3.1,2.2,2.75,2.3,2.8,3.0,2.55,3.2,2.86,2.8,2.87,3.1,2.2,3.0,2.35,3.0,3.2,2.33,35,2.4,0.0,2.1,2.25,1.87,2.85,2.03,43,2.3,3.0,2.16,3.1,2.02,2.25,2.4,20,3.25,1.76,2.65,3.1,3.25,3.15,1.75,Cottbus,M'gladbach,Cottbus_M'gladbach_2006
157,2.2,3.25,1.82,3.1,3.0,2.0,3.1,2.1,2.0,3.5,3.15,2.1,2.05,2.15,3.25,3.2,3.2,3.1,2.15,3.25,3.23,34,3.3,0.25,1.95,3.2,2.0,2.1,1.89,44,3.3,2.2,1.99,3.1,1.91,3.4,3.3,22,3.3,1.95,2.1,3.1,3.2,3.19,1.94,Ein Frankfurt,Schalke 04,Ein Frankfurt_Schalke 04_2006
158,5.5,3.6,1.84,3.3,1.7,4.5,1.6,5.0,5.0,1.8,3.45,4.75,5.0,4.5,3.1,1.61,3.4,1.6,5.0,3.6,1.68,33,1.72,-0.75,1.86,1.61,2.1,4.9,1.87,42,1.65,4.3,2.05,3.25,1.82,1.73,1.7,21,3.6,2.05,5.0,3.4,3.5,3.39,1.95,Hertha,Wolfsburg,Hertha_Wolfsburg_2006
159,3.0,3.2,1.78,2.9,2.55,2.5,2.6,2.45,2.75,2.57,2.9,2.71,2.62,2.8,3.0,2.5,3.1,2.35,2.8,3.1,2.45,32,2.5,0.0,2.16,2.5,1.83,2.65,1.94,44,2.65,2.55,2.08,3.2,2.0,2.5,2.5,20,3.25,1.78,2.6,3.1,3.2,3.12,1.87,Nurnberg,Stuttgart,Nurnberg_Stuttgart_2006
160,2.3,3.3,2.09,3.1,2.8,2.2,2.8,2.25,2.2,3.15,3.25,2.25,2.3,2.3,3.2,2.8,3.25,2.8,2.3,3.2,2.92,31,3.0,0.25,2.01,2.75,1.94,2.2,1.64,42,2.95,2.3,1.75,3.1,1.96,3.0,3.0,21,3.3,1.9,2.25,3.1,3.2,3.2,2.25,Aachen,Leverkusen,Aachen_Leverkusen_2006
161,11.5,5.0,2.35,4.2,1.35,8.0,1.3,9.0,8.5,1.36,4.3,8.75,8.5,10.0,4.25,1.28,4.5,1.3,8.5,4.75,1.31,32,1.3,-1.5,2.0,1.3,1.94,8.0,1.51,43,1.35,7.5,1.55,4.35,1.94,1.33,1.35,23,4.5,1.9,8.0,4.2,4.5,4.47,2.51,Werder Bremen,Hannover,Werder Bremen_Hannover_2006
162,17.5,6.45,2.25,5.0,1.22,10.0,1.2,12.0,15.0,1.25,6.0,11.86,9.5,13.0,5.0,1.22,5.5,1.2,12.0,5.5,1.21,36,1.22,-1.75,1.89,1.22,2.05,10.0,1.56,46,1.2,10.0,1.65,5.5,1.83,1.2,1.22,22,5.5,2.02,10.0,5.0,5.0,5.37,2.58,Bayern Munich,Bochum,Bayern Munich_Bochum_2006
163,2.9,3.25,1.7,3.1,2.4,2.5,2.4,2.65,2.88,2.77,3.0,2.7,2.62,2.87,2.88,2.4,3.2,2.25,2.8,3.2,2.45,35,2.4,0.0,2.0,2.37,1.99,2.7,2.02,44,2.5,2.7,2.25,3.1,1.92,2.5,2.4,22,3.25,1.85,2.8,3.1,3.25,3.16,1.8,M'gladbach,Nurnberg,M'gladbach_Nurnberg_2006
164,6.1,3.7,1.8,3.5,1.55,5.0,1.6,5.0,5.5,1.74,3.7,5.3,5.0,5.5,3.5,1.57,3.6,1.55,5.75,3.6,1.61,35,1.61,-0.75,2.0,1.57,1.95,5.4,1.91,45,1.55,5.0,2.1,3.3,1.97,1.57,1.6,23,3.6,1.89,5.5,3.7,3.5,3.48,1.86,Stuttgart,Bielefeld,Stuttgart_Bielefeld_2006
165,4.05,3.25,1.76,3.0,1.9,3.0,1.95,3.6,3.8,2.1,3.15,3.51,3.2,3.75,3.2,2.1,3.25,2.0,3.6,3.2,2.0,35,2.0,-0.5,1.83,2.1,2.17,3.9,1.95,45,1.9,3.6,2.15,3.2,1.77,1.91,2.0,23,3.25,2.05,3.25,3.2,3.2,3.2,2.05,Wolfsburg,Ein Frankfurt,Wolfsburg_Ein Frankfurt_2006
166,5.5,3.45,1.73,3.1,1.8,4.33,1.8,4.3,4.33,1.8,3.35,4.6,4.0,4.75,3.2,1.72,3.4,1.65,5.0,3.4,1.73,32,1.75,-0.75,1.94,1.8,2.0,4.7,1.96,44,1.7,4.0,2.16,3.25,1.88,1.8,1.7,21,3.2,1.98,4.8,3.2,3.2,3.3,1.8,Hamburg,Cottbus,Hamburg_Cottbus_2006
167,2.9,3.25,1.79,3.1,2.5,2.5,2.45,2.6,2.75,2.55,3.1,2.67,2.6,2.75,3.0,2.4,3.2,2.5,2.7,3.2,2.46,33,2.5,0.0,2.18,2.4,1.8,2.65,1.92,45,2.5,2.6,2.09,2.9,2.02,2.5,2.5,22,3.25,1.76,2.65,3.1,3.25,3.16,1.9,Hannover,Hertha,Hannover_Hertha_2006
168,2.38,3.4,2.42,3.1,2.9,2.2,3.0,2.15,2.0,3.25,3.25,2.24,2.25,2.3,3.4,2.8,3.25,2.75,2.25,3.25,2.91,33,3.0,0.25,2.04,2.8,1.89,2.15,1.47,43,3.05,2.2,1.53,3.2,1.99,3.25,3.0,21,3.3,1.87,2.25,3.2,3.2,3.24,2.75,Leverkusen,Werder Bremen,Leverkusen_Werder Bremen_2006
169,2.4,3.3,1.77,3.1,2.7,2.25,2.85,2.25,2.25,3.2,3.25,2.25,2.25,2.25,3.25,2.75,3.25,2.7,2.25,3.2,2.92,32,3.1,0.25,2.13,2.8,1.82,2.25,1.91,44,2.9,2.3,2.1,3.1,2.07,2.88,3.0,21,3.25,1.8,2.3,3.2,3.2,3.2,1.9,Mainz,Dortmund,Mainz_Dortmund_2006
170,11.0,5.5,2.33,4.0,1.3,8.0,1.3,8.0,8.5,1.33,4.85,8.88,8.0,9.0,5.5,1.28,4.75,1.33,8.5,4.75,1.3,33,1.33,-1.5,2.04,1.33,1.9,8.0,1.51,44,1.3,8.5,1.6,4.0,1.98,1.25,1.33,21,4.75,1.85,8.5,4.4,4.5,4.57,2.5,Schalke 04,Aachen,Schalke 04_Aachen_2006
171,2.1,3.3,1.88,3.0,3.3,2.1,3.65,1.9,2.05,4.05,3.2,1.99,2.0,1.95,3.2,3.0,3.3,3.25,2.0,3.3,3.62,34,3.8,0.5,2.07,3.4,1.89,1.9,1.84,45,3.8,2.0,1.95,3.2,2.03,3.3,3.6,23,3.3,1.83,2.0,3.2,3.2,3.2,2.0,Nurnberg,Bayern Munich,Nurnberg_Bayern Munich_2006
172,2.9,3.35,2.04,3.1,2.4,2.37,2.4,2.65,2.63,2.65,3.2,2.74,2.62,2.8,3.25,2.6,3.25,2.3,2.8,3.2,2.37,33,2.4,0.0,2.1,2.37,1.9,2.7,1.68,44,2.4,2.6,1.85,3.2,1.99,2.4,2.4,21,3.25,1.79,2.65,3.2,3.2,3.2,2.2,Aachen,Hannover,Aachen_Hannover_2006
173,4.0,3.3,1.69,3.1,2.0,4.0,1.8,4.0,3.75,2.1,3.2,3.61,3.6,3.6,3.25,1.72,3.3,1.8,3.75,3.3,1.95,33,2.0,-0.5,1.85,1.9,2.09,3.5,2.04,43,2.0,3.3,2.2,3.25,1.82,1.91,1.95,22,3.35,2.02,3.75,3.2,3.4,3.22,1.75,Bielefeld,M'gladbach,Bielefeld_M'gladbach_2006
174,3.4,3.25,1.78,3.1,2.2,3.0,2.25,3.0,3.0,2.48,3.2,3.06,3.3,3.1,3.1,2.1,3.2,2.1,3.0,3.2,2.19,31,2.25,0.0,2.2,2.0,1.77,3.2,1.94,44,2.1,2.9,2.08,3.2,2.1,2.25,2.3,20,3.1,1.68,3.0,3.2,3.2,3.18,1.9,Cottbus,Bochum,Cottbus_Bochum_2006
175,4.4,3.3,1.75,3.0,2.0,3.75,1.9,3.75,3.75,2.05,3.2,3.74,4.0,3.8,3.0,1.8,3.25,1.85,4.0,3.3,1.92,32,1.95,-0.5,1.83,1.83,2.1,3.8,1.98,44,1.9,3.3,2.11,3.2,1.81,2.0,1.92,22,3.25,2.05,3.75,3.2,3.3,3.2,1.8,Ein Frankfurt,Mainz,Ein Frankfurt_Mainz_2006
176,4.33,3.3,1.88,3.2,1.85,4.33,1.8,4.2,4.0,2.05,3.35,3.84,3.75,3.8,3.25,1.72,3.2,1.75,3.6,3.3,1.89,33,1.95,-0.5,1.85,1.83,2.14,3.85,1.84,44,1.85,3.8,1.95,3.2,1.8,1.83,2.05,21,3.25,2.04,4.35,3.2,3.2,3.23,2.0,Hertha,Hamburg,Hertha_Hamburg_2006
177,2.8,3.28,1.9,2.9,2.5,2.6,2.6,2.45,2.63,2.67,3.15,2.6,2.5,2.7,3.1,2.37,3.2,2.4,2.6,3.25,2.53,33,2.5,0.0,2.0,2.62,1.96,2.55,1.82,43,2.55,2.6,1.97,3.2,1.93,2.5,2.6,21,3.25,1.87,2.5,3.1,3.2,3.16,2.0,Wolfsburg,Leverkusen,Wolfsburg_Leverkusen_2006
178,3.2,3.25,1.86,3.0,2.3,2.6,2.25,2.85,2.75,2.38,3.15,2.92,2.87,3.0,3.2,2.37,3.25,2.2,3.0,3.25,2.26,32,2.3,0.0,2.23,2.25,1.73,2.95,1.85,42,2.25,2.8,2.04,3.1,2.12,2.38,2.3,21,3.25,1.67,2.9,3.1,3.2,3.17,1.95,Dortmund,Stuttgart,Dortmund_Stuttgart_2006
179,4.33,3.4,2.21,3.0,1.9,4.0,1.85,3.85,4.0,1.95,3.25,3.84,3.75,4.33,3.25,1.72,3.25,1.85,4.0,3.4,1.88,30,1.8,-0.5,2.0,1.9,1.97,3.6,1.57,41,1.95,3.5,1.65,3.2,1.96,1.83,1.92,22,3.3,1.89,3.75,3.3,3.4,3.25,2.5,Werder Bremen,Schalke 04,Werder Bremen_Schalke 04_2006
180,3.75,3.25,1.81,3.0,2.0,3.5,2.1,3.15,3.5,2.2,3.1,3.44,3.4,3.5,3.2,1.9,3.2,1.9,3.5,3.25,2.05,35,2.05,-0.25,2.06,2.0,1.9,3.8,1.92,47,1.95,3.3,2.15,3.1,2.01,2.0,2.1,26,3.25,1.85,3.6,3.2,3.2,3.19,1.9,Hannover,Wolfsburg,Hannover_Wolfsburg_2006
181,3.5,3.25,1.73,2.9,2.2,2.8,2.2,2.95,2.88,2.38,3.0,3.03,2.9,3.0,3.25,2.2,3.25,2.3,3.25,3.25,2.22,33,2.3,-0.25,1.93,2.3,2.03,3.45,1.99,45,2.1,3.0,2.16,3.0,1.87,2.25,2.15,24,3.25,1.99,2.8,3.1,3.2,3.17,1.9,Hamburg,Dortmund,Hamburg_Dortmund_2006
182,5.6,3.5,2.12,3.2,1.65,4.33,1.7,4.65,4.33,1.75,3.45,4.85,4.33,5.0,3.4,1.66,3.4,1.65,5.0,3.4,1.68,33,1.72,-0.75,1.94,1.72,2.08,4.9,1.63,45,1.65,4.7,1.7,3.1,1.86,1.73,1.7,24,3.35,2.0,5.0,3.4,3.4,3.38,2.35,Leverkusen,Ein Frankfurt,Leverkusen_Ein Frankfurt_2006
183,4.1,3.3,1.65,3.0,1.9,3.4,2.0,3.4,3.5,2.1,3.1,3.58,3.3,3.8,3.2,1.9,3.2,1.9,3.75,3.3,1.98,33,1.95,-0.5,1.9,2.05,2.06,3.6,2.09,46,2.0,3.6,2.28,3.1,1.84,2.0,2.0,25,3.25,2.01,3.6,3.2,3.25,3.2,1.75,Mainz,Cottbus,Mainz_Cottbus_2006
184,5.35,3.4,1.9,3.1,1.8,3.75,1.85,3.9,4.5,1.85,3.25,4.31,4.0,4.33,3.25,1.8,3.25,1.75,4.75,3.4,1.79,33,1.8,-0.5,2.15,1.8,1.85,4.55,1.83,45,1.75,4.0,1.91,3.25,2.05,1.73,1.8,24,3.3,1.81,4.0,3.2,3.3,3.28,2.08,M'gladbach,Aachen,M'gladbach_Aachen_2006
185,6.6,3.8,2.01,3.3,1.7,5.0,1.55,5.25,6.0,1.7,3.45,5.35,5.0,5.0,3.6,1.57,3.5,1.6,6.0,3.8,1.6,33,1.61,-0.75,2.06,1.61,1.91,5.4,1.73,45,1.6,4.3,1.82,3.3,2.02,1.53,1.6,24,3.75,1.85,5.0,3.4,3.5,3.48,2.12,Schalke 04,Hertha,Schalke 04_Hertha_2006
186,2.6,3.35,2.24,2.9,2.6,2.37,2.8,2.25,2.38,3.05,3.2,2.37,2.5,2.4,3.2,2.6,3.2,2.65,2.4,3.25,2.78,32,2.8,0.0,1.8,2.62,2.18,2.2,1.56,46,3.0,2.6,1.65,3.1,1.71,2.75,2.9,24,3.3,2.05,2.35,3.0,3.2,3.18,2.45,Stuttgart,Werder Bremen,Stuttgart_Werder Bremen_2006
187,12.0,5.5,2.08,4.0,1.3,10.0,1.25,10.0,10.0,1.33,5.15,9.79,9.5,10.0,4.33,1.28,5.25,1.25,11.0,5.0,1.27,33,1.28,-1.5,1.85,1.3,2.12,9.5,1.66,45,1.25,8.5,1.74,4.5,1.79,1.3,1.28,25,5.0,2.06,9.5,4.4,4.0,4.78,2.25,Bayern Munich,Bielefeld,Bayern Munich_Bielefeld_2006
188,2.7,3.25,1.78,2.9,2.65,2.5,2.45,2.6,2.6,2.9,2.9,2.53,2.5,2.5,3.0,2.5,3.2,2.6,2.5,3.1,2.64,32,2.8,0.0,1.89,2.62,2.14,2.65,1.95,45,2.65,2.65,2.08,3.1,1.81,2.6,2.75,23,3.25,1.98,2.4,2.8,3.2,3.09,1.85,Bochum,Nurnberg,Bochum_Nurnberg_2006
189,2.3,3.3,1.96,3.0,3.0,2.2,2.85,2.25,2.1,3.4,3.1,2.21,2.2,2.25,3.2,2.75,3.2,3.0,2.25,3.2,3.04,37,3.1,0.25,2.03,3.0,1.93,2.15,1.76,46,3.2,2.2,1.89,3.0,1.99,3.25,3.1,25,3.25,1.87,2.2,3.1,3.25,3.19,2.05,Ein Frankfurt,Stuttgart,Ein Frankfurt_Stuttgart_2006
190,1.67,3.8,2.21,3.3,4.5,1.61,5.0,1.6,1.67,5.9,3.45,1.63,1.61,1.61,3.6,4.5,3.5,5.0,1.65,3.8,5.06,35,5.0,0.75,1.86,5.0,2.1,1.6,1.58,44,5.4,1.65,1.7,3.25,1.82,4.5,5.25,25,3.6,2.04,1.6,3.5,3.5,3.48,2.4,Aachen,Bayern Munich,Aachen_Bayern Munich_2006
191,4.75,3.45,1.72,3.2,1.85,4.33,1.75,4.3,4.0,1.9,3.4,4.28,4.33,4.5,3.25,1.72,3.3,1.75,4.5,3.4,1.78,35,1.8,-0.5,2.05,1.72,1.92,4.6,2.01,46,1.7,3.8,2.14,3.25,2.0,1.83,1.8,25,3.35,1.86,4.0,3.2,3.2,3.3,1.83,Dortmund,M'gladbach,Dortmund_M'gladbach_2006
192,5.6,3.6,1.86,3.3,1.7,5.0,1.65,4.75,5.5,1.72,3.45,5.11,5.0,5.0,3.6,1.57,3.4,1.55,5.5,3.6,1.63,37,1.66,-0.75,1.99,1.61,1.98,5.4,1.86,47,1.6,4.3,1.99,3.5,1.93,1.57,1.65,25,3.5,1.93,5.0,3.4,3.5,3.44,1.95,Hertha,Mainz,Hertha_Mainz_2006
193,4.3,3.5,2.1,3.1,2.0,3.75,1.85,3.85,4.0,2.0,3.3,3.86,3.6,3.8,3.4,1.83,3.3,1.85,4.0,3.5,1.87,38,1.9,-0.5,1.96,1.9,2.03,3.9,1.64,47,1.85,3.3,1.73,3.1,1.9,1.8,1.9,27,3.3,1.94,3.75,3.2,3.2,3.3,2.25,Leverkusen,Hannover,Leverkusen_Hannover_2006
194,6.0,4.0,2.25,3.3,1.6,5.0,1.55,5.5,6.0,1.65,3.45,5.35,5.5,5.5,3.6,1.57,3.6,1.55,5.5,4.0,1.59,37,1.53,-1.0,1.88,1.57,2.1,4.9,1.56,45,1.65,4.8,1.6,3.5,1.79,1.53,1.6,25,3.6,2.04,5.0,3.6,3.5,3.54,2.45,Werder Bremen,Hamburg,Werder Bremen_Hamburg_2006
195,2.15,3.4,1.8,3.1,3.3,1.9,3.2,2.05,2.1,3.75,3.15,2.03,2.0,2.05,3.2,3.4,3.25,3.2,2.05,3.4,3.39,37,3.4,0.25,1.86,3.3,2.08,2.0,1.93,47,3.5,2.0,2.11,3.2,1.82,3.25,3.5,26,3.3,2.03,2.0,3.2,3.25,3.22,1.9,Wolfsburg,Schalke 04,Wolfsburg_Schalke 04_2006
196,3.75,3.25,1.71,3.1,2.0,3.2,2.1,3.15,3.75,2.15,3.15,3.46,3.3,3.75,3.25,2.0,3.25,2.0,3.4,3.2,2.01,36,2.0,-0.5,1.84,2.0,2.1,3.55,2.02,44,2.0,3.3,2.18,3.0,1.79,1.91,2.1,26,3.25,2.04,3.4,3.2,3.2,3.19,1.8,Bielefeld,Bochum,Bielefeld_Bochum_2006
197,6.8,3.75,1.86,3.3,1.6,5.0,1.65,5.0,5.0,1.62,3.7,5.58,5.5,6.0,3.5,1.57,3.5,1.55,6.0,3.6,1.58,35,1.57,-1.0,1.86,1.57,2.13,6.1,1.86,44,1.5,4.8,1.97,3.5,1.77,1.62,1.6,26,3.4,2.06,5.0,3.6,3.5,3.5,1.95,Nurnberg,Cottbus,Nurnberg_Cottbus_2006
198,5.75,3.6,1.97,3.3,1.6,4.33,1.65,5.0,5.25,1.75,3.25,4.9,5.0,4.33,3.4,1.67,3.5,1.65,5.0,3.25,1.67,35,1.72,-0.75,2.06,1.61,2.0,4.9,1.76,46,1.7,4.8,1.88,3.25,1.98,1.62,1.7,26,3.4,1.88,4.5,3.6,3.4,3.39,2.1,Stuttgart,Hertha,Stuttgart_Hertha_2006
199,9.0,4.5,1.99,3.75,1.33,7.0,1.33,8.0,7.5,1.45,4.35,7.77,8.0,7.0,3.6,1.36,4.25,1.35,8.0,4.2,1.38,35,1.36,-1.25,1.85,1.36,2.1,7.75,1.72,45,1.35,8.0,1.8,4.0,1.81,1.44,1.38,24,4.33,2.06,7.0,4.2,4.0,4.11,2.13,Bayern Munich,Wolfsburg,Bayern Munich_Wolfsburg_2006
200,3.85,3.5,1.91,3.1,1.9,3.2,2.1,3.1,3.5,2.1,3.2,3.47,3.5,3.25,3.2,2.0,3.2,1.9,3.75,3.25,2.0,35,2.0,-0.5,1.9,1.95,2.07,3.5,1.81,46,2.0,3.6,1.9,3.2,1.85,2.0,2.0,25,3.3,2.0,3.4,3.2,3.2,3.22,2.08,Bochum,Aachen,Bochum_Aachen_2006
201,3.5,3.25,1.75,3.1,2.1,3.0,2.2,3.0,3.2,2.3,3.2,3.14,3.2,2.8,3.0,2.1,3.2,2.1,3.2,3.25,2.16,36,2.2,-0.25,1.94,2.05,2.0,3.5,1.98,46,2.0,3.2,2.11,3.1,1.9,2.2,2.15,25,3.2,1.96,3.1,3.1,3.2,3.19,1.83,Cottbus,Bielefeld,Cottbus_Bielefeld_2006
202,5.8,3.6,1.84,3.3,1.6,4.5,1.6,5.25,5.25,1.75,3.45,5.05,5.0,5.0,3.4,1.62,3.5,1.65,5.5,3.6,1.65,35,1.57,-0.75,2.05,1.61,1.96,4.9,1.88,45,1.65,4.8,2.05,3.2,2.0,1.62,1.62,24,3.5,1.86,5.0,3.6,3.5,3.41,1.94,Hamburg,Ein Frankfurt,Hamburg_Ein Frankfurt_2006
203,3.4,3.25,1.84,3.1,2.1,2.8,2.35,2.7,3.25,2.3,3.0,3.02,3.0,2.87,3.2,2.2,3.2,2.1,3.1,3.2,2.22,36,2.2,-0.25,1.97,2.15,2.02,3.1,1.88,47,2.25,3.2,2.02,3.1,1.9,2.1,2.25,25,3.25,1.96,3.1,3.1,3.2,3.16,1.9,Hannover,Dortmund,Hannover_Dortmund_2006
204,2.9,3.25,1.76,2.8,2.4,2.6,2.4,2.7,2.6,2.65,3.05,2.66,2.75,2.6,3.2,2.38,3.2,2.5,2.75,3.2,2.49,35,2.4,0.0,2.05,2.5,1.93,2.65,1.96,46,2.55,2.9,2.12,2.9,1.95,2.5,2.5,23,3.15,1.85,2.65,2.9,3.2,3.13,1.83,Mainz,Nurnberg,Mainz_Nurnberg_2006
205,2.0,3.45,2.05,3.2,3.6,1.83,3.85,1.85,1.91,4.1,3.2,1.9,1.83,1.83,3.25,3.75,3.3,3.7,1.95,3.4,3.74,35,3.6,0.5,1.98,3.75,1.98,1.95,1.67,45,3.65,1.9,1.75,3.25,1.92,3.75,3.8,25,3.3,1.93,1.85,3.2,3.2,3.29,2.2,M'gladbach,Werder Bremen,M'gladbach_Werder Bremen_2006
206,6.5,3.7,2.08,3.3,1.6,6.0,1.5,6.0,6.5,1.7,3.65,5.47,6.0,5.0,3.6,1.5,3.5,1.55,5.75,3.6,1.58,35,1.57,-0.75,2.07,1.53,1.88,5.5,1.66,45,1.55,4.8,1.75,3.4,2.03,1.5,1.6,24,3.75,1.84,5.5,3.6,3.4,3.54,2.25,Schalke 04,Leverkusen,Schalke 04_Leverkusen_2006
207,4.6,3.5,1.86,3.1,1.8,4.0,1.8,4.2,4.5,2.0,3.4,4.09,4.0,4.0,3.4,1.72,3.3,1.75,4.25,3.5,1.83,33,1.85,-0.5,2.0,1.8,2.0,3.6,1.85,45,1.9,4.0,2.06,3.3,1.93,1.73,1.85,24,3.25,1.91,4.0,3.2,3.4,3.27,1.95,Schalke 04,Hamburg,Schalke 04_Hamburg_2006
208,2.63,3.25,1.72,3.0,2.5,2.25,2.55,2.5,2.62,3.05,3.1,2.44,2.37,2.5,3.0,2.75,3.1,2.75,2.5,3.2,2.74,34,2.75,0.0,1.91,2.7,2.06,2.25,1.99,46,3.0,2.5,2.18,2.8,1.82,2.6,2.8,24,3.2,1.97,2.5,3.2,3.2,3.11,1.8,Bielefeld,Nurnberg,Bielefeld_Nurnberg_2006
209,2.9,3.25,1.88,3.1,2.3,2.5,2.45,2.6,2.7,2.55,3.05,2.7,2.6,2.87,3.2,2.4,3.2,2.5,2.75,3.2,2.45,33,2.4,0.0,2.14,2.4,1.8,2.6,1.84,45,2.6,2.8,2.0,3.0,1.98,2.4,2.5,23,3.25,1.76,2.6,3.1,3.25,3.14,2.0,Ein Frankfurt,Hannover,Ein Frankfurt_Hannover_2006
210,2.45,3.3,1.87,3.1,2.8,2.25,2.8,2.25,2.4,3.3,3.1,2.29,2.25,2.3,3.25,2.75,3.25,2.8,2.3,3.25,2.89,33,3.0,0.25,2.02,2.8,1.95,2.25,1.83,45,3.0,2.3,1.98,3.1,1.95,2.62,3.0,24,3.3,1.89,2.25,3.1,3.2,3.18,2.0,Hertha,Bayern Munich,Hertha_Bayern Munich_2006
211,2.95,3.33,2.05,3.1,2.4,2.5,2.45,2.6,2.5,2.6,3.15,2.68,2.5,2.87,3.33,2.5,3.2,2.4,2.8,3.2,2.45,33,2.4,0.0,2.17,2.5,1.83,2.55,1.67,42,2.55,2.6,1.72,3.1,2.03,2.5,2.45,23,3.25,1.76,2.65,3.2,3.2,3.19,2.15,Leverkusen,Stuttgart,Leverkusen_Stuttgart_2006
212,10.5,5.2,2.3,4.0,1.33,8.0,1.3,9.0,9.0,1.36,4.85,8.7,8.0,9.0,4.5,1.33,4.75,1.3,9.0,5.0,1.32,33,1.3,-1.5,2.0,1.33,2.01,8.0,1.52,45,1.3,8.0,1.57,4.0,1.93,1.3,1.32,23,4.5,1.9,9.5,4.2,4.0,4.48,2.45,Werder Bremen,Bochum,Werder Bremen_Bochum_2006
213,4.7,3.35,1.82,3.1,1.9,3.75,1.9,3.75,4.5,1.95,3.25,3.97,4.0,4.0,3.0,1.8,3.25,1.85,4.0,3.25,1.87,33,1.9,-0.5,1.93,1.8,2.02,4.25,1.89,45,1.8,3.6,2.03,3.3,1.89,1.83,1.9,24,3.25,1.95,3.6,3.2,3.3,3.21,1.9,Wolfsburg,M'gladbach,Wolfsburg_M'gladbach_2006
214,3.1,3.3,1.94,3.1,2.3,2.6,2.4,2.65,2.6,2.5,3.15,2.82,2.62,3.0,3.2,2.37,3.2,2.25,2.9,3.25,2.33,33,2.3,-0.25,1.86,2.37,2.1,2.75,1.77,45,2.4,2.8,1.9,3.2,1.82,2.5,2.35,24,3.25,2.04,2.75,3.1,3.2,3.18,2.1,Aachen,Mainz,Aachen_Mainz_2006
215,5.75,3.6,1.85,3.1,1.65,5.0,1.65,5.0,5.0,1.7,3.5,5.24,5.0,5.5,3.25,1.61,3.5,1.6,5.75,3.6,1.63,33,1.61,-0.75,2.0,1.66,2.0,5.9,1.86,45,1.55,4.5,1.96,3.3,1.92,1.7,1.6,23,3.4,1.93,5.0,3.5,3.25,3.42,1.96,Dortmund,Cottbus,Dortmund_Cottbus_2006
216,4.6,3.4,1.84,3.1,1.9,4.33,1.8,4.3,4.0,2.02,3.4,4.17,4.5,4.33,3.4,1.72,3.2,1.7,4.25,3.4,1.83,36,1.8,-0.5,2.02,1.72,2.06,4.95,1.87,42,1.8,3.6,2.0,3.25,1.89,1.8,1.9,25,3.2,1.96,4.5,3.2,3.2,3.27,1.92,Nurnberg,Ein Frankfurt,Nurnberg_Ein Frankfurt_2006
217,2.75,3.3,1.86,2.9,2.5,2.5,2.45,2.6,2.62,2.65,3.2,2.6,2.62,2.75,3.25,2.5,3.2,2.5,2.6,3.2,2.54,39,2.5,0.0,1.98,2.5,1.99,2.65,1.87,44,2.75,2.5,2.0,3.1,1.89,2.4,2.6,26,3.25,1.9,2.5,3.2,3.2,3.17,1.95,Bochum,Dortmund,Bochum_Dortmund_2006
218,3.5,3.4,1.92,3.1,2.1,3.2,2.1,3.15,3.4,2.2,3.25,3.26,3.5,3.25,3.25,2.0,3.2,2.1,3.3,3.4,2.1,38,2.1,-0.25,2.04,1.95,1.9,3.6,1.8,43,2.15,3.2,1.9,3.1,2.0,2.0,2.15,26,3.25,1.86,3.2,3.1,3.2,3.21,2.06,Cottbus,Aachen,Cottbus_Aachen_2006
219,2.4,3.4,1.86,3.1,2.7,2.2,2.7,2.35,2.1,3.1,3.15,2.3,2.3,2.3,3.4,2.8,3.25,2.65,2.35,3.25,2.88,39,3.0,0.25,2.14,2.75,1.82,2.4,1.86,44,3.15,2.4,1.98,3.2,2.09,3.0,2.9,26,3.25,1.77,2.3,3.1,3.2,3.21,1.94,Hannover,Schalke 04,Hannover_Schalke 04_2006
220,4.2,3.3,1.79,3.1,1.85,3.75,1.9,3.75,4.0,2.05,3.4,3.78,3.6,3.75,3.25,1.8,3.2,1.9,4.0,3.2,1.93,39,2.0,-0.5,1.86,1.9,2.11,4.35,1.93,44,1.9,3.8,2.1,3.25,1.8,1.83,1.95,26,3.25,2.06,3.6,3.2,3.3,3.22,1.87,Mainz,Bielefeld,Mainz_Bielefeld_2006
221,3.75,3.3,1.74,3.0,2.3,2.75,2.25,2.75,2.88,2.3,3.25,3.06,3.0,3.0,3.25,2.25,3.2,2.1,3.1,3.3,2.2,39,2.25,-0.25,2.05,2.2,1.91,3.35,1.99,44,2.25,2.8,2.14,3.2,1.99,2.25,2.25,27,3.4,1.88,3.0,3.1,3.2,3.19,1.83,M'gladbach,Hertha,M'gladbach_Hertha_2006
222,6.4,3.6,1.93,3.3,1.65,5.5,1.55,5.75,6.0,1.7,3.8,5.28,5.5,5.5,3.6,1.53,3.5,1.55,5.25,3.6,1.61,38,1.61,-0.75,2.06,1.57,1.9,6.05,1.8,43,1.6,4.5,1.94,3.5,2.01,1.53,1.65,25,3.5,1.84,5.0,3.5,3.5,3.5,2.07,Stuttgart,Wolfsburg,Stuttgart_Wolfsburg_2006
223,4.4,3.35,2.09,3.1,1.9,3.5,1.9,3.65,3.8,2.2,3.4,3.53,3.6,3.6,3.25,1.9,3.25,1.9,3.5,3.25,1.99,38,2.05,-0.25,2.11,1.9,1.86,4.1,1.65,42,1.95,3.6,1.75,3.25,2.04,1.91,2.05,26,3.3,1.83,3.5,3.2,3.2,3.25,2.22,Bayern Munich,Werder Bremen,Bayern Munich_Werder Bremen_2006
224,3.75,3.45,1.93,3.0,2.0,3.5,2.0,3.4,3.75,2.15,3.25,3.42,3.4,3.5,3.4,1.9,3.25,2.0,3.5,3.4,2.02,39,2.0,-0.25,2.1,2.0,1.86,3.75,1.8,42,2.1,3.3,1.92,3.2,2.06,1.83,2.05,28,3.25,1.8,3.25,3.2,3.2,3.26,2.01,Hamburg,Leverkusen,Hamburg_Leverkusen_2006
225,5.95,3.6,1.93,3.1,1.7,4.33,1.7,4.5,5.0,1.7,3.5,5.2,5.5,5.25,3.4,1.66,3.4,1.6,5.25,3.6,1.64,40,1.66,-0.75,1.98,1.61,1.99,5.25,1.8,44,1.6,4.3,1.98,3.25,1.93,1.67,1.7,28,3.4,1.93,5.0,3.4,3.4,3.46,2.03,Hertha,Cottbus,Hertha_Cottbus_2006
226,3.6,3.3,1.92,3.1,1.9,3.2,2.1,3.15,3.0,2.2,3.25,3.33,3.5,3.4,3.25,2.0,3.25,1.9,3.4,3.25,2.07,37,2.1,-0.25,2.06,1.95,1.94,3.15,1.81,44,2.1,3.6,1.92,3.2,2.01,2.2,2.1,27,3.25,1.85,3.5,3.2,3.2,3.22,2.05,Aachen,Bielefeld,Aachen_Bielefeld_2006
227,3.43,3.3,1.77,3.0,2.2,2.8,2.2,3.0,3.0,2.38,3.0,3.04,3.0,3.1,3.0,2.2,3.1,2.2,3.35,3.2,2.23,37,2.25,-0.25,2.03,2.2,1.94,3.2,1.95,43,2.2,3.0,2.1,3.0,1.98,2.3,2.2,27,3.2,1.88,3.0,3.1,3.2,3.18,1.89,Dortmund,Nurnberg,Dortmund_Nurnberg_2006
228,1.75,3.6,1.98,3.2,4.2,1.66,4.5,1.7,1.73,5.65,3.35,1.68,1.66,1.66,3.4,4.33,3.4,4.5,1.7,3.6,4.91,37,5.0,0.75,1.97,4.8,1.99,1.65,1.77,44,5.1,1.75,1.9,3.25,1.93,4.5,5.0,27,3.4,1.93,1.65,3.3,3.4,3.42,2.1,Ein Frankfurt,Bayern Munich,Ein Frankfurt_Bayern Munich_2006
229,3.3,3.25,1.78,3.0,2.5,2.6,2.38,2.75,2.88,2.55,3.2,2.81,2.7,2.9,3.0,2.37,3.2,2.35,2.8,3.2,2.37,36,2.37,0.0,2.25,2.37,1.8,2.7,1.95,43,2.4,2.6,2.11,3.0,2.1,2.38,2.4,26,3.2,1.68,2.75,3.1,3.2,3.16,1.88,Hannover,Hamburg,Hannover_Hamburg_2006
230,4.33,3.35,1.81,3.1,1.9,3.5,2.0,3.4,4.33,2.0,3.2,3.7,3.6,4.0,3.2,1.9,3.25,1.9,3.8,3.25,1.94,36,1.9,-0.5,2.3,1.9,2.02,3.65,1.91,42,1.95,3.6,2.12,3.2,2.16,1.8,1.95,26,3.25,1.64,3.5,3.2,3.2,3.24,1.87,Schalke 04,Stuttgart,Schalke 04_Stuttgart_2006
231,4.33,3.35,1.8,3.1,1.9,3.75,1.9,3.7,4.33,2.05,3.25,3.86,3.6,3.8,3.2,1.8,3.25,1.85,4.0,3.3,1.9,36,1.95,-0.5,1.9,1.9,2.07,3.95,1.92,41,1.85,3.6,2.1,3.1,1.89,1.8,1.9,26,3.25,2.0,3.8,3.2,3.3,3.25,1.91,Wolfsburg,Bochum,Wolfsburg_Bochum_2006
232,5.8,3.6,2.04,3.3,1.65,4.5,1.7,4.5,5.0,1.75,3.5,4.98,5.5,5.0,3.4,1.61,3.5,1.65,5.25,3.6,1.66,37,1.66,-0.75,1.96,1.57,2.02,4.8,1.69,43,1.65,4.5,1.79,3.25,1.89,1.67,1.65,26,3.4,1.98,4.5,3.5,3.5,3.44,2.17,Leverkusen,M'gladbach,Leverkusen_M'gladbach_2006
233,8.5,4.5,2.21,3.6,1.4,7.0,1.4,6.5,6.5,1.45,4.3,7.41,7.5,8.0,4.0,1.44,4.2,1.4,7.5,4.5,1.4,36,1.36,-1.25,1.91,1.4,1.95,5.6,1.57,43,1.45,6.5,1.62,4.0,1.83,1.44,1.42,25,4.3,1.95,6.5,4.0,3.5,4.11,2.55,Werder Bremen,Mainz,Werder Bremen_Mainz_2006
234,2.88,3.25,1.68,3.0,2.5,2.6,2.5,2.55,2.88,2.75,3.05,2.66,2.7,2.75,3.0,2.37,3.2,2.35,2.65,3.2,2.51,38,2.5,0.0,2.02,2.37,2.02,2.6,2.04,42,2.6,2.6,2.22,3.1,1.88,2.4,2.6,29,3.25,1.87,2.65,3.1,3.2,3.16,1.76,Bielefeld,Dortmund,Bielefeld_Dortmund_2006
235,4.1,3.33,1.81,3.1,1.8,3.5,1.85,3.85,3.8,2.05,3.35,3.73,3.6,3.75,3.2,1.9,3.3,1.8,3.8,3.25,1.94,40,2.0,-0.5,1.85,1.9,2.11,3.85,1.92,44,1.85,4.0,2.06,3.25,1.8,1.91,1.95,27,3.3,2.03,3.75,3.2,3.2,3.24,1.89,Bayern Munich,Schalke 04,Bayern Munich_Schalke 04_2006
236,1.85,3.5,2.16,3.2,4.0,1.72,4.0,1.8,1.8,5.45,3.3,1.74,1.72,1.72,3.2,4.33,3.4,4.2,1.8,3.4,4.46,38,5.0,0.75,2.04,4.33,1.91,1.75,1.61,43,4.45,1.8,1.67,3.25,2.0,4.33,4.25,26,3.35,1.86,1.75,3.2,3.2,3.35,2.25,Cottbus,Werder Bremen,Cottbus_Werder Bremen_2006
237,2.8,3.3,1.9,2.9,2.55,2.6,2.35,2.7,2.75,2.62,3.2,2.66,2.62,2.75,3.2,2.37,3.2,2.4,2.75,3.2,2.49,37,2.5,0.0,2.05,2.5,1.88,2.6,1.82,43,2.5,2.55,1.94,3.1,1.96,2.38,2.5,27,3.25,1.83,2.6,3.1,3.2,3.18,2.01,Mainz,Leverkusen,Mainz_Leverkusen_2006
238,3.7,3.29,1.78,3.0,2.2,3.0,2.0,3.5,3.0,2.2,3.15,3.3,3.1,3.4,3.25,2.1,3.25,2.1,3.4,3.25,2.09,36,2.1,-0.25,2.1,2.15,1.86,3.55,1.96,42,2.0,3.0,2.08,3.0,2.03,2.2,2.1,27,3.15,1.82,3.2,3.1,3.2,3.2,1.85,M'gladbach,Ein Frankfurt,M'gladbach_Ein Frankfurt_2006
239,4.0,3.25,1.86,3.1,2.1,3.5,2.0,3.5,3.8,2.15,3.05,3.55,3.5,3.7,3.2,1.9,3.2,1.9,3.75,3.25,1.99,37,2.0,-0.25,2.1,1.95,1.86,3.5,1.86,44,2.05,3.2,2.0,3.1,2.05,1.91,2.0,27,3.15,1.82,3.6,3.1,3.2,3.19,1.94,Nurnberg,Hertha,Nurnberg_Hertha_2006
240,6.25,3.75,1.96,3.3,1.6,5.5,1.6,5.0,5.0,1.67,3.5,5.56,5.5,6.0,3.5,1.53,3.6,1.55,5.75,3.5,1.59,38,1.61,-0.75,2.02,1.57,1.92,6.0,1.77,42,1.55,4.8,1.89,3.5,1.98,1.62,1.6,26,3.6,1.88,5.0,3.6,3.5,3.52,2.1,Stuttgart,Aachen,Stuttgart_Aachen_2006
241,3.0,3.3,1.77,3.0,2.4,2.6,2.35,2.7,2.75,2.55,3.05,2.76,2.7,2.87,3.2,2.37,3.2,2.3,2.8,3.2,2.4,39,2.4,0.0,2.15,2.37,1.79,2.6,1.96,42,2.6,2.7,2.13,3.2,2.04,2.38,2.4,27,3.25,1.75,2.65,3.1,3.2,3.18,1.85,Bochum,Hannover,Bochum_Hannover_2006
242,4.9,3.45,1.75,3.2,1.85,4.33,1.8,4.2,4.0,1.91,3.25,4.25,4.33,4.5,3.0,1.72,3.3,1.8,4.5,3.4,1.81,39,1.8,-0.5,2.05,1.72,1.91,3.95,1.99,42,1.85,3.8,2.12,3.25,1.98,1.91,1.8,26,3.25,1.85,3.75,3.2,3.2,3.3,1.84,Hamburg,Wolfsburg,Hamburg_Wolfsburg_2006
243,2.8,3.3,1.9,3.2,2.3,2.75,2.5,2.5,2.75,2.65,3.2,2.64,2.62,2.6,3.25,2.2,3.2,2.6,2.75,3.25,2.5,31,2.62,0.0,1.95,2.3,2.04,2.7,1.82,40,2.4,2.7,1.93,3.1,1.89,2.35,2.5,24,3.3,1.89,2.4,3.2,3.25,3.19,2.0,Aachen,Dortmund,Aachen_Dortmund_2006
244,4.9,3.4,1.81,3.1,1.9,3.5,1.85,4.0,4.75,1.92,3.15,4.09,3.6,4.0,3.25,1.9,3.3,1.8,4.25,3.4,1.85,31,1.85,-0.5,2.04,1.9,1.89,3.9,1.93,40,1.9,3.6,2.05,3.1,1.98,1.73,1.85,24,3.25,1.86,4.35,3.2,3.2,3.23,1.91,Ein Frankfurt,Cottbus,Ein Frankfurt_Cottbus_2006
245,3.3,3.25,1.78,3.1,2.2,2.6,,,2.88,2.4,3.15,2.9,2.62,2.9,3.2,2.37,3.2,2.25,3.0,3.2,2.31,31,2.37,-0.25,1.91,2.37,2.03,2.9,1.92,40,2.3,3.0,2.11,3.2,1.85,2.3,2.3,24,,2.0,2.75,3.1,3.2,3.18,1.85,Hamburg,Stuttgart,Hamburg_Stuttgart_2006
246,2.0,3.4,1.85,3.2,3.8,1.9,3.7,1.9,1.8,4.9,3.3,1.88,1.9,1.85,3.25,3.5,3.3,3.4,1.85,3.4,3.98,31,4.0,0.5,1.99,3.5,1.95,1.8,1.88,40,4.15,1.85,2.03,3.25,1.92,4.33,4.25,23,3.25,1.91,1.9,3.2,3.2,3.25,1.95,Hannover,Bayern Munich,Hannover_Bayern Munich_2006
247,5.8,3.55,1.88,3.2,1.75,4.33,1.73,4.33,5.25,1.75,3.5,4.73,4.33,4.75,3.4,1.66,3.5,1.65,4.75,3.5,1.7,31,1.72,-0.75,1.94,1.72,2.03,5.3,1.85,40,1.6,4.2,1.95,3.4,1.88,1.62,1.72,23,3.4,1.97,4.35,3.3,3.4,3.41,2.01,Hertha,Bielefeld,Hertha_Bielefeld_2006
248,8.2,4.25,1.86,3.75,1.45,7.0,1.4,7.25,8.0,1.5,4.3,7.26,8.0,7.5,4.2,1.36,4.0,1.4,7.0,4.0,1.42,31,1.44,-1.25,1.87,1.36,2.07,6.5,1.87,39,1.4,6.5,2.01,3.75,1.81,1.36,1.45,24,4.0,2.04,7.0,3.7,4.0,3.97,1.94,Schalke 04,M'gladbach,Schalke 04_M'gladbach_2006
249,3.85,3.3,1.8,3.2,2.0,3.5,2.0,3.4,3.6,2.15,3.15,3.53,3.5,3.4,3.0,1.9,3.25,2.0,3.75,3.25,2.0,31,2.1,-0.5,1.81,1.9,2.17,3.55,1.9,40,2.0,3.4,2.09,3.25,1.75,2.05,2.0,24,3.25,1.98,3.25,3.1,3.2,3.19,1.9,Wolfsburg,Mainz,Wolfsburg_Mainz_2006
250,6.25,3.75,2.09,3.3,1.55,5.0,1.6,5.0,5.0,1.7,3.6,5.51,5.5,5.5,3.6,1.57,3.5,1.5,6.0,3.6,1.59,31,1.61,-0.75,1.98,1.57,1.98,6.4,1.66,39,1.5,5.0,1.73,3.6,1.96,1.6,1.6,23,3.6,1.9,5.5,3.7,3.5,3.52,2.2,Leverkusen,Bochum,Leverkusen_Bochum_2006
251,7.0,3.8,2.15,3.4,1.5,5.0,1.5,6.25,6.25,1.6,3.6,6.06,6.0,6.0,3.6,1.57,3.6,1.5,6.5,3.8,1.54,31,1.53,-0.75,2.13,1.5,1.81,6.4,1.61,39,1.5,5.5,1.67,3.6,2.08,1.5,1.55,23,3.6,1.78,6.0,3.8,3.5,3.58,2.35,Werder Bremen,Nurnberg,Werder Bremen_Nurnberg_2006
252,2.85,3.3,1.69,3.1,2.55,2.37,2.55,2.55,2.5,2.75,3.1,2.6,2.5,2.7,3.2,2.6,3.2,2.4,2.6,3.25,2.58,33,2.5,0.0,2.05,2.5,1.92,2.45,2.05,39,2.7,2.55,2.25,3.2,1.94,2.6,2.6,25,3.15,1.87,2.5,3.1,3.2,3.16,1.73,M'gladbach,Hamburg,M'gladbach_Hamburg_2006
253,3.5,3.25,1.81,3.1,2.2,2.75,2.2,3.0,3.0,2.35,3.1,3.13,3.1,3.2,3.1,2.2,3.2,2.2,3.2,3.25,2.2,31,2.2,-0.25,2.0,2.1,1.98,3.1,1.92,40,2.2,3.0,2.05,3.0,1.94,2.25,2.2,23,3.2,1.92,3.0,3.1,3.25,3.15,1.88,Bielefeld,Ein Frankfurt,Bielefeld_Ein Frankfurt_2006
254,3.3,3.25,1.86,3.1,2.2,2.75,2.2,2.95,3.2,2.4,3.15,2.99,3.0,3.0,3.25,2.25,3.2,2.1,3.0,3.25,2.26,31,2.3,-0.25,1.92,2.15,2.04,2.9,1.87,41,2.3,3.0,1.98,3.2,1.9,2.1,2.3,23,3.25,1.97,3.0,3.1,3.2,3.17,1.96,Bochum,Hertha,Bochum_Hertha_2006
255,3.1,3.25,1.76,3.1,2.4,2.75,2.3,2.8,3.1,2.65,3.15,2.84,2.8,2.75,2.88,2.25,3.2,2.3,2.8,3.25,2.39,31,2.5,0.0,2.09,2.25,1.88,2.9,1.97,40,2.3,2.9,2.11,3.1,1.99,2.35,2.4,23,3.25,1.81,2.75,2.9,3.2,3.12,1.85,Cottbus,Wolfsburg,Cottbus_Wolfsburg_2006
256,2.2,3.3,1.8,3.1,3.2,2.0,3.4,2.0,1.95,3.65,3.2,2.06,1.9,2.05,3.25,3.2,3.25,3.2,2.1,3.3,3.39,31,3.5,0.5,2.15,3.6,1.82,2.05,1.9,41,3.35,2.1,2.09,3.2,2.1,3.6,3.4,23,3.25,1.77,2.0,3.1,3.2,3.21,1.9,Mainz,Schalke 04,Mainz_Schalke 04_2006
257,5.5,3.6,1.95,3.2,1.7,5.0,1.65,5.0,5.25,1.75,3.4,4.88,4.33,5.0,3.5,1.61,3.4,1.7,5.0,3.6,1.68,31,1.66,-0.75,1.92,1.72,2.06,4.65,1.79,41,1.7,4.3,1.9,3.25,1.86,1.62,1.7,22,3.4,2.01,4.35,3.4,3.25,3.4,2.07,Nurnberg,Aachen,Nurnberg_Aachen_2006
258,6.25,3.75,1.89,3.3,1.65,5.0,1.55,5.75,5.25,1.7,3.5,5.34,5.5,5.0,3.5,1.57,3.5,1.55,5.75,3.6,1.61,31,1.66,-0.75,2.01,1.57,1.95,5.9,1.84,40,1.55,4.5,1.96,3.5,1.95,1.62,1.62,22,3.5,1.92,5.0,3.5,3.5,3.49,2.0,Stuttgart,Hannover,Stuttgart_Hannover_2006
259,8.0,4.0,2.05,3.4,1.45,6.5,1.5,6.25,6.0,1.55,3.7,6.45,6.0,7.5,3.6,1.44,3.8,1.5,6.75,4.0,1.49,32,1.44,-1.0,2.01,1.5,1.97,6.15,1.68,41,1.5,6.0,1.75,3.6,1.93,1.53,1.5,23,3.6,1.9,5.5,3.9,3.6,3.73,2.2,Bayern Munich,Leverkusen,Bayern Munich_Leverkusen_2006
260,2.3,3.3,1.94,3.1,3.0,2.1,3.15,2.1,2.0,3.45,3.15,2.2,2.2,2.3,3.25,3.0,3.2,2.8,2.25,3.25,3.06,31,3.0,0.25,2.08,2.87,1.89,2.1,1.76,39,3.25,2.2,1.84,3.25,2.03,3.4,3.1,23,3.25,1.83,2.2,3.1,3.2,3.2,2.11,Dortmund,Werder Bremen,Dortmund_Werder Bremen_2006
261,11.5,5.85,2.33,4.5,1.3,9.0,1.28,9.0,8.5,1.33,4.6,9.33,8.0,10.0,4.75,1.29,4.75,1.3,10.0,5.5,1.28,36,1.25,-1.5,2.2,1.28,1.82,8.8,1.53,44,1.3,8.5,1.6,4.35,2.08,1.3,1.3,25,4.75,1.76,8.5,4.4,4.33,4.84,2.51,Werder Bremen,Aachen,Werder Bremen_Aachen_2006
262,3.75,3.3,1.84,2.87,1.9,3.2,1.95,3.5,3.4,2.15,3.2,3.47,3.5,3.6,3.0,2.0,3.25,2.1,3.5,3.3,2.02,34,2.0,-0.25,2.15,2.05,1.81,3.5,1.89,46,2.0,3.6,2.0,3.0,2.08,2.1,2.05,26,3.3,1.79,3.25,3.2,3.2,3.19,1.95,Ein Frankfurt,Bochum,Ein Frankfurt_Bochum_2006
263,3.6,3.3,1.84,3.1,2.0,3.2,2.2,2.9,3.5,2.3,3.1,3.26,3.2,3.25,3.33,2.0,3.2,2.0,3.2,3.3,2.1,34,2.15,-0.25,1.97,2.05,1.98,3.3,1.89,46,2.1,3.3,2.01,3.2,1.93,1.95,2.15,26,3.3,1.94,3.25,3.2,3.2,3.2,1.95,Hertha,Dortmund,Hertha_Dortmund_2006
264,4.15,3.35,1.98,3.1,2.0,3.2,2.0,3.4,3.75,2.15,3.2,3.45,3.3,3.4,3.0,2.0,3.25,2.0,3.5,3.25,2.02,34,2.1,-0.25,2.16,2.0,1.85,3.5,1.75,45,2.0,3.3,1.86,3.2,2.07,2.0,2.05,26,3.25,1.8,3.25,3.2,3.2,3.23,2.1,Leverkusen,Nurnberg,Leverkusen_Nurnberg_2006
265,10.4,4.8,1.91,3.75,1.37,7.0,1.3,10.0,11.0,1.4,4.3,8.49,8.0,9.5,4.75,1.36,4.25,1.35,10.0,4.5,1.35,34,1.33,-1.5,1.93,1.36,2.01,8.0,1.78,46,1.35,7.0,1.89,3.5,1.9,1.25,1.35,25,4.33,1.94,10.0,4.1,4.0,4.22,2.06,Schalke 04,Cottbus,Schalke 04_Cottbus_2006
266,2.55,3.3,1.9,3.25,2.7,2.5,2.5,2.5,2.6,3.0,3.2,2.45,2.4,2.5,3.2,2.5,3.2,2.5,2.4,3.25,2.68,33,2.7,0.0,1.82,2.5,2.15,2.4,1.8,46,2.7,2.4,1.94,3.25,1.73,2.5,2.9,26,3.3,2.03,2.4,3.1,3.2,3.19,2.05,Stuttgart,Bayern Munich,Stuttgart_Bayern Munich_2006
267,4.45,3.4,1.82,3.2,1.85,4.0,1.85,3.85,3.75,2.0,3.3,3.92,3.75,4.0,3.0,1.8,3.25,1.8,4.0,3.25,1.88,33,1.9,-0.5,1.89,1.83,2.07,4.15,1.91,45,1.8,3.8,2.04,3.25,1.85,2.0,1.9,25,3.3,1.99,3.75,3.2,3.2,3.23,1.91,Wolfsburg,Bielefeld,Wolfsburg_Bielefeld_2006
268,5.75,3.6,1.78,3.3,1.6,4.5,1.65,5.0,4.75,1.75,3.45,4.91,5.0,5.0,3.25,1.62,3.4,1.6,5.0,3.6,1.67,33,1.66,-0.75,1.95,1.61,2.0,4.9,1.92,45,1.65,4.8,2.1,3.5,1.9,1.73,1.7,25,3.4,1.96,4.6,3.6,3.5,3.42,1.9,Hamburg,Mainz,Hamburg_Mainz_2006
269,5.0,3.6,1.79,3.25,1.65,4.33,1.8,4.1,4.0,1.9,3.35,4.26,4.2,4.33,3.4,1.73,3.3,1.8,4.5,3.4,1.78,33,1.8,-0.5,2.08,1.72,1.92,4.7,1.94,45,1.7,4.5,2.1,3.25,2.0,1.8,1.8,24,3.3,1.85,3.75,3.5,3.2,3.32,1.85,Hannover,M'gladbach,Hannover_M'gladbach_2006
270,1.91,3.5,1.86,3.25,3.6,1.8,3.8,1.8,1.73,5.0,3.3,1.8,1.9,1.8,3.4,4.0,3.3,4.35,1.83,3.5,4.23,37,4.2,0.5,1.85,3.4,2.12,1.85,1.87,50,3.9,1.9,1.96,3.3,1.81,4.5,4.25,27,3.5,2.03,1.73,3.2,3.2,3.28,1.96,Bochum,Schalke 04,Bochum_Schalke 04_2006
271,3.05,3.4,2.02,3.1,2.4,2.6,2.35,2.75,2.88,2.5,3.2,2.75,2.6,2.8,3.4,2.37,3.25,2.25,2.8,3.25,2.38,39,2.4,0.0,2.18,2.4,1.79,2.55,1.73,48,2.55,2.7,1.82,3.2,2.01,2.2,2.4,29,3.2,1.73,2.75,3.1,3.2,3.22,2.15,Aachen,Hertha,Aachen_Hertha_2006
272,7.0,3.85,1.89,3.5,1.6,6.0,1.6,5.0,6.5,1.6,3.7,6.05,5.5,7.0,3.6,1.5,3.6,1.5,6.25,3.75,1.52,39,1.5,-1.0,1.95,1.53,2.1,6.15,1.84,48,1.5,4.8,1.95,3.5,1.87,1.5,1.55,29,3.6,1.97,6.0,3.6,3.4,3.63,1.98,Bayern Munich,Hamburg,Bayern Munich_Hamburg_2006
273,4.8,3.45,1.84,3.1,1.9,4.0,1.8,4.1,3.8,1.91,3.2,4.15,3.6,4.33,3.2,1.8,3.25,1.84,4.25,3.3,1.83,39,1.83,-0.5,2.04,1.9,1.92,4.3,1.89,45,1.8,3.6,2.01,3.1,1.97,1.91,1.85,29,3.3,1.87,4.0,3.2,3.2,3.24,1.95,Dortmund,Ein Frankfurt,Dortmund_Ein Frankfurt_2006
274,3.5,3.4,1.86,3.2,2.2,3.0,2.2,2.95,3.25,2.2,3.25,3.2,2.8,3.4,3.4,2.1,3.25,2.2,3.25,3.25,2.12,38,2.1,-0.25,2.02,2.2,1.92,3.05,1.88,48,2.15,3.0,2.01,3.2,1.99,2.0,2.15,30,3.25,1.87,2.8,3.1,3.2,3.22,1.95,Mainz,Hannover,Mainz_Hannover_2006
275,1.73,3.7,1.86,3.3,4.3,1.66,4.5,1.7,1.62,5.8,3.4,1.65,1.66,1.61,3.6,4.5,3.4,5.0,1.68,3.6,4.98,38,5.5,0.75,1.88,4.5,2.08,1.65,1.87,48,5.0,1.7,1.98,3.25,1.85,5.0,5.25,29,3.4,2.01,1.65,3.4,3.25,3.44,1.95,M'gladbach,Stuttgart,M'gladbach_Stuttgart_2006
276,4.8,3.4,1.83,3.3,1.8,4.0,1.85,4.0,5.0,1.95,3.2,4.18,3.75,4.2,3.1,1.72,3.3,1.75,4.5,3.4,1.82,38,1.83,-0.5,2.05,1.8,2.03,4.3,1.9,47,1.8,4.0,2.0,3.25,1.93,1.73,1.8,28,3.2,1.91,4.2,3.2,3.4,3.26,1.92,Nurnberg,Wolfsburg,Nurnberg_Wolfsburg_2006
277,1.85,3.7,2.08,3.3,4.0,1.72,4.1,1.8,1.73,5.25,3.4,1.72,1.7,1.72,3.5,4.33,3.4,4.5,1.72,3.5,4.54,36,4.75,0.75,2.02,4.33,1.95,1.7,1.66,46,4.6,1.8,1.75,3.3,1.94,4.33,4.75,25,3.3,1.92,1.65,3.2,3.2,3.42,2.2,Bielefeld,Werder Bremen,Bielefeld_Werder Bremen_2006
278,2.65,3.3,1.91,3.1,2.6,2.4,2.55,2.5,2.6,3.0,3.2,2.42,2.5,2.4,3.2,2.5,3.2,2.65,2.4,3.25,2.71,38,2.8,0.0,1.8,2.5,2.17,2.55,1.79,48,2.55,2.5,1.88,3.1,1.73,2.5,2.85,26,3.25,1.95,2.35,3.1,3.25,3.19,2.1,Cottbus,Leverkusen,Cottbus_Leverkusen_2006
279,4.4,3.4,1.86,3.0,1.9,3.75,1.9,3.75,3.75,1.94,3.25,4.03,4.0,4.2,3.25,1.8,3.3,1.8,4.0,3.4,1.85,35,1.85,-0.5,2.03,1.83,1.98,4.0,1.87,46,1.85,3.6,2.0,3.2,1.94,1.91,1.9,29,3.25,1.91,4.0,3.2,3.25,3.25,1.95,Hannover,Cottbus,Hannover_Cottbus_2006
280,5.0,3.5,2.02,3.2,1.8,3.75,1.65,4.33,4.5,1.85,3.2,4.27,4.33,4.5,3.4,1.8,3.3,1.73,4.5,3.5,1.78,33,1.75,-0.75,1.87,1.72,2.07,4.3,1.71,47,1.8,4.0,1.8,3.3,1.84,1.73,1.8,25,3.75,2.02,4.0,3.2,3.25,3.3,2.21,Ein Frankfurt,Aachen,Ein Frankfurt_Aachen_2006
281,4.7,3.4,1.85,3.1,1.85,4.0,1.8,4.2,3.75,1.91,3.2,4.22,4.0,4.2,3.2,1.72,3.2,1.75,4.5,3.4,1.82,33,1.83,-0.5,2.0,1.8,1.96,4.25,1.87,47,1.81,4.0,1.98,3.25,1.94,1.91,1.85,26,3.25,1.89,4.0,3.1,3.4,3.24,1.95,Hamburg,Bochum,Hamburg_Bochum_2006
282,1.75,3.6,1.86,3.25,4.3,1.61,4.5,1.7,1.75,5.5,3.5,1.68,1.72,1.66,3.6,4.5,3.5,4.35,1.65,3.6,4.79,33,5.0,0.75,2.05,4.2,1.92,1.6,1.87,46,5.3,1.7,2.01,3.4,1.99,4.0,5.25,25,3.4,1.87,1.65,3.4,3.5,3.44,1.95,M'gladbach,Bayern Munich,M'gladbach_Bayern Munich_2006
283,8.3,4.2,1.85,3.4,1.4,6.5,1.45,7.0,7.0,1.53,3.65,6.74,6.0,7.0,3.4,1.44,3.75,1.45,7.0,4.2,1.46,33,1.44,-1.25,1.92,1.5,2.05,6.25,1.87,47,1.5,6.5,2.0,3.6,1.84,1.53,1.5,24,3.75,2.01,6.5,4.0,3.6,3.78,1.96,Schalke 04,Nurnberg,Schalke 04_Nurnberg_2006
284,9.85,4.75,2.03,4.0,1.3,8.0,1.35,8.0,7.5,1.4,4.15,7.68,8.0,9.0,4.5,1.33,4.25,1.35,7.5,4.75,1.36,33,1.33,-1.25,2.1,1.33,1.89,7.0,1.7,47,1.4,8.5,1.75,4.0,2.01,1.36,1.4,26,4.2,1.85,7.0,4.4,4.0,4.28,2.15,Stuttgart,Mainz,Stuttgart_Mainz_2006
285,3.4,3.25,1.76,3.1,2.3,2.8,2.4,2.7,3.4,2.45,3.0,2.91,2.75,2.9,3.25,2.2,3.2,2.35,2.9,3.2,2.31,33,2.37,-0.25,1.86,2.3,2.1,2.95,1.97,46,2.35,2.9,2.11,3.0,1.81,2.0,2.4,26,3.2,2.05,2.7,3.0,3.2,3.11,1.83,Wolfsburg,Dortmund,Wolfsburg_Dortmund_2006
286,2.3,3.5,2.14,3.1,2.7,2.0,3.2,2.1,2.25,3.3,3.25,2.16,2.2,2.2,3.5,3.0,3.25,2.9,2.2,3.4,3.03,33,3.0,0.25,2.02,2.87,1.98,2.15,1.62,46,3.05,2.3,1.69,3.25,1.95,2.75,3.1,26,3.25,1.91,2.1,3.2,3.4,3.27,2.35,Hertha,Werder Bremen,Hertha_Werder Bremen_2006
287,5.25,3.6,2.07,3.2,1.65,4.5,1.7,4.5,4.5,1.75,3.65,4.84,4.33,4.75,3.4,1.61,3.5,1.6,5.25,3.6,1.67,32,1.7,-0.75,1.94,1.72,2.02,5.0,1.67,45,1.6,4.5,1.74,3.25,1.88,1.73,1.65,25,3.4,1.99,5.0,3.5,3.5,3.44,2.2,Leverkusen,Bielefeld,Leverkusen_Bielefeld_2006
288,2.9,3.65,2.1,3.25,2.2,2.75,2.3,2.8,2.5,2.55,3.4,2.68,2.5,2.75,3.33,2.2,3.3,2.2,2.8,3.4,2.38,30,2.4,0.0,2.05,2.4,1.9,2.65,1.65,45,2.35,2.9,1.74,3.2,1.97,2.5,2.4,20,3.2,1.84,2.8,3.2,3.25,3.28,2.35,Aachen,Wolfsburg,Aachen_Wolfsburg_2006
289,2.85,3.5,2.01,3.1,2.5,2.5,2.4,2.6,2.8,2.7,3.35,2.57,2.62,2.6,3.5,2.4,3.3,2.4,2.7,3.25,2.51,31,2.6,0.0,1.95,2.37,2.01,2.5,1.73,45,2.5,2.5,1.85,3.25,1.89,2.2,2.5,20,3.3,1.91,2.5,3.2,3.25,3.24,2.16,Bielefeld,Hannover,Bielefeld_Hannover_2006
290,2.1,3.55,1.91,3.25,3.3,2.0,3.35,2.0,1.8,4.05,3.3,1.96,1.9,1.95,3.5,3.0,3.3,3.5,2.0,3.4,3.51,31,3.75,0.5,2.11,3.4,1.93,2.0,1.82,45,3.4,2.0,1.96,3.2,2.02,4.0,3.6,21,3.3,1.85,1.9,3.2,3.4,3.3,2.01,Bochum,Stuttgart,Bochum_Stuttgart_2006
291,2.25,3.5,1.94,3.2,3.3,2.1,3.2,2.05,2.2,3.75,3.25,2.06,2.0,2.0,3.25,3.0,3.3,3.0,2.05,3.4,3.27,31,3.5,0.25,1.84,3.2,2.14,2.05,1.8,44,3.3,2.0,1.92,3.2,1.8,3.0,3.5,21,3.3,2.07,2.1,3.2,3.2,3.27,2.07,Cottbus,Bayern Munich,Cottbus_Bayern Munich_2006
292,2.25,3.4,1.81,3.1,3.2,2.0,3.15,2.1,1.91,3.7,3.25,2.09,2.2,2.1,3.4,3.2,3.3,3.0,2.1,3.3,3.21,31,3.1,0.5,2.19,2.87,1.79,2.15,1.93,43,3.05,2.1,2.08,3.2,2.13,3.6,3.3,21,3.25,1.76,2.1,3.1,3.2,3.24,1.9,Dortmund,Schalke 04,Dortmund_Schalke 04_2006
293,3.0,3.55,2.12,3.2,2.3,2.75,2.35,2.7,3.0,2.45,3.4,2.74,2.8,2.75,3.4,2.25,3.3,2.3,2.8,3.4,2.34,31,2.37,0.0,2.14,2.2,1.84,2.7,1.66,45,2.3,2.6,1.76,3.1,2.06,2.1,2.4,20,3.3,1.76,2.7,3.3,3.2,3.27,2.3,Hertha,Leverkusen,Hertha_Leverkusen_2006
294,5.8,3.9,1.92,3.6,1.65,4.5,1.6,5.0,4.0,1.75,3.75,4.7,4.33,5.0,3.6,1.61,3.6,1.65,5.25,3.6,1.66,31,1.66,-0.75,1.94,1.61,2.05,4.1,1.81,45,1.7,4.5,1.93,3.25,1.88,1.75,1.65,21,3.6,1.99,4.5,3.5,3.5,3.53,2.07,Mainz,M'gladbach,Mainz_M'gladbach_2006
295,3.7,3.5,1.92,3.25,2.1,3.2,2.1,3.2,3.5,2.15,3.2,3.34,3.4,3.4,3.2,2.0,3.3,2.0,3.5,3.25,2.04,31,2.1,-0.5,1.8,1.9,2.2,3.2,1.82,45,2.1,3.1,1.92,3.2,1.75,2.0,2.05,21,3.2,2.13,3.2,3.2,3.2,3.26,2.1,Nurnberg,Hamburg,Nurnberg_Hamburg_2006
296,11.8,5.6,2.4,4.33,1.27,8.0,1.3,9.0,10.0,1.33,4.65,9.09,8.0,9.0,5.5,1.28,5.0,1.28,10.0,5.0,1.29,30,1.3,-1.5,2.1,1.3,1.87,7.45,1.5,43,1.33,9.0,1.6,4.5,2.04,1.22,1.28,19,4.5,1.83,8.0,4.6,4.5,4.71,2.6,Werder Bremen,Ein Frankfurt,Werder Bremen_Ein Frankfurt_2006
297,9.65,4.8,2.45,4.2,1.33,7.0,1.3,9.0,7.5,1.4,4.6,7.98,7.5,8.0,4.33,1.33,4.5,1.3,8.5,4.5,1.34,32,1.36,-1.25,1.98,1.33,1.96,8.75,1.47,45,1.3,8.0,1.55,4.5,1.93,1.36,1.33,20,4.5,1.94,8.0,4.2,4.33,4.38,2.67,Bayern Munich,Mainz,Bayern Munich_Mainz_2006
298,3.35,3.6,2.34,3.2,2.1,2.8,2.25,2.85,3.0,2.3,3.2,2.99,3.0,3.0,3.5,2.2,3.3,2.1,3.0,3.4,2.17,32,2.2,-0.25,1.99,2.1,1.97,3.0,1.51,45,2.2,3.0,1.56,3.2,1.94,2.1,2.2,20,3.25,1.93,3.0,3.3,3.2,3.28,2.7,Ein Frankfurt,Hertha,Ein Frankfurt_Hertha_2006
299,6.25,3.9,2.32,3.6,1.55,5.0,1.55,5.5,6.0,1.65,3.65,5.37,5.5,5.5,3.8,1.57,3.6,1.53,5.25,3.8,1.56,32,1.57,-0.75,2.1,1.5,1.86,5.0,1.52,45,1.6,5.0,1.6,3.6,2.05,1.5,1.6,20,3.6,1.83,5.5,3.7,3.5,3.63,2.5,Hamburg,Aachen,Hamburg_Aachen_2006
300,4.55,3.5,2.12,3.25,1.8,3.75,1.95,3.6,3.6,2.0,3.3,3.82,4.2,3.8,3.2,1.8,3.3,1.85,4.0,3.4,1.87,32,1.9,-0.5,1.93,1.72,2.08,3.9,1.64,45,1.85,4.0,1.75,3.2,1.86,2.0,1.85,19,3.2,2.01,3.75,3.2,3.25,3.29,2.35,Hannover,Nurnberg,Hannover_Nurnberg_2006
301,2.9,3.55,2.24,3.25,2.45,2.75,2.45,2.6,2.88,2.75,3.25,2.69,2.4,2.8,3.4,2.2,3.25,2.25,2.75,3.3,2.37,32,2.4,-0.25,1.83,2.5,2.19,2.6,1.56,44,2.45,2.45,1.65,3.2,1.78,2.2,2.4,20,3.25,2.1,2.75,3.3,3.25,3.24,2.5,Leverkusen,Dortmund,Leverkusen_Dortmund_2006
302,2.63,3.5,2.24,3.25,2.5,2.4,2.55,2.55,2.6,2.8,3.35,2.49,2.4,2.62,3.4,2.5,3.25,2.4,2.5,3.4,2.55,31,2.5,0.0,2.02,2.5,1.96,2.35,1.55,43,2.65,2.5,1.7,3.25,1.91,2.4,2.6,19,3.15,1.89,2.5,3.2,3.25,3.26,2.5,M'gladbach,Bochum,M'gladbach_Bochum_2006
303,13.1,6.25,2.53,5.0,1.22,9.0,1.22,10.0,8.5,1.25,6.5,9.79,7.0,11.0,5.5,1.2,5.5,1.2,9.5,6.0,1.23,31,1.22,-1.75,1.93,1.28,2.03,8.85,1.44,45,1.2,10.0,1.5,5.5,1.89,1.25,1.25,20,5.5,1.99,9.5,5.0,5.5,5.43,2.81,Schalke 04,Bielefeld,Schalke 04_Bielefeld_2006
304,18.0,7.5,2.5,5.5,1.15,12.0,1.15,11.0,17.0,1.2,7.0,12.75,12.0,15.0,7.0,1.17,6.5,1.17,12.0,7.5,1.16,31,1.14,-1.75,2.12,1.16,1.84,9.5,1.45,44,1.18,15.0,1.55,5.5,2.08,1.11,1.17,20,7.0,1.8,12.0,5.0,5.5,6.23,2.9,Stuttgart,Cottbus,Stuttgart_Cottbus_2006
305,2.1,3.75,2.43,3.3,3.2,2.0,3.15,2.1,2.0,3.8,3.4,1.96,1.95,1.9,3.25,3.2,3.3,3.5,1.95,3.6,3.48,32,3.6,0.5,2.01,3.25,1.92,1.95,1.48,45,3.4,2.0,1.55,3.25,1.97,3.5,3.6,20,3.25,1.88,1.9,3.3,3.2,3.3,2.7,Wolfsburg,Werder Bremen,Wolfsburg_Werder Bremen_2006
