,BbMxA,BbMxD,BbAv<2.5,WHD,IWH,LBA,SBH,SBA,SJA,BbMxH,BWD,BbAvA,WHA,B365A,SJD,BSD,LBH,GBD,VCH,GBA,B365D,BbAvH,BbOU,B365H,BbAHh,BbMxAHA,WHH,BbMxAHH,BWA,BbAv>2.5,BSA,Bb1X2,BWH,IWA,BbMx>2.5,VCD,BbAvAHA,SJH,GBH,BbAH,SBD,BbAvAHH,VCA,BSH,IWD,LBD,BbAvD,BbMx<2.5,HomeTeam,AwayTeam,idGame
0,4.55,3.21,1.52,3.0,1.9,3.75,2.0,3.6,4.0,2.08,3.2,3.88,3.4,4.33,3.0,3.1,1.91,3.1,2.0,4.0,3.0,1.99,28,2.0,0.0,2.9,2.0,1.46,3.45,2.39,3.75,32,2.0,4.1,2.5,3.0,2.64,2.1,1.95,17,3.1,1.42,3.75,1.95,3.2,3.0,3.1,1.57,Auxerre,Sochaux,Auxerre_Sochaux_2009
1,2.0,3.38,1.62,3.1,4.0,1.91,4.0,1.9,2.0,4.75,3.25,1.9,1.8,1.91,3.2,3.1,3.75,3.1,3.75,1.95,3.1,4.16,27,4.75,0.5,1.95,4.0,1.99,1.7,2.18,1.91,31,4.75,1.9,2.3,3.1,1.91,4.0,4.0,16,3.1,1.96,1.91,4.0,3.25,3.0,3.15,1.67,Grenoble,Marseille,Grenoble_Marseille_2009
2,2.17,3.32,1.62,3.1,3.45,2.0,3.75,2.0,2.05,3.81,3.0,2.08,1.95,2.1,3.2,3.0,3.5,3.1,3.6,2.1,3.1,3.58,28,3.75,0.0,1.53,3.4,2.65,2.0,2.17,2.15,32,3.8,2.1,2.28,3.0,1.46,3.8,3.5,17,3.0,2.5,2.0,3.3,3.2,3.0,3.08,1.65,Le Mans,Lyon,Le Mans_Lyon_2009
3,3.4,3.2,1.51,2.88,2.2,3.2,2.25,3.1,3.5,2.49,2.9,3.13,3.0,3.4,3.0,3.0,2.2,3.0,2.38,3.1,3.0,2.33,27,2.3,0.0,2.2,2.25,1.74,3.3,2.41,3.2,31,2.2,3.4,2.5,2.9,2.14,2.25,2.3,16,3.0,1.65,3.0,2.2,3.0,2.8,2.99,1.57,Monaco,Toulouse,Monaco_Toulouse_2009
4,2.35,3.17,1.61,2.88,3.2,2.25,3.0,2.3,2.15,3.7,2.95,2.25,2.25,2.25,3.2,3.0,3.0,3.0,3.2,2.3,3.0,3.27,27,3.5,0.0,1.63,3.0,2.3,2.2,2.19,2.2,31,3.25,2.3,2.3,2.9,1.58,3.6,3.1,16,3.0,2.18,2.25,3.2,3.0,2.9,2.98,1.68,Montpellier,Paris SG,Montpellier_Paris SG_2009
5,7.79,3.97,1.67,3.6,1.5,6.0,1.5,6.5,7.0,1.61,3.4,6.67,6.5,7.5,3.4,3.5,1.5,3.6,1.5,6.5,3.6,1.52,28,1.53,-1.0,1.98,1.44,1.98,7.0,2.11,6.0,32,1.5,6.7,2.25,3.6,1.9,1.6,1.53,18,3.6,1.93,6.5,1.53,3.8,3.5,3.64,1.7,Rennes,Boulogne,Rennes_Boulogne_2009
6,4.7,3.23,1.54,3.0,1.9,3.75,1.9,4.0,4.2,2.03,3.2,4.12,3.75,4.33,3.0,3.1,1.91,3.1,1.9,4.2,3.2,1.92,28,1.91,0.0,3.0,1.91,1.4,3.8,2.33,4.0,32,1.9,4.1,2.5,3.0,2.85,2.05,1.9,17,3.1,1.37,4.2,1.91,3.2,3.0,3.12,1.58,St Etienne,Nice,St Etienne_Nice_2009
7,3.92,3.25,1.52,2.88,2.2,3.0,2.1,3.4,3.75,2.25,2.9,3.44,3.0,3.75,3.0,2.9,2.25,2.9,2.1,3.3,2.9,2.17,28,2.2,0.0,2.5,2.25,1.63,3.3,2.41,3.3,32,2.2,3.3,2.6,2.9,2.29,2.15,2.25,17,3.0,1.55,3.6,2.2,3.1,2.9,2.99,1.56,Valenciennes,Nancy,Valenciennes_Nancy_2009
8,8.54,4.33,1.66,3.75,1.55,6.0,1.45,7.0,7.5,1.5,3.75,7.26,7.0,7.0,3.6,3.75,1.5,3.6,1.44,7.0,3.5,1.46,28,1.5,-1.0,2.14,1.4,1.87,6.8,2.12,7.0,31,1.45,6.0,2.25,3.6,2.03,1.53,1.5,19,3.75,1.8,7.5,1.44,3.7,3.5,3.76,1.75,Bordeaux,Lens,Bordeaux_Lens_2009
9,5.65,3.58,1.64,3.1,1.65,4.5,1.7,4.75,5.5,1.77,3.3,5.06,5.0,5.5,3.4,3.2,1.73,3.25,1.67,5.0,3.3,1.71,27,1.67,-0.5,2.26,1.67,1.75,4.35,2.14,4.33,30,1.75,5.5,2.25,3.25,2.2,1.7,1.72,17,3.3,1.71,4.75,1.8,3.4,3.1,3.29,1.7,Lille,Lorient,Lille_Lorient_2009
10,3.9,3.21,1.53,2.88,2.1,3.2,2.25,3.1,3.5,2.25,3.0,3.46,3.25,3.8,3.0,2.88,2.2,3.0,2.1,3.2,3.0,2.19,29,2.15,0.0,2.5,2.15,1.6,3.25,2.38,3.3,30,2.15,3.6,2.51,3.0,2.36,2.25,2.25,20,3.0,1.53,3.4,2.25,3.1,2.8,2.99,1.6,Lens,Auxerre,Lens_Auxerre_2009
11,4.65,3.33,1.58,3.0,1.9,4.0,1.85,4.0,4.33,2.0,3.15,4.23,3.75,4.33,3.0,3.1,1.8,3.1,1.85,4.2,3.25,1.89,29,1.91,0.0,3.05,1.91,1.41,4.4,2.26,4.5,30,1.8,4.0,2.4,3.1,2.87,2.0,1.9,20,3.2,1.37,4.0,1.83,3.2,3.2,3.16,1.65,Lorient,Montpellier,Lorient_Montpellier_2009
12,12.12,5.5,1.8,4.33,1.3,10.0,1.25,11.0,11.0,1.35,5.0,9.99,8.0,12.0,5.5,4.33,1.22,4.75,1.3,9.0,4.5,1.3,30,1.33,-1.5,1.83,1.3,2.11,10.0,1.94,9.0,31,1.25,9.5,2.03,4.5,1.79,1.27,1.3,21,4.75,2.05,8.5,1.33,4.8,5.0,4.72,1.91,Lyon,Valenciennes,Lyon_Valenciennes_2009
13,3.75,3.18,1.52,2.88,2.2,3.2,2.25,3.0,3.6,2.3,2.95,3.36,3.1,3.5,3.0,3.0,2.2,3.0,2.2,3.3,3.0,2.22,29,2.25,0.0,2.46,2.2,1.6,3.25,2.39,3.2,30,2.2,3.4,2.55,3.0,2.29,2.2,2.2,18,3.1,1.55,3.2,2.25,3.0,2.8,2.97,1.6,Nancy,Monaco,Nancy_Monaco_2009
14,7.0,3.75,1.67,3.3,1.55,5.5,1.6,5.5,7.0,1.67,3.4,5.87,5.5,6.0,3.75,3.4,1.57,3.5,1.6,5.5,3.6,1.6,30,1.62,0.0,4.6,1.57,1.2,5.5,2.09,5.0,31,1.6,6.6,2.2,3.4,4.31,1.53,1.6,20,3.4,1.18,5.5,1.67,3.5,3.25,3.48,1.75,Paris SG,Le Mans,Paris SG_Le Mans_2009
15,2.1,3.35,1.61,3.1,3.6,1.91,3.6,2.0,2.1,4.4,3.3,1.97,1.95,2.0,3.0,3.1,3.6,3.1,3.75,1.95,3.25,3.91,29,4.0,0.5,2.1,3.5,1.9,1.8,2.2,1.95,30,4.1,2.1,2.31,3.2,2.02,4.0,4.0,18,3.1,1.84,1.9,4.0,3.1,3.1,3.16,1.68,Sochaux,Bordeaux,Sochaux_Bordeaux_2009
16,4.75,3.34,1.55,3.0,1.9,3.6,1.9,4.0,4.75,2.01,3.1,4.1,4.0,4.2,3.0,3.1,1.91,3.1,2.0,4.2,3.3,1.93,28,1.91,-0.5,1.96,1.83,2.01,4.0,2.3,4.0,29,1.9,4.1,2.5,3.1,1.89,1.95,1.9,18,3.1,1.97,3.6,1.95,3.15,3.1,3.12,1.61,Toulouse,St Etienne,Toulouse_St Etienne_2009
17,3.5,3.1,1.51,2.9,2.3,3.0,2.4,2.95,3.5,2.45,2.95,3.12,2.9,3.25,3.0,2.88,2.38,2.9,2.2,3.0,3.0,2.37,28,2.38,0.0,2.33,2.3,1.7,2.8,2.42,3.0,30,2.45,3.2,2.55,3.0,2.16,2.25,2.4,17,2.9,1.64,3.25,2.4,3.0,2.75,2.94,1.57,Boulogne,Grenoble,Boulogne_Grenoble_2009
18,5.85,3.6,1.69,3.3,1.6,5.5,1.65,5.0,5.5,1.78,3.5,5.05,5.0,5.0,3.6,3.4,1.62,3.4,1.7,5.0,3.5,1.69,28,1.73,0.0,3.75,1.62,1.26,4.75,2.06,4.75,30,1.65,5.9,2.18,3.4,3.65,1.67,1.67,18,3.4,1.24,4.5,1.7,3.5,3.1,3.4,1.76,Marseille,Lille,Marseille_Lille_2009
19,3.4,3.0,1.52,2.88,2.3,3.0,2.4,2.95,3.4,2.67,2.95,3.0,2.8,3.1,3.0,2.88,2.25,3.0,2.3,2.8,2.9,2.46,30,2.5,0.0,2.1,2.38,1.83,2.95,2.38,2.88,32,2.35,3.2,2.5,3.0,2.02,2.3,2.5,18,2.9,1.73,3.0,2.5,3.0,2.9,2.92,1.57,Nice,Rennes,Nice_Rennes_2009
20,2.1,3.39,1.55,3.1,4.1,1.8,3.6,2.0,2.05,4.15,3.3,1.99,1.91,2.0,3.0,3.1,4.0,3.2,3.4,2.0,3.2,3.85,26,4.0,0.0,1.47,3.6,2.95,1.9,2.34,2.0,32,3.7,1.9,2.58,3.2,1.4,4.2,3.6,15,3.1,2.68,2.0,3.75,3.2,3.2,3.17,1.6,Auxerre,Lyon,Auxerre_Lyon_2009
21,3.53,3.17,1.55,3.0,2.25,3.0,2.2,3.2,3.0,2.4,3.0,3.24,2.88,3.3,3.0,3.0,2.2,3.0,2.2,3.1,3.0,2.3,28,2.35,0.0,2.3,2.25,1.66,3.1,2.36,3.2,33,2.25,3.15,2.53,3.0,2.18,2.5,2.3,16,3.0,1.62,3.1,2.25,3.1,3.0,3.0,1.65,Le Mans,Nancy,Le Mans_Nancy_2009
22,4.15,3.25,1.58,3.0,1.9,3.75,2.0,3.6,4.2,2.15,3.1,3.81,3.6,4.0,3.0,3.1,1.91,3.1,2.0,3.75,3.0,2.04,28,2.1,0.0,2.9,1.95,1.48,3.95,2.27,3.3,33,1.9,3.9,2.46,3.1,2.61,2.05,2.0,15,3.1,1.42,3.6,2.15,3.3,3.0,3.09,1.63,Monaco,Lorient,Monaco_Lorient_2009
23,3.5,3.15,1.54,3.0,2.4,3.2,2.3,3.1,3.4,2.4,3.0,3.21,3.0,3.4,3.0,2.88,2.2,3.0,2.25,3.1,3.0,2.31,26,2.3,0.0,2.31,2.2,1.69,3.1,2.38,3.1,31,2.25,3.05,2.55,3.0,2.18,2.3,2.3,14,2.9,1.62,3.1,2.4,3.0,2.8,2.99,1.62,Montpellier,Sochaux,Montpellier_Sochaux_2009
24,2.55,3.15,1.6,3.0,3.05,2.38,2.9,2.35,2.6,3.3,3.1,2.42,2.4,2.5,3.0,3.0,2.8,3.0,3.0,2.35,3.0,3.02,28,3.0,0.0,1.75,2.7,2.26,2.25,2.23,2.4,33,3.0,2.4,2.46,3.0,1.69,2.88,3.0,16,3.0,2.1,2.3,2.88,3.0,2.88,3.0,1.7,Rennes,Marseille,Rennes_Marseille_2009
25,5.58,3.39,1.62,3.2,1.75,4.5,1.65,5.25,6.0,1.83,3.2,5.06,4.8,5.25,3.1,3.25,1.73,3.25,1.7,4.75,3.3,1.75,26,1.75,0.0,3.8,1.67,1.29,5.5,2.18,4.75,31,1.65,4.8,2.35,3.25,3.5,1.75,1.75,15,3.25,1.26,5.0,1.75,3.4,3.1,3.25,1.68,St Etienne,Boulogne,St Etienne_Boulogne_2009
26,2.29,3.16,1.53,2.88,3.25,2.1,3.2,2.2,2.15,3.75,2.95,2.21,2.2,2.2,3.0,3.0,3.2,3.0,3.3,2.2,3.0,3.42,28,3.6,0.0,1.6,3.1,2.45,2.1,2.39,2.2,33,3.45,2.25,2.56,2.9,1.53,3.75,3.3,16,3.0,2.32,2.2,3.3,3.0,3.0,3.02,1.6,Valenciennes,Paris SG,Valenciennes_Paris SG_2009
27,8.7,4.26,1.74,3.75,1.5,7.0,1.4,7.0,8.5,1.53,3.65,7.59,7.0,7.5,4.33,3.75,1.44,3.6,1.44,7.0,3.75,1.45,27,1.5,-1.0,2.16,1.4,1.79,7.25,2.0,7.5,31,1.45,7.0,2.13,3.75,2.1,1.4,1.5,16,4.0,1.75,7.0,1.44,3.7,3.5,3.88,1.84,Bordeaux,Nice,Bordeaux_Nice_2009
28,3.23,3.02,1.5,2.88,2.4,3.0,2.4,2.95,3.2,2.61,2.85,3.02,2.8,3.2,2.88,2.88,2.25,2.85,2.3,3.0,2.9,2.46,27,2.45,0.0,2.14,2.38,1.8,2.95,2.48,2.88,31,2.45,3.05,2.64,3.0,2.04,2.5,2.45,15,2.9,1.72,2.9,2.5,3.0,2.88,2.92,1.58,Grenoble,Lens,Grenoble_Lens_2009
29,4.37,3.22,1.55,3.0,2.0,3.6,2.0,3.75,3.75,2.15,3.0,3.9,3.6,4.2,3.0,3.1,2.0,3.1,1.9,3.75,3.1,2.02,28,2.0,0.0,2.75,1.95,1.5,3.7,2.36,3.5,32,2.0,3.9,2.62,3.1,2.62,2.15,2.0,15,3.0,1.42,4.0,2.1,3.15,2.88,3.07,1.6,Lille,Toulouse,Lille_Toulouse_2009
30,3.39,3.1,1.5,2.9,2.3,3.0,2.4,2.95,3.0,2.62,3.0,3.05,2.9,3.1,3.0,2.88,2.25,3.0,2.3,3.0,2.9,2.42,27,2.5,0.0,2.27,2.3,1.72,2.7,2.45,3.1,33,2.5,3.1,2.6,2.9,2.15,2.5,2.4,19,2.9,1.65,3.0,2.38,3.1,2.88,2.96,1.55,Boulogne,Auxerre,Boulogne_Auxerre_2009
31,3.1,3.01,1.53,2.9,2.4,2.6,2.5,2.8,2.75,2.81,2.95,2.88,2.62,3.0,3.0,2.88,2.5,2.9,2.5,2.8,2.9,2.56,27,2.6,0.0,2.1,2.5,1.87,2.7,2.38,2.75,32,2.55,2.95,2.5,2.9,1.98,2.75,2.6,18,2.9,1.8,2.8,2.6,3.1,2.9,2.94,1.58,Lens,Rennes,Lens_Rennes_2009
32,4.1,3.17,1.59,3.0,2.2,3.4,2.0,3.75,3.6,2.24,3.0,3.66,3.3,3.8,3.0,3.0,2.0,3.0,2.1,3.6,3.1,2.11,29,2.1,0.0,2.65,2.05,1.55,4.1,2.26,3.3,34,1.9,3.3,2.41,2.9,2.47,2.2,2.1,19,3.0,1.48,3.4,2.2,3.1,3.0,3.03,1.65,Lorient,Le Mans,Lorient_Le Mans_2009
33,10.89,4.74,1.74,4.0,1.33,7.0,1.3,9.0,8.5,1.42,4.25,8.61,8.0,10.0,4.33,4.0,1.4,4.0,1.4,8.0,4.5,1.38,28,1.36,-1.25,1.97,1.33,2.0,8.0,2.02,8.0,33,1.35,9.0,2.11,3.6,1.92,1.4,1.4,19,4.5,1.95,8.0,1.4,4.6,3.75,4.26,1.87,Lyon,Nancy,Lyon_Nancy_2009
34,4.56,3.25,1.56,3.0,2.0,3.75,1.85,4.2,4.33,2.06,3.15,4.13,3.75,4.2,3.0,3.2,1.91,3.1,1.9,4.0,3.1,1.94,27,2.0,0.0,3.1,1.91,1.41,4.35,2.3,4.0,32,1.8,3.9,2.5,2.9,2.86,2.0,1.95,18,3.1,1.37,4.0,1.91,3.1,3.0,3.13,1.62,Nice,Montpellier,Nice_Montpellier_2009
35,3.9,3.19,1.57,3.0,2.3,3.0,2.2,3.2,3.6,2.32,3.0,3.51,3.2,3.6,3.0,3.1,2.2,3.0,2.0,3.4,3.0,2.16,27,2.2,0.0,2.65,2.1,1.56,3.2,2.29,3.4,32,2.2,3.2,2.41,2.9,2.42,2.2,2.15,17,3.0,1.5,3.75,2.1,3.0,3.0,3.03,1.64,Sochaux,Monaco,Sochaux_Monaco_2009
36,6.1,3.55,1.52,3.2,1.75,5.0,1.7,4.8,6.0,1.81,3.15,5.25,4.8,5.5,3.2,3.3,1.67,3.2,1.7,5.25,3.3,1.72,27,1.73,0.0,4.0,1.67,1.29,4.75,2.41,4.75,32,1.75,4.8,2.6,3.3,3.69,1.7,1.7,17,3.25,1.24,4.5,1.73,3.4,3.1,3.28,1.58,St Etienne,Grenoble,St Etienne_Grenoble_2009
37,3.85,3.32,1.73,3.0,2.1,3.2,2.2,3.2,3.6,2.24,3.1,3.47,3.2,3.5,3.25,3.1,2.1,3.0,2.0,3.4,3.2,2.15,28,2.15,0.0,2.6,2.1,1.56,3.2,2.03,3.2,33,2.15,3.5,2.16,3.0,2.4,2.1,2.15,17,3.0,1.5,3.5,2.2,3.15,3.0,3.11,1.77,Marseille,Bordeaux,Marseille_Bordeaux_2009
38,5.5,3.4,1.58,3.2,1.8,4.33,1.8,4.33,5.5,1.91,3.1,4.64,4.33,4.75,3.4,3.25,1.8,3.2,1.75,4.5,3.3,1.82,29,1.83,0.0,3.75,1.73,1.32,4.25,2.26,4.5,34,1.85,4.5,2.43,3.25,3.28,1.7,1.8,19,3.2,1.29,4.33,1.8,3.25,3.0,3.22,1.64,Paris SG,Lille,Paris SG_Lille_2009
39,7.0,4.0,1.57,3.5,1.55,6.0,1.53,6.0,7.0,1.65,3.35,6.26,5.5,6.5,3.75,3.5,1.5,3.5,1.57,6.0,3.75,1.57,28,1.57,0.0,5.3,1.53,1.22,6.45,2.31,6.0,33,1.55,6.5,2.52,3.6,4.64,1.53,1.57,19,3.6,1.16,5.5,1.57,3.5,3.5,3.6,1.65,Toulouse,Valenciennes,Toulouse_Valenciennes_2009
40,15.0,5.6,1.9,4.5,1.27,10.0,1.22,12.0,12.0,1.3,5.0,11.64,10.0,12.0,5.5,5.0,1.25,5.0,1.25,11.0,5.0,1.27,31,1.29,0.0,10.0,1.25,1.05,10.0,1.85,11.0,37,1.25,11.0,2.18,4.5,8.93,1.25,1.25,19,5.0,1.04,11.0,1.25,4.9,4.5,5.02,2.01,Bordeaux,Grenoble,Bordeaux_Grenoble_2009
41,2.0,3.49,1.67,3.2,3.6,1.91,4.0,1.9,2.0,4.45,3.35,1.91,1.83,1.91,3.2,3.1,3.75,3.2,4.0,1.9,3.25,4.11,30,4.2,0.0,1.4,3.75,3.15,1.8,2.11,1.95,36,4.0,2.0,2.25,3.1,1.36,4.0,4.0,18,3.1,2.88,1.9,4.0,3.3,3.0,3.24,1.72,Le Mans,Marseille,Le Mans_Marseille_2009
42,5.5,3.56,1.64,3.2,1.8,4.33,1.75,4.5,5.5,1.84,3.2,4.72,4.33,5.0,3.2,3.2,1.8,3.2,1.8,4.5,3.4,1.79,30,1.75,0.0,3.75,1.73,1.32,4.3,2.16,4.5,36,1.8,4.5,2.38,3.2,3.32,1.75,1.8,18,3.25,1.29,4.33,1.8,3.25,3.0,3.27,1.71,Lille,Sochaux,Lille_Sochaux_2009
43,11.13,5.0,1.82,4.0,1.33,9.0,1.33,9.0,10.0,1.38,4.75,9.43,8.0,9.0,4.75,4.33,1.3,4.0,1.36,9.5,4.5,1.34,30,1.36,0.0,8.0,1.33,1.09,8.5,1.93,9.0,36,1.3,9.0,2.08,4.0,7.02,1.33,1.36,18,4.33,1.07,8.5,1.33,4.6,4.0,4.45,1.91,Lyon,Lorient,Lyon_Lorient_2009
44,3.7,3.21,1.59,3.0,2.2,3.2,2.2,3.2,3.5,2.4,2.9,3.34,3.1,3.4,3.0,3.0,2.2,3.0,2.2,3.2,3.0,2.24,30,2.3,0.0,2.5,2.15,1.62,3.05,2.24,3.3,36,2.35,3.3,2.5,3.0,2.29,2.25,2.25,19,3.0,1.56,3.25,2.2,3.1,2.8,3.01,1.65,Montpellier,Lens,Montpellier_Lens_2009
45,3.5,3.2,1.54,3.0,2.3,3.0,2.2,3.2,3.5,2.47,3.0,3.19,2.88,3.2,3.0,3.0,2.25,3.0,2.3,3.1,3.0,2.33,30,2.4,0.0,2.32,2.25,1.68,3.1,2.37,3.1,36,2.25,3.2,2.61,2.9,2.21,2.25,2.3,19,3.0,1.62,3.1,2.3,3.0,2.88,3.0,1.6,Nancy,Toulouse,Nancy_Toulouse_2009
46,4.5,3.29,1.6,3.1,1.9,3.75,1.95,3.75,4.5,2.1,3.2,3.97,3.5,4.0,3.2,3.1,1.91,3.1,1.9,3.75,3.2,1.98,29,2.0,0.0,3.0,1.95,1.44,3.6,2.22,4.0,35,1.95,4.1,2.5,3.1,2.73,1.9,2.0,18,3.1,1.4,4.0,1.95,3.15,3.0,3.14,1.65,Valenciennes,Boulogne,Valenciennes_Boulogne_2009
47,3.9,3.3,1.52,3.0,2.2,3.25,2.2,3.2,3.5,2.3,3.0,3.47,3.2,3.5,3.0,3.0,2.1,3.0,2.1,3.4,3.1,2.18,29,2.2,0.0,2.55,2.1,1.6,3.2,2.41,3.3,35,2.2,3.4,2.68,3.0,2.39,2.25,2.15,17,3.0,1.52,3.4,2.2,3.0,2.9,3.02,1.58,Auxerre,Nice,Auxerre_Nice_2009
48,2.8,3.15,1.55,2.9,2.9,2.5,2.7,2.6,2.8,3.14,3.1,2.58,2.5,2.6,3.0,2.88,2.6,2.9,2.8,2.6,3.0,2.82,29,2.9,0.0,1.87,2.62,2.1,2.4,2.32,2.5,35,2.8,2.5,2.56,2.9,1.8,2.7,2.8,16,2.9,1.97,2.5,2.88,3.0,2.9,2.97,1.63,Monaco,Paris SG,Monaco_Paris SG_2009
49,6.0,3.65,1.64,3.3,1.65,5.0,1.65,5.25,6.0,1.8,3.35,5.06,4.5,5.0,3.0,3.3,1.67,3.3,1.7,5.0,3.4,1.73,29,1.75,0.0,4.33,1.67,1.29,5.0,2.14,5.0,35,1.65,5.5,2.3,3.2,3.66,1.8,1.7,17,3.25,1.24,5.0,1.7,3.4,3.1,3.32,1.72,Rennes,St Etienne,Rennes_St Etienne_2009
50,1.7,3.86,1.66,3.3,5.0,1.67,5.0,1.65,1.7,6.25,3.4,1.65,1.62,1.67,3.5,3.4,5.0,3.4,5.5,1.65,3.5,5.46,28,5.5,0.0,1.25,5.0,4.6,1.6,2.12,1.67,31,5.5,1.7,2.23,3.25,1.21,5.25,5.25,18,3.4,3.91,1.62,5.0,3.4,3.1,3.45,1.71,Boulogne,Bordeaux,Boulogne_Bordeaux_2009
51,2.22,3.18,1.5,3.0,3.3,2.1,3.4,2.1,2.25,3.88,3.0,2.15,2.1,2.2,3.0,3.0,3.2,3.0,3.4,2.1,3.0,3.51,29,3.6,0.0,1.58,3.2,2.55,2.15,2.48,2.1,32,3.3,2.2,2.72,3.0,1.5,3.5,3.6,18,3.0,2.44,2.1,3.6,3.1,3.0,3.05,1.55,Grenoble,Rennes,Grenoble_Rennes_2009
52,3.94,3.15,1.54,3.0,2.1,3.25,2.1,3.4,4.0,2.25,3.0,3.54,3.2,3.6,3.0,3.0,2.1,3.0,2.1,3.3,3.0,2.14,29,2.2,0.0,2.64,2.1,1.55,3.3,2.34,3.6,32,2.15,3.5,2.51,3.0,2.46,2.1,2.2,18,3.0,1.49,3.4,2.1,3.15,2.9,3.04,1.57,Lorient,Nancy,Lorient_Nancy_2009
53,10.07,4.58,1.78,3.75,1.45,8.0,1.36,8.5,9.0,1.43,3.8,8.3,8.0,8.5,3.8,4.0,1.4,4.0,1.4,8.0,4.2,1.41,28,1.4,-0.75,1.89,1.36,2.04,8.0,1.98,8.0,31,1.4,7.0,2.05,3.8,1.87,1.44,1.4,18,4.0,1.99,8.0,1.4,4.0,3.5,4.06,1.88,Marseille,Montpellier,Marseille_Montpellier_2009
54,3.5,3.25,1.55,2.9,2.4,3.0,2.35,3.0,2.8,2.65,3.0,2.96,2.75,3.1,3.0,2.88,2.25,3.0,2.38,2.8,2.8,2.48,29,2.63,0.0,2.1,2.4,1.83,2.9,2.34,2.88,32,2.35,3.1,2.55,2.9,2.01,2.7,2.5,20,2.9,1.76,3.0,2.5,2.95,2.88,2.97,1.6,Nice,Monaco,Nice_Monaco_2009
55,4.85,3.27,1.54,3.1,1.9,4.0,1.9,4.0,4.75,1.95,3.1,4.34,4.0,4.75,3.0,3.2,1.83,3.1,1.8,4.2,3.2,1.89,29,1.85,-0.5,2.01,1.8,1.95,4.0,2.35,4.33,32,1.9,4.0,2.53,3.1,1.96,1.95,1.9,17,3.1,1.9,4.33,1.83,3.2,3.0,3.15,1.61,Sochaux,Valenciennes,Sochaux_Valenciennes_2009
56,4.5,3.26,1.55,3.1,1.9,3.75,2.0,3.6,4.33,2.1,3.2,3.9,3.6,4.2,3.0,3.1,1.91,3.1,2.0,4.0,3.1,2.01,29,2.0,-0.5,1.86,1.91,2.1,3.6,2.34,3.4,32,1.95,4.0,2.5,3.0,1.81,2.0,1.95,18,3.1,2.06,3.75,2.1,3.2,3.0,3.1,1.6,St Etienne,Auxerre,St Etienne_Auxerre_2009
57,3.4,3.1,1.54,2.9,2.5,2.75,2.4,2.75,2.8,2.76,3.0,2.84,2.62,2.88,3.0,2.88,2.5,3.0,2.6,2.7,3.0,2.57,27,2.6,0.0,2.04,2.5,1.91,2.65,2.35,2.75,31,2.55,2.9,2.55,2.9,1.93,2.7,2.6,17,3.1,1.83,2.6,2.6,3.0,2.8,2.97,1.6,Lens,Lille,Lens_Lille_2009
58,2.7,3.25,1.59,2.9,2.65,2.4,2.8,2.5,2.38,3.0,3.05,2.56,2.5,2.55,3.2,3.0,2.75,3.0,2.6,2.5,3.1,2.8,28,2.88,0.0,1.9,2.62,2.05,2.5,2.25,2.4,32,2.7,2.65,2.39,3.0,1.83,3.0,2.8,17,2.9,1.95,2.6,2.88,3.0,2.9,3.03,1.64,Paris SG,Lyon,Paris SG_Lyon_2009
59,6.0,3.45,1.56,3.2,1.8,4.33,1.75,4.6,5.25,1.83,3.2,4.97,4.5,5.0,3.2,3.3,1.73,3.25,1.7,4.75,3.4,1.75,28,1.75,-0.5,2.2,1.7,1.78,4.25,2.32,4.75,32,1.8,4.5,2.5,3.25,2.12,1.8,1.75,17,3.2,1.77,4.5,1.73,3.25,3.2,3.27,1.63,Toulouse,Le Mans,Toulouse_Le Mans_2009
60,7.0,3.63,1.53,3.3,1.65,5.0,1.65,5.25,7.0,1.7,3.1,5.84,5.5,6.0,3.4,3.4,1.62,3.4,1.57,5.25,3.4,1.64,29,1.67,-0.75,2.05,1.57,1.88,5.2,2.37,5.5,33,1.7,5.5,2.5,3.4,2.01,1.62,1.65,19,3.25,1.85,5.5,1.62,3.4,3.25,3.39,1.6,Auxerre,Grenoble,Auxerre_Grenoble_2009
61,2.5,3.11,1.53,3.0,3.3,2.2,3.0,2.3,2.38,3.5,3.0,2.32,2.25,2.4,3.1,3.0,3.0,3.0,3.2,2.3,3.0,3.18,30,3.2,0.0,2.37,2.88,2.28,2.2,2.39,2.38,34,3.2,2.15,2.52,3.0,1.68,3.2,3.1,22,3.0,2.13,2.2,3.0,3.2,3.0,3.02,1.58,Lorient,Paris SG,Lorient_Paris SG_2009
62,10.0,4.5,1.79,3.75,1.4,8.0,1.4,7.5,10.0,1.47,4.0,8.04,8.0,8.5,4.5,4.2,1.4,4.0,1.36,8.0,4.0,1.41,29,1.44,-1.0,2.15,1.36,1.86,8.5,1.97,7.5,33,1.35,7.5,2.09,4.0,2.06,1.36,1.4,20,4.0,1.79,8.0,1.4,4.3,3.5,4.06,1.86,Lyon,Toulouse,Lyon_Toulouse_2009
63,5.77,3.45,1.59,3.2,1.8,4.5,1.7,4.75,5.5,1.83,3.1,4.99,4.5,4.6,3.0,3.4,1.73,3.25,1.67,4.75,3.1,1.76,29,1.8,-0.75,1.85,1.7,2.09,4.5,2.25,4.75,33,1.8,4.5,2.38,3.25,1.81,1.83,1.75,19,3.3,2.06,5.0,1.7,3.3,3.1,3.27,1.65,Monaco,St Etienne,Monaco_St Etienne_2009
64,6.5,3.57,1.6,3.2,1.75,5.0,1.7,4.8,6.5,1.73,3.2,5.41,4.5,5.5,3.5,3.4,1.67,3.3,1.7,5.0,3.4,1.68,27,1.7,-0.75,1.97,1.7,1.95,5.0,2.22,5.0,31,1.7,4.8,2.35,3.3,1.94,1.6,1.7,18,3.25,1.92,4.33,1.67,3.4,3.1,3.35,1.69,Montpellier,Boulogne,Montpellier_Boulogne_2009
65,4.65,3.2,1.52,3.0,2.0,3.75,2.0,3.75,4.33,2.1,3.0,3.99,3.4,4.0,3.2,3.1,1.91,3.0,1.9,4.0,3.2,1.98,25,2.0,0.0,2.88,2.0,1.45,3.9,2.41,3.75,28,1.95,3.7,2.55,3.1,2.68,1.91,2.0,17,3.0,1.4,4.0,2.0,3.2,3.0,3.09,1.57,Nancy,Sochaux,Nancy_Sochaux_2009
66,1.84,3.52,1.67,3.2,5.0,1.73,4.8,1.7,1.7,5.5,3.2,1.76,1.7,1.8,3.5,3.3,4.5,3.25,4.0,1.75,3.3,4.83,29,4.75,0.5,1.83,4.5,2.15,1.72,2.12,1.73,33,4.8,1.7,2.25,3.2,1.8,5.25,4.75,19,3.25,2.08,1.8,4.75,3.4,3.1,3.29,1.75,Valenciennes,Marseille,Valenciennes_Marseille_2009
67,6.5,3.63,1.68,3.2,1.6,5.5,1.6,5.5,6.5,1.77,3.2,5.46,4.8,5.5,3.5,3.4,1.62,3.3,1.6,5.5,3.4,1.68,28,1.7,-0.75,1.9,1.67,2.03,5.25,2.09,5.0,33,1.65,5.8,2.22,3.3,1.88,1.6,1.67,19,3.4,1.98,5.5,1.67,3.5,3.1,3.36,1.75,Bordeaux,Rennes,Bordeaux_Rennes_2009
68,4.0,3.2,1.58,3.0,2.25,3.25,2.1,3.4,4.0,2.3,2.95,3.44,3.0,3.4,3.2,3.0,2.1,3.0,2.2,3.3,3.1,2.19,27,2.25,0.0,2.6,2.2,1.58,3.35,2.25,3.4,32,2.15,3.15,2.4,3.0,2.37,2.0,2.2,18,3.0,1.52,3.2,2.15,3.1,2.9,3.04,1.67,Le Mans,Lens,Le Mans_Lens_2009
69,6.85,3.75,1.6,3.3,1.65,5.5,1.6,5.75,6.5,1.67,3.3,6.12,5.5,6.0,3.25,3.4,1.62,3.4,1.57,6.0,3.6,1.6,28,1.62,-0.75,2.14,1.57,1.83,5.7,2.22,5.5,33,1.6,5.5,2.35,3.3,2.09,1.67,1.6,18,3.3,1.79,6.0,1.62,3.4,3.1,3.48,1.66,Lille,Nice,Lille_Nice_2009
70,2.62,3.09,1.5,2.9,2.95,2.5,2.7,2.5,2.4,3.23,3.0,2.48,2.5,2.6,3.0,3.0,2.62,3.0,2.8,2.6,3.0,2.95,23,2.9,0.0,1.8,2.62,2.22,2.65,2.43,2.3,30,2.55,2.4,2.5,2.9,1.72,3.2,2.7,14,3.0,2.06,2.5,3.1,3.1,2.88,2.96,1.53,Grenoble,Montpellier,Grenoble_Montpellier_2009
71,1.83,3.55,1.66,3.3,4.3,1.8,4.3,1.8,1.7,5.5,3.4,1.76,1.7,1.75,3.5,3.3,4.0,3.2,4.33,1.8,3.4,4.73,22,5.0,0.0,1.29,4.33,3.95,1.75,2.1,1.73,29,4.25,1.8,2.2,3.2,1.26,5.5,4.5,13,3.2,3.44,1.8,4.75,3.4,3.2,3.35,1.7,Lens,Lyon,Lens_Lyon_2009
72,3.6,3.19,1.58,3.0,2.2,3.0,2.2,3.2,3.6,2.4,3.1,3.28,3.1,3.4,3.0,3.0,2.2,3.0,2.2,3.1,3.0,2.25,24,2.3,0.0,2.39,2.15,1.64,3.3,2.23,3.1,30,2.1,3.3,2.37,3.0,2.26,2.2,2.3,15,3.0,1.58,3.2,2.3,3.1,3.0,3.03,1.65,Nice,Valenciennes,Nice_Valenciennes_2009
73,7.5,3.79,1.62,3.5,1.55,6.0,1.55,6.0,6.5,1.67,3.5,6.39,5.5,7.0,3.25,3.5,1.53,3.5,1.53,6.5,3.5,1.57,24,1.57,0.0,4.85,1.53,1.19,6.8,2.16,6.0,31,1.5,6.0,2.38,3.4,4.38,1.67,1.55,14,3.5,1.16,6.5,1.57,3.7,3.25,3.52,1.7,Paris SG,Nancy,Paris SG_Nancy_2009
74,6.94,3.73,1.56,3.5,1.6,5.5,1.6,5.5,6.5,1.67,3.4,5.84,5.0,6.0,3.5,3.4,1.57,3.4,1.6,6.0,3.5,1.62,24,1.62,0.0,4.85,1.57,1.22,6.25,2.28,5.5,30,1.55,5.7,2.5,3.3,4.15,1.62,1.6,14,3.4,1.19,5.5,1.62,3.5,3.25,3.46,1.62,Rennes,Auxerre,Rennes_Auxerre_2009
75,4.9,3.38,1.62,3.25,2.0,4.0,1.9,4.0,4.0,1.95,2.95,4.32,3.8,4.6,3.33,3.2,1.83,3.1,1.9,4.2,3.1,1.89,24,1.91,0.0,3.25,1.8,1.36,4.2,2.17,4.0,31,1.9,3.7,2.29,3.0,3.01,1.95,1.9,14,3.1,1.33,4.0,1.91,3.2,3.0,3.15,1.68,Sochaux,Le Mans,Sochaux_Le Mans_2009
76,2.05,3.37,1.64,3.2,3.6,2.0,3.8,1.95,1.9,4.33,3.15,1.97,1.95,2.0,3.25,3.2,3.4,3.1,3.6,2.0,3.2,3.92,24,4.0,0.0,1.45,3.4,3.0,1.95,2.14,1.91,30,3.65,2.0,2.25,3.0,1.39,4.33,3.75,14,3.1,2.75,2.0,4.0,3.3,3.0,3.17,1.7,St Etienne,Bordeaux,St Etienne_Bordeaux_2009
77,2.2,3.22,1.54,3.0,3.3,2.1,3.4,2.1,2.2,4.1,3.0,2.1,2.0,2.1,3.0,3.0,3.2,3.0,3.4,2.15,3.1,3.64,23,3.75,0.0,1.5,3.4,2.85,2.1,2.33,2.15,29,3.35,2.2,2.5,2.9,1.46,3.6,3.4,14,3.0,2.52,2.1,3.4,3.1,3.0,3.04,1.62,Boulogne,Lille,Boulogne_Lille_2009
78,7.5,4.0,1.73,3.4,1.5,6.0,1.55,6.0,7.5,1.57,3.55,6.73,6.0,7.0,3.8,3.5,1.5,3.5,1.57,6.5,3.75,1.53,23,1.53,0.0,5.5,1.5,1.17,6.5,2.01,6.5,30,1.5,6.7,2.16,3.5,4.73,1.5,1.55,13,3.5,1.15,5.5,1.53,3.8,3.4,3.61,1.8,Marseille,Monaco,Marseille_Monaco_2009
79,5.0,3.4,1.54,3.25,1.85,4.0,1.8,4.3,5.0,1.91,3.2,4.49,3.8,4.75,3.4,3.2,1.8,3.2,1.8,4.5,3.2,1.83,24,1.85,0.0,3.4,1.8,1.36,4.3,2.34,4.33,31,1.8,4.1,2.5,3.2,3.13,1.75,1.8,14,3.2,1.31,4.0,1.83,3.3,3.2,3.23,1.58,Toulouse,Lorient,Toulouse_Lorient_2009
80,2.15,3.3,1.58,3.0,3.2,2.0,3.6,2.0,2.05,4.03,3.3,2.06,2.0,2.05,3.25,3.1,3.5,3.1,3.5,2.0,3.2,3.67,25,3.8,0.0,1.51,3.4,2.75,2.0,2.27,2.1,32,3.6,2.2,2.45,3.1,1.45,3.8,3.75,15,3.1,2.56,2.0,3.4,3.2,3.0,3.12,1.64,Auxerre,Bordeaux,Auxerre_Bordeaux_2009
81,6.0,3.55,1.58,3.2,1.8,5.0,1.65,5.2,6.0,1.76,3.35,5.32,4.8,5.5,3.2,3.25,1.67,3.3,1.67,5.0,3.4,1.7,24,1.7,0.0,4.35,1.67,1.25,5.1,2.24,5.5,31,1.7,4.4,2.35,3.3,3.86,1.73,1.7,14,3.3,1.22,5.0,1.67,3.3,3.1,3.29,1.66,Le Mans,Boulogne,Le Mans_Boulogne_2009
82,3.93,3.2,1.58,3.0,2.1,3.2,2.1,3.4,3.6,2.21,3.1,3.56,3.4,3.75,3.0,3.0,2.1,3.1,2.0,3.5,3.1,2.12,25,2.1,0.0,2.75,2.0,1.53,3.55,2.23,3.6,32,2.1,3.4,2.37,3.1,2.52,2.2,2.1,16,3.0,1.47,3.5,2.1,3.25,3.0,3.04,1.63,Lille,Rennes,Lille_Rennes_2009
83,12.0,5.25,1.8,4.33,1.3,10.0,1.3,9.0,12.0,1.36,4.5,9.77,8.5,11.0,5.25,4.5,1.25,4.75,1.3,9.0,5.0,1.31,25,1.3,-1.5,1.83,1.29,2.14,8.55,1.94,10.0,32,1.35,9.5,2.05,4.5,1.77,1.27,1.3,15,4.5,2.08,8.5,1.3,4.8,4.5,4.64,1.9,Lyon,Sochaux,Lyon_Sochaux_2009
84,4.0,3.2,1.61,3.0,2.2,3.2,2.1,3.4,4.0,2.25,3.1,3.44,3.2,3.5,3.2,3.1,2.1,3.1,2.1,3.5,3.1,2.15,24,2.2,0.0,2.8,2.1,1.57,3.2,2.19,3.4,31,2.25,3.2,2.38,3.0,2.42,2.0,2.1,16,3.0,1.5,3.4,2.1,3.2,3.0,3.09,1.67,Montpellier,St Etienne,Montpellier_St Etienne_2009
85,2.1,3.33,1.67,3.2,3.4,1.91,3.6,2.0,2.1,4.26,3.2,2.03,1.95,2.05,3.0,3.1,3.6,3.1,3.5,2.0,3.2,3.75,25,3.8,0.0,1.45,3.4,2.77,2.0,2.09,2.05,32,3.75,2.1,2.23,3.1,1.43,4.0,3.75,16,3.1,2.61,2.0,3.6,3.25,3.1,3.14,1.72,Nancy,Marseille,Nancy_Marseille_2009
86,7.5,3.94,1.65,3.4,1.65,6.0,1.55,6.0,6.5,1.62,3.45,6.45,6.0,6.5,3.5,3.5,1.53,3.5,1.5,6.0,3.6,1.56,25,1.57,0.0,5.15,1.5,1.17,7.0,2.13,6.0,32,1.55,5.5,2.33,3.5,4.67,1.62,1.57,16,3.5,1.15,6.5,1.57,3.4,3.25,3.52,1.68,Valenciennes,Grenoble,Valenciennes_Grenoble_2009
87,4.89,3.36,1.59,3.1,2.0,3.75,1.85,4.0,4.33,2.0,3.2,4.2,4.0,4.33,3.0,3.2,1.83,3.1,1.85,4.0,3.2,1.91,25,1.91,0.0,3.2,1.8,1.4,3.8,2.23,4.33,30,2.0,3.8,2.4,3.1,2.91,2.0,1.95,15,3.2,1.35,4.0,1.83,3.15,3.2,3.15,1.68,Lorient,Nice,Lorient_Nice_2009
88,6.0,3.48,1.64,3.3,1.8,5.0,1.7,5.0,6.0,1.8,3.1,5.2,4.5,5.5,3.4,3.25,1.7,3.3,1.67,5.0,3.3,1.73,24,1.73,0.0,4.5,1.67,1.26,6.0,2.14,5.4,29,1.7,4.3,2.29,3.3,3.7,1.67,1.7,16,3.2,1.23,5.0,1.7,3.4,3.0,3.26,1.7,Monaco,Lens,Monaco_Lens_2009
89,3.08,3.06,1.53,2.9,2.6,2.6,2.5,2.7,2.75,2.75,3.0,2.83,2.62,2.88,3.0,3.0,2.5,3.0,2.5,2.7,3.0,2.56,26,2.6,0.0,2.1,2.5,1.85,2.8,2.37,2.8,31,2.55,2.7,2.54,3.0,1.96,2.75,2.6,16,3.0,1.8,2.7,2.5,3.0,2.9,2.97,1.59,Toulouse,Paris SG,Toulouse_Paris SG_2009
90,11.79,5.0,1.87,4.33,1.35,8.0,1.3,9.0,11.0,1.36,4.65,9.58,8.5,11.0,5.0,4.33,1.33,4.5,1.3,9.0,4.5,1.33,31,1.33,-1.5,1.81,1.29,2.14,8.0,1.87,9.0,34,1.35,8.0,1.96,4.5,1.76,1.3,1.33,19,4.6,2.1,9.0,1.33,4.7,4.0,4.49,1.96,Bordeaux,Le Mans,Bordeaux_Le Mans_2009
91,2.1,3.3,1.61,3.1,3.4,2.0,3.75,1.95,2.1,4.33,3.1,1.98,1.91,2.0,3.1,3.2,3.5,3.1,3.75,1.95,3.0,3.9,30,4.33,0.5,2.1,3.6,1.92,2.0,2.2,1.95,33,3.9,2.1,2.33,3.0,2.01,3.75,4.0,20,3.1,1.86,2.0,3.75,3.25,3.0,3.12,1.68,Boulogne,Monaco,Boulogne_Monaco_2009
92,2.24,3.32,1.61,3.1,3.4,2.1,3.3,2.1,2.2,3.65,3.05,2.13,2.05,2.15,3.0,3.1,3.3,3.0,3.5,2.15,3.1,3.48,31,3.6,0.0,1.56,3.2,2.66,2.1,2.22,2.05,34,3.6,2.1,2.38,3.0,1.49,3.6,3.4,20,3.1,2.46,2.0,3.5,3.25,2.88,3.06,1.66,Grenoble,Nancy,Grenoble_Nancy_2009
93,1.75,3.82,1.71,3.4,4.8,1.67,5.25,1.6,1.67,5.82,3.55,1.66,1.6,1.7,3.5,3.4,5.5,3.4,4.5,1.67,3.5,5.33,31,5.25,0.75,1.93,4.8,1.99,1.7,2.05,1.67,34,5.5,1.75,2.16,3.3,1.9,5.75,5.0,20,3.5,1.96,1.7,5.0,3.4,3.0,3.43,1.8,Nice,Lyon,Nice_Lyon_2009
94,5.07,3.48,1.61,3.2,1.85,4.5,1.8,4.2,5.0,1.87,3.4,4.63,4.5,4.75,3.2,3.25,1.73,3.2,1.75,4.5,3.4,1.79,30,1.8,0.0,3.52,1.7,1.32,4.6,2.19,4.2,33,1.85,4.2,2.33,3.25,3.25,1.83,1.8,20,3.25,1.29,4.5,1.83,3.3,3.1,3.25,1.66,Rennes,Montpellier,Rennes_Montpellier_2009
95,3.89,3.2,1.57,3.0,2.1,3.0,2.1,3.4,3.75,2.24,2.9,3.56,3.3,3.75,3.2,3.1,2.1,3.0,2.1,3.4,3.1,2.12,31,2.1,0.0,2.66,2.05,1.54,3.55,2.29,3.2,34,2.2,3.4,2.5,3.0,2.49,2.1,2.15,20,3.0,1.48,3.4,2.2,3.25,3.2,3.04,1.67,Sochaux,Lorient,Sochaux_Lorient_2009
96,5.5,3.46,1.62,3.2,1.8,4.5,1.8,4.33,5.0,1.86,3.2,4.68,4.33,4.75,3.2,3.25,1.73,3.2,1.75,4.5,3.4,1.79,31,1.8,0.0,3.52,1.73,1.3,5.0,2.19,4.33,34,1.75,4.5,2.33,3.2,3.28,1.83,1.8,20,3.2,1.28,4.5,1.8,3.3,3.1,3.25,1.7,St Etienne,Valenciennes,St Etienne_Valenciennes_2009
97,3.2,3.05,1.54,2.9,2.3,3.2,2.5,2.7,3.2,2.72,3.05,2.86,2.62,3.0,3.0,3.0,2.2,3.0,2.38,2.7,2.88,2.54,31,2.63,0.0,2.1,2.5,1.87,2.7,2.35,2.9,34,2.6,3.1,2.63,3.0,1.99,2.4,2.6,19,3.0,1.8,2.9,2.4,3.1,2.8,2.94,1.6,Auxerre,Lille,Auxerre_Lille_2009
98,3.15,3.06,1.54,2.9,2.5,2.8,2.6,2.7,3.0,2.7,3.1,2.85,2.62,3.0,3.0,3.0,2.38,3.0,2.5,2.7,2.88,2.55,30,2.63,0.0,2.14,2.5,1.9,2.8,2.33,2.8,33,2.5,2.8,2.52,2.9,1.98,2.5,2.6,19,2.9,1.8,2.8,2.5,3.1,2.88,2.93,1.61,Lens,Toulouse,Lens_Toulouse_2009
99,4.12,3.2,1.54,3.1,2.1,3.5,2.05,3.4,4.33,2.15,3.1,3.65,3.5,3.75,3.0,3.1,2.0,3.0,2.0,3.6,3.1,2.06,30,2.1,0.0,2.77,1.95,1.48,3.4,2.34,3.6,37,2.15,3.6,2.5,3.1,2.62,2.0,2.1,18,3.1,1.42,3.5,2.05,3.1,3.0,3.08,1.6,Auxerre,Montpellier,Auxerre_Montpellier_2009
100,6.04,3.71,1.66,3.3,1.75,5.0,1.65,5.2,6.0,1.75,3.25,5.46,5.0,6.0,3.6,3.3,1.67,3.3,1.67,5.5,3.4,1.67,31,1.67,-0.75,2.04,1.62,1.89,4.9,2.12,5.0,38,1.75,4.6,2.2,3.3,2.0,1.62,1.65,18,3.3,1.87,5.0,1.7,3.5,3.1,3.34,1.75,Bordeaux,Monaco,Bordeaux_Monaco_2009
101,2.65,3.14,1.56,2.9,2.7,2.5,2.8,2.5,2.63,3.1,3.1,2.51,2.4,2.6,3.0,2.88,2.62,2.9,2.7,2.5,2.9,2.88,30,3.0,0.0,1.83,2.75,2.16,2.65,2.28,2.4,37,2.65,2.6,2.4,2.9,1.75,2.88,2.9,17,2.9,2.06,2.6,3.0,3.0,2.9,2.96,1.62,Boulogne,Nancy,Boulogne_Nancy_2009
102,1.83,3.5,1.61,3.2,4.3,1.8,4.6,1.75,1.75,5.21,3.5,1.79,1.73,1.8,3.4,3.2,4.0,3.2,4.33,1.8,3.25,4.55,31,5.0,0.5,1.83,4.33,2.12,1.8,2.19,1.83,38,4.2,1.8,2.32,3.3,1.79,5.0,4.5,18,3.2,2.08,1.75,4.33,3.4,3.1,3.29,1.67,Grenoble,Lille,Grenoble_Lille_2009
103,3.4,3.02,1.55,2.88,2.3,2.8,2.4,2.95,3.0,2.56,3.0,3.01,3.0,3.1,3.0,2.88,2.38,2.9,2.4,3.0,2.9,2.44,30,2.5,0.0,2.22,2.25,1.76,3.1,2.31,2.88,37,2.35,3.1,2.43,2.8,2.1,2.5,2.4,17,2.9,1.69,3.0,2.5,3.1,2.88,2.93,1.59,Lens,Lorient,Lens_Lorient_2009
104,7.06,3.95,1.73,3.5,1.6,5.5,1.55,6.25,7.0,1.61,3.5,6.22,5.5,6.5,3.8,3.5,1.57,3.5,1.5,6.0,3.5,1.57,31,1.6,-1.0,1.87,1.53,2.09,6.0,2.03,6.0,38,1.6,5.6,2.18,3.5,1.82,1.53,1.57,17,3.4,2.02,6.0,1.57,3.6,3.25,3.51,1.82,Marseille,Toulouse,Marseille_Toulouse_2009
105,2.1,3.37,1.65,3.2,3.6,1.91,3.6,2.0,1.95,4.14,3.3,1.99,1.91,2.0,3.4,3.2,3.6,3.2,3.5,2.0,3.2,3.78,31,4.0,0.5,2.06,3.5,1.87,1.95,2.11,2.0,38,3.8,2.0,2.35,3.1,2.03,4.0,3.6,18,3.1,1.84,2.0,3.6,3.3,3.1,3.17,1.7,St Etienne,Lyon,St Etienne_Lyon_2009
106,4.5,3.27,1.63,3.2,1.9,3.75,2.0,3.6,3.75,2.1,3.2,3.86,3.5,4.0,3.2,3.1,1.91,3.2,2.0,3.6,3.2,1.99,30,2.0,0.0,2.9,1.91,1.45,3.9,2.15,4.0,37,1.95,4.0,2.32,3.1,2.68,2.1,2.0,18,3.1,1.4,3.5,1.95,3.25,3.0,3.13,1.68,Nice,Le Mans,Nice_Le Mans_2009
107,6.28,3.73,1.64,3.5,1.75,5.5,1.6,5.75,6.0,1.71,3.5,5.66,5.0,6.0,3.4,3.4,1.57,3.4,1.6,5.25,3.4,1.64,30,1.67,-0.75,2.04,1.57,1.9,5.8,2.13,5.0,37,1.6,4.6,2.25,3.4,2.01,1.67,1.65,18,3.3,1.86,5.0,1.67,3.5,3.25,3.41,1.7,Rennes,Valenciennes,Rennes_Valenciennes_2009
108,2.84,3.1,1.53,2.9,2.6,2.6,2.7,2.6,2.75,2.98,2.95,2.68,2.5,2.75,3.0,2.88,2.5,3.0,2.7,2.6,3.0,2.71,29,2.75,0.0,1.93,2.62,2.0,2.7,2.37,2.7,35,2.7,2.7,2.57,2.9,1.87,2.75,2.7,16,2.9,1.9,2.6,2.7,3.0,2.9,2.94,1.56,Sochaux,Paris SG,Sochaux_Paris SG_2009
109,3.01,3.1,1.56,2.9,2.65,2.8,2.5,2.7,2.88,2.76,3.05,2.8,2.62,2.9,3.0,3.0,2.38,2.9,2.5,2.7,2.9,2.58,28,2.65,0.0,2.1,2.5,1.86,2.65,2.28,2.7,37,2.65,2.6,2.38,2.9,1.98,2.63,2.65,19,3.0,1.8,2.8,2.6,3.1,2.88,2.98,1.61,Le Mans,Auxerre,Le Mans_Auxerre_2009
110,7.35,3.88,1.69,3.5,1.65,6.0,1.5,6.0,7.0,1.6,3.4,6.36,5.5,6.5,3.6,3.5,1.53,3.6,1.5,6.0,3.8,1.55,28,1.53,-1.0,1.94,1.53,2.04,6.1,2.06,6.5,37,1.6,5.5,2.2,3.6,1.86,1.57,1.55,20,3.75,1.98,6.0,1.53,3.4,3.25,3.57,1.78,Lorient,Boulogne,Lorient_Boulogne_2009
111,12.0,5.2,1.82,4.33,1.27,10.0,1.25,10.0,12.0,1.36,5.2,9.92,8.0,10.0,4.75,4.5,1.25,4.5,1.25,10.0,4.75,1.3,28,1.33,-1.5,1.83,1.3,2.14,8.5,1.92,10.0,36,1.3,11.0,2.05,5.0,1.77,1.3,1.3,19,5.0,2.09,10.0,1.3,4.9,4.5,4.67,1.9,Monaco,Grenoble,Monaco_Grenoble_2009
112,4.01,3.24,1.61,3.1,2.0,3.5,2.0,3.6,3.8,2.17,3.1,3.65,3.3,3.75,3.1,3.1,2.0,3.0,2.0,3.6,3.1,2.07,28,2.1,0.0,2.66,2.0,1.52,3.7,2.19,3.75,37,2.05,3.7,2.3,3.0,2.49,2.1,2.1,20,3.1,1.47,3.6,2.0,3.2,3.0,3.08,1.69,Nancy,St Etienne,Nancy_St Etienne_2009
113,6.54,3.82,1.69,3.4,1.65,5.0,1.6,5.25,5.75,1.7,3.5,5.57,4.8,5.25,3.5,3.4,1.62,3.5,1.67,5.0,3.5,1.63,28,1.7,-0.75,2.14,1.6,1.82,5.8,2.08,5.0,37,1.6,5.5,2.22,3.3,2.1,1.67,1.65,20,3.5,1.78,5.0,1.67,3.4,3.25,3.48,1.75,Paris SG,Nice,Paris SG_Nice_2009
114,4.5,3.31,1.61,3.1,1.9,4.0,1.9,3.75,4.5,2.09,3.2,4.04,3.6,4.2,3.1,3.1,1.83,3.2,1.91,3.75,3.2,1.95,28,1.95,0.0,3.2,1.91,1.45,4.1,2.19,4.2,37,1.9,4.0,2.35,3.0,2.79,1.95,1.95,20,3.25,1.38,4.0,1.91,3.2,3.0,3.13,1.68,Sochaux,Lens,Sochaux_Lens_2009
115,4.0,3.25,1.64,3.0,2.0,3.4,2.1,3.3,4.0,2.21,3.1,3.54,3.2,3.5,3.0,3.1,2.0,3.0,2.1,3.6,3.1,2.13,28,2.2,0.0,2.75,2.1,1.53,3.5,2.14,3.6,37,2.1,3.7,2.3,3.0,2.49,2.1,2.1,20,3.1,1.48,3.4,2.05,3.2,3.0,3.05,1.7,Valenciennes,Montpellier,Valenciennes_Montpellier_2009
116,2.92,3.12,1.6,2.9,2.65,2.5,2.6,2.6,2.6,2.88,3.1,2.68,2.62,2.75,3.1,3.0,2.62,3.0,2.62,2.65,3.0,2.67,28,2.7,0.0,2.01,2.5,1.96,2.45,2.19,2.7,37,2.85,2.6,2.25,2.9,1.89,2.88,2.65,17,3.0,1.88,2.62,2.6,3.1,2.88,2.99,1.65,Lille,Bordeaux,Lille_Bordeaux_2009
117,4.15,3.25,1.68,3.1,1.85,3.75,1.9,3.8,4.0,2.19,3.15,3.71,3.5,3.75,3.2,3.1,1.91,3.2,2.0,3.75,3.2,2.04,28,2.05,0.0,2.8,1.95,1.51,4.0,2.09,3.75,37,1.95,4.2,2.22,3.0,2.56,2.0,1.95,18,3.2,1.44,3.6,2.0,3.3,3.0,3.14,1.76,Lyon,Marseille,Lyon_Marseille_2009
118,3.6,3.1,1.53,2.87,2.2,3.25,2.25,3.0,3.6,2.48,3.1,3.19,3.0,3.4,3.0,2.88,2.1,3.0,2.3,3.1,3.0,2.33,28,2.3,0.0,2.5,2.25,1.69,3.1,2.34,3.1,37,2.3,3.3,2.5,2.9,2.23,2.2,2.3,18,3.1,1.61,3.1,2.38,3.1,2.9,2.96,1.65,Toulouse,Rennes,Toulouse_Rennes_2009
119,5.97,3.72,1.74,3.3,1.8,4.2,1.7,4.5,5.5,1.8,3.5,5.01,4.8,5.0,3.5,3.4,1.75,3.3,1.75,4.75,3.5,1.72,33,1.73,0.0,3.9,1.73,1.3,4.75,2.02,5.0,38,1.8,4.5,2.1,3.3,3.55,1.7,1.73,21,3.4,1.26,5.0,1.7,3.3,3.2,3.4,1.86,Marseille,Paris SG,Marseille_Paris SG_2009
120,3.6,3.2,1.54,2.9,2.1,3.1,2.2,3.1,3.6,2.36,3.3,3.23,3.3,3.4,3.2,3.0,2.2,3.0,2.25,3.2,3.0,2.26,30,2.3,0.0,2.48,2.25,1.66,3.0,2.33,3.2,37,2.4,3.45,2.52,3.0,2.29,2.1,2.25,20,3.1,1.57,3.25,2.25,3.2,2.9,3.05,1.57,Auxerre,Monaco,Auxerre_Monaco_2009
121,10.36,4.5,1.79,4.33,1.45,7.0,1.35,8.0,8.0,1.44,4.05,8.43,9.0,9.0,4.2,4.0,1.4,4.0,1.4,8.0,4.2,1.4,30,1.4,-1.25,1.96,1.33,2.01,8.2,1.96,8.0,37,1.4,7.0,2.05,4.0,1.93,1.44,1.4,19,4.2,1.95,8.5,1.4,4.0,3.75,4.06,1.87,Bordeaux,Valenciennes,Bordeaux_Valenciennes_2009
122,1.52,4.33,1.69,3.6,7.5,1.4,7.0,1.45,1.4,8.5,4.1,1.47,1.5,1.44,4.33,3.6,7.0,3.75,8.0,1.5,4.0,7.24,30,8.0,1.0,1.9,6.5,2.1,1.45,2.07,1.5,37,6.85,1.4,2.25,3.75,1.85,8.5,6.5,19,3.75,2.0,1.44,7.0,4.3,3.75,3.85,1.8,Grenoble,Lyon,Grenoble_Lyon_2009
123,3.4,3.2,1.57,2.9,2.3,2.8,2.4,2.85,3.4,2.5,3.15,3.01,3.0,3.1,3.2,3.0,2.38,3.0,2.4,2.8,2.9,2.39,30,2.5,0.0,2.3,2.4,1.75,2.8,2.26,3.0,37,2.45,3.1,2.5,3.0,2.12,2.2,2.5,19,3.0,1.69,3.0,2.3,3.1,2.88,3.03,1.62,Lens,Nancy,Lens_Nancy_2009
124,8.4,4.16,1.65,3.6,1.5,6.5,1.44,7.0,7.0,1.53,3.7,7.13,6.5,8.0,3.75,3.6,1.44,3.75,1.5,6.5,4.0,1.49,29,1.44,-1.0,1.99,1.5,2.0,8.0,2.14,7.0,36,1.45,6.5,2.25,3.8,1.92,1.53,1.5,18,3.8,1.93,6.5,1.5,3.9,3.6,3.73,1.74,Rennes,Le Mans,Rennes_Le Mans_2009
125,2.75,3.25,1.61,2.9,2.6,2.6,2.6,2.6,2.65,3.0,3.1,2.61,2.6,2.7,3.25,3.0,2.5,3.0,2.75,2.6,3.0,2.72,29,2.75,0.0,1.87,2.7,2.08,2.6,2.19,2.5,35,2.65,2.65,2.32,3.1,1.82,2.65,2.7,19,3.0,1.96,2.5,2.8,3.1,2.9,3.02,1.7,Montpellier,Lille,Montpellier_Lille_2009
126,3.39,3.2,1.6,2.9,2.3,2.8,2.3,2.9,3.2,2.5,3.0,3.09,3.2,3.2,3.2,3.0,2.38,3.0,2.3,3.1,3.0,2.36,29,2.4,0.0,2.28,2.37,1.76,3.2,2.23,3.1,35,2.3,3.1,2.35,3.0,2.15,2.3,2.3,19,3.1,1.67,3.2,2.3,3.1,2.88,3.02,1.68,Nice,Toulouse,Nice_Toulouse_2009
127,3.82,3.2,1.6,3.1,2.1,3.2,2.2,3.1,3.8,2.3,3.1,3.38,3.2,3.5,3.2,3.0,2.1,3.0,2.2,3.4,3.1,2.18,29,2.2,0.0,2.5,2.2,1.56,3.55,2.21,3.3,35,2.1,3.45,2.33,3.1,2.43,2.05,2.15,19,3.1,1.52,3.3,2.2,3.2,3.0,3.07,1.66,St Etienne,Lorient,St Etienne_Lorient_2009
128,2.02,3.39,1.62,3.1,3.6,1.91,3.8,1.9,1.83,4.5,3.2,1.94,1.91,2.0,3.4,3.2,3.75,3.2,3.8,1.95,3.1,3.98,29,4.2,0.5,2.02,4.0,1.94,1.85,2.17,2.0,35,4.35,2.0,2.3,3.2,1.98,4.5,3.75,20,3.2,1.89,1.95,3.6,3.3,3.0,3.19,1.69,Lens,Marseille,Lens_Marseille_2009
129,5.7,3.6,1.62,3.3,1.8,4.0,1.7,4.75,6.0,1.8,3.3,4.97,5.0,5.5,3.4,3.4,1.8,3.4,1.7,4.75,3.5,1.72,30,1.67,-0.75,1.96,1.7,1.96,4.8,2.18,4.5,36,1.75,4.5,2.32,3.4,1.93,1.67,1.7,20,3.3,1.93,5.0,1.75,3.3,3.2,3.35,1.67,Lille,Valenciennes,Lille_Valenciennes_2009
130,8.54,4.14,1.67,3.75,1.5,7.0,1.45,7.0,8.0,1.52,3.9,7.37,7.5,7.5,3.75,3.75,1.4,3.75,1.44,6.5,3.75,1.47,30,1.5,-1.0,2.03,1.44,1.9,7.25,2.11,7.5,36,1.45,7.0,2.23,3.8,2.0,1.5,1.5,19,3.75,1.85,7.5,1.44,3.7,3.75,3.77,1.75,Lorient,Grenoble,Lorient_Grenoble_2009
131,4.88,3.68,1.56,3.2,1.9,4.0,1.75,4.0,5.0,1.86,3.35,4.42,4.2,4.75,3.25,3.2,1.83,3.2,1.8,4.25,3.2,1.82,30,1.85,-0.5,2.12,1.83,1.84,4.1,2.31,4.2,36,1.85,4.1,2.5,3.3,2.11,1.8,1.85,21,3.6,1.78,4.33,1.85,3.2,3.0,3.3,1.61,Paris SG,Auxerre,Paris SG_Auxerre_2009
132,3.95,3.15,1.59,2.9,2.2,3.25,2.2,3.2,3.8,2.28,2.85,3.45,3.3,3.6,3.1,3.1,2.1,3.0,2.15,3.5,3.0,2.18,30,2.2,-0.25,2.06,2.25,1.88,3.5,2.26,3.2,36,2.25,3.4,2.42,3.0,2.01,2.1,2.15,20,3.0,1.85,3.6,2.2,3.0,2.9,3.02,1.64,Sochaux,Nice,Sochaux_Nice_2009
133,9.75,4.35,1.65,3.75,1.5,6.5,1.36,8.5,10.0,1.5,3.7,8.3,7.5,8.5,4.0,4.2,1.5,3.75,1.4,7.5,4.2,1.42,29,1.4,-1.25,1.95,1.44,2.0,8.0,2.14,8.5,35,1.45,7.0,2.26,4.0,1.92,1.4,1.45,19,4.0,1.95,8.5,1.36,3.7,3.25,3.94,1.71,Toulouse,Boulogne,Toulouse_Boulogne_2009
134,3.69,3.2,1.61,2.88,2.2,2.88,2.3,3.0,3.6,2.38,3.1,3.23,3.2,3.4,3.2,3.1,2.25,3.1,2.25,3.0,3.0,2.27,28,2.3,0.0,2.38,2.3,1.61,3.2,2.21,3.1,36,2.25,3.2,2.38,3.0,2.27,2.1,2.3,21,3.0,1.57,3.25,2.25,3.2,3.0,3.04,1.67,Le Mans,St Etienne,Le Mans_St Etienne_2009
135,7.8,4.01,1.69,3.5,1.5,6.0,1.5,6.0,7.5,1.58,4.0,6.54,6.0,6.5,4.0,3.5,1.5,3.75,1.57,6.5,3.7,1.53,30,1.55,-1.0,1.88,1.57,2.04,7.0,2.08,6.5,36,1.45,6.7,2.21,3.6,1.85,1.47,1.5,19,3.75,1.99,6.0,1.53,3.8,3.5,3.65,1.8,Lyon,Rennes,Lyon_Rennes_2009
136,2.15,3.27,1.6,3.2,3.4,2.0,3.4,2.05,1.95,4.14,3.25,2.05,2.0,2.05,3.3,3.2,3.5,3.1,3.8,2.05,3.2,3.66,30,3.75,0.5,2.1,3.5,1.87,2.0,2.23,2.05,36,3.65,2.1,2.39,3.1,2.03,4.1,3.6,20,3.1,1.83,2.0,3.5,3.25,3.0,3.13,1.67,Nancy,Bordeaux,Nancy_Bordeaux_2009
137,1.8,3.62,1.58,3.3,4.3,1.73,4.75,1.7,1.75,5.92,3.3,1.72,1.73,1.75,3.4,3.4,4.5,3.25,4.5,1.75,3.3,4.94,28,5.0,0.75,1.98,4.8,1.97,1.75,2.24,1.67,35,4.8,1.8,2.41,3.2,1.93,5.0,4.75,19,3.3,1.93,1.75,5.0,3.4,3.1,3.34,1.64,Boulogne,Paris SG,Boulogne_Paris SG_2009
138,6.27,3.71,1.61,3.4,1.65,5.0,1.6,5.5,6.0,1.7,3.5,5.45,5.0,6.0,3.4,3.4,1.62,3.4,1.62,5.25,3.4,1.66,30,1.67,-0.75,2.02,1.67,1.91,5.85,2.2,5.0,35,1.6,5.5,2.38,3.5,1.97,1.67,1.65,19,3.4,1.89,5.5,1.67,3.4,3.3,3.44,1.66,Bordeaux,Paris SG,Bordeaux_Paris SG_2009
139,5.7,3.59,1.62,3.3,1.7,4.5,1.65,4.75,6.0,1.81,3.4,4.95,5.0,5.0,3.4,3.25,1.67,3.25,1.75,4.75,3.4,1.73,30,1.75,-0.75,1.88,1.7,2.08,5.0,2.17,4.75,35,1.7,5.0,2.3,3.25,1.83,1.67,1.75,19,3.5,2.04,5.0,1.75,3.4,3.3,3.33,1.68,Montpellier,Le Mans,Montpellier_Le Mans_2009
140,2.16,3.3,1.65,3.2,3.55,2.0,3.4,2.1,1.95,4.0,3.2,2.08,2.05,2.1,3.3,3.1,3.5,3.1,3.6,2.1,3.2,3.58,31,3.6,0.25,1.84,3.4,2.11,2.1,2.13,2.1,36,3.4,2.1,2.28,3.1,1.82,4.0,3.4,20,3.05,2.05,2.1,3.4,3.1,3.0,3.14,1.71,Nice,Marseille,Nice_Marseille_2009
141,5.0,3.41,1.6,3.1,1.85,4.0,1.8,4.33,5.0,1.93,3.25,4.4,4.0,4.33,3.4,3.2,1.83,3.2,1.85,4.25,3.2,1.86,31,1.91,-0.5,2.02,1.91,1.91,4.3,2.21,4.33,36,1.85,4.3,2.33,3.2,1.99,1.75,1.85,20,3.2,1.87,4.5,1.83,3.2,3.0,3.21,1.67,Rennes,Lorient,Rennes_Lorient_2009
142,4.39,3.22,1.53,3.0,2.1,3.5,2.05,3.5,3.8,2.1,3.0,3.81,3.5,3.75,3.1,3.1,2.0,3.1,2.0,3.4,3.1,2.04,31,2.1,-0.5,1.86,2.1,2.07,3.65,2.37,3.6,36,2.1,3.55,2.55,3.0,1.83,2.1,2.1,20,3.05,2.03,4.0,2.05,3.1,3.0,3.07,1.56,St Etienne,Sochaux,St Etienne_Sochaux_2009
143,3.75,3.15,1.57,3.0,2.2,3.2,2.2,3.2,3.4,2.3,3.15,3.34,3.3,3.5,3.1,3.1,2.1,3.0,2.2,3.3,3.1,2.21,31,2.2,0.0,2.5,2.2,1.59,3.35,2.27,3.2,36,2.15,3.3,2.44,3.1,2.36,2.25,2.2,20,3.0,1.53,3.25,2.2,3.1,3.0,3.06,1.62,Valenciennes,Monaco,Valenciennes_Monaco_2009
144,5.0,3.42,1.59,3.3,1.75,4.5,1.75,4.5,5.0,1.93,3.35,4.57,4.33,4.75,3.25,3.3,1.73,3.25,1.75,4.75,3.3,1.81,30,1.83,-0.5,2.02,1.8,1.94,5.1,2.24,4.75,36,1.7,4.7,2.38,3.4,1.95,1.8,1.75,19,3.25,1.88,4.6,1.73,3.4,3.1,3.27,1.64,Auxerre,Nancy,Auxerre_Nancy_2009
145,2.6,3.24,1.6,3.0,2.9,2.5,2.7,2.5,2.5,3.19,3.1,2.49,2.37,2.55,3.0,3.0,2.6,3.0,2.75,2.6,3.1,2.87,30,2.88,0.0,1.8,2.9,2.22,2.65,2.21,2.38,35,2.65,2.45,2.32,3.0,1.74,3.0,2.7,17,3.0,2.06,2.6,3.0,3.1,3.0,3.05,1.68,Boulogne,Lens,Boulogne_Lens_2009
146,2.28,3.13,1.52,3.2,3.55,1.91,3.6,2.0,2.2,3.85,3.1,2.16,1.91,2.1,2.88,3.1,3.75,3.1,3.5,2.1,3.1,3.48,30,3.75,0.0,1.53,3.8,2.66,2.1,2.4,2.15,36,3.5,2.1,2.51,3.0,1.49,3.8,3.4,19,3.1,2.47,2.15,3.3,3.1,3.0,3.06,1.59,Grenoble,Toulouse,Grenoble_Toulouse_2009
147,2.7,3.25,1.59,3.0,2.8,2.38,3.0,2.3,2.4,3.1,3.1,2.47,2.4,2.4,3.2,3.1,2.75,3.0,2.8,2.45,3.1,2.93,30,3.1,0.0,1.88,2.87,2.07,2.35,2.25,2.4,36,3.0,2.5,2.5,3.0,1.79,3.0,2.9,17,3.0,2.01,2.6,2.88,3.1,3.0,3.03,1.64,Lille,Lyon,Lille_Lyon_2009
148,6.6,3.78,1.63,3.4,1.6,5.0,1.65,5.2,6.25,1.7,3.4,5.57,5.0,6.25,3.5,3.4,1.62,3.4,1.62,5.0,3.5,1.65,30,1.62,-0.75,2.06,1.67,1.9,5.5,2.15,5.0,37,1.65,5.8,2.25,3.5,2.0,1.62,1.67,20,3.3,1.86,6.0,1.67,3.5,3.25,3.44,1.73,Lille,St Etienne,Lille_St Etienne_2009
149,5.55,3.53,1.56,3.3,1.8,4.33,1.75,4.6,5.0,1.83,3.4,4.75,5.0,5.0,3.2,3.4,1.73,3.25,1.8,4.75,3.4,1.76,30,1.75,-0.75,1.87,1.75,2.09,4.6,2.3,4.5,37,1.75,4.5,2.56,3.25,1.82,1.83,1.75,19,3.2,2.06,4.75,1.75,3.3,3.2,3.33,1.65,Toulouse,Sochaux,Toulouse_Sochaux_2009
150,3.03,3.15,1.56,3.0,2.5,2.6,2.5,2.8,3.0,2.75,3.1,2.77,2.75,2.88,3.25,2.88,2.5,3.1,2.62,2.6,3.0,2.6,33,2.6,0.0,2.06,2.5,1.89,2.45,2.3,2.8,38,2.75,2.8,2.48,3.0,1.97,2.38,2.6,19,2.9,1.84,2.75,2.6,3.1,3.0,2.99,1.65,Le Mans,Valenciennes,Le Mans_Valenciennes_2009
151,3.77,3.14,1.55,3.0,2.2,3.2,2.2,3.2,3.4,2.3,3.15,3.41,3.25,3.5,3.2,3.0,2.1,3.0,2.2,3.3,3.0,2.19,33,2.25,-0.25,2.03,2.2,1.91,3.55,2.31,3.3,38,2.2,3.3,2.5,3.0,1.98,2.2,2.2,21,3.0,1.89,3.4,2.2,3.1,3.0,3.02,1.62,Lens,Nice,Lens_Nice_2009
152,3.92,3.24,1.52,3.1,2.2,3.4,2.1,3.4,4.0,2.25,3.1,3.57,3.5,3.75,3.2,3.1,2.0,3.1,2.05,3.4,3.1,2.11,33,2.1,-0.25,2.06,2.05,1.88,3.5,2.42,3.6,38,2.1,3.3,2.59,3.0,2.04,2.0,2.1,21,3.0,1.84,3.75,2.05,3.1,3.0,3.08,1.58,Lorient,Auxerre,Lorient_Auxerre_2009
153,18.0,5.8,1.94,5.0,1.3,10.0,1.22,12.0,17.0,1.27,5.5,12.58,12.0,13.0,5.5,5.0,1.22,5.0,1.22,10.0,5.25,1.24,33,1.25,-1.75,1.92,1.22,2.01,10.0,1.81,11.0,38,1.25,9.5,1.86,5.0,1.89,1.22,1.27,20,5.0,1.96,15.0,1.25,4.8,5.0,5.13,2.09,Marseille,Boulogne,Marseille_Boulogne_2009
154,3.04,3.1,1.55,3.1,2.4,2.8,2.4,2.85,2.88,2.76,3.05,2.87,2.8,3.0,3.2,3.0,2.38,2.9,2.5,2.75,2.88,2.53,33,2.63,0.0,2.06,2.4,1.88,2.9,2.32,2.8,38,2.45,2.95,2.5,3.0,2.0,2.5,2.6,18,3.0,1.81,2.88,2.5,3.1,2.88,2.98,1.62,Nancy,Rennes,Nancy_Rennes_2009
155,3.4,3.37,1.69,3.0,2.1,3.2,2.2,3.2,3.4,2.37,3.25,3.19,3.2,3.4,3.25,3.0,2.1,3.0,2.2,3.25,3.1,2.25,32,2.25,0.0,2.42,2.25,1.72,3.25,2.08,3.1,38,2.3,3.4,2.16,3.2,2.26,2.2,2.25,20,3.0,1.6,3.25,2.3,3.25,3.0,3.12,1.81,Lyon,Bordeaux,Lyon_Bordeaux_2009
156,2.95,3.11,1.59,3.1,2.4,2.7,2.4,2.85,3.0,2.82,3.0,2.79,2.8,2.88,3.2,3.0,2.37,2.9,2.5,2.75,3.0,2.6,31,2.63,0.0,2.01,2.4,1.98,2.95,2.23,2.7,37,2.45,2.95,2.41,3.0,1.94,2.4,2.6,18,3.0,1.86,2.88,2.6,3.1,3.0,2.99,1.65,Monaco,Lille,Monaco_Lille_2009
157,6.16,3.88,1.61,3.4,1.7,5.0,1.65,5.2,5.5,1.72,3.45,5.48,5.5,5.5,3.2,3.5,1.61,3.4,1.73,5.0,3.5,1.63,30,1.67,-0.75,2.12,1.61,2.05,5.25,2.21,5.0,36,1.75,5.1,2.35,3.25,2.05,1.75,1.67,19,3.3,1.83,5.0,1.67,3.4,3.25,3.5,1.68,Paris SG,St Etienne,Paris SG_St Etienne_2009
158,5.5,3.53,1.55,3.2,1.85,4.0,1.7,4.75,5.5,1.86,3.3,4.74,4.8,5.0,3.2,3.25,1.75,3.25,1.8,4.4,3.3,1.79,31,1.8,-0.5,2.07,1.75,1.87,4.5,2.32,4.75,37,1.8,4.3,2.55,3.2,2.04,1.75,1.8,20,3.3,1.83,4.75,1.75,3.2,3.3,3.25,1.63,Sochaux,Grenoble,Sochaux_Grenoble_2009
159,4.64,3.39,1.57,3.25,1.95,3.75,1.9,4.0,4.5,2.0,3.1,4.18,4.2,4.33,3.2,3.1,1.9,3.15,1.91,3.85,3.2,1.91,30,1.91,-0.5,2.02,1.83,1.96,4.1,2.28,4.2,37,1.95,3.9,2.54,3.2,1.95,1.9,1.95,19,3.1,1.91,4.0,1.91,3.2,3.0,3.17,1.65,Toulouse,Montpellier,Toulouse_Montpellier_2009
160,3.88,3.22,1.52,3.0,2.0,3.2,2.05,3.5,3.4,2.34,3.2,3.5,3.5,3.75,3.2,3.1,2.1,3.1,2.05,3.75,3.1,2.15,34,2.1,0.0,2.77,2.1,1.62,3.55,2.41,3.5,38,2.05,3.8,2.58,3.0,2.51,2.2,2.0,23,3.1,1.49,4.0,2.1,3.15,3.0,3.08,1.58,Valenciennes,Auxerre,Valenciennes_Auxerre_2009
161,4.6,3.24,1.53,3.1,1.9,3.4,1.95,4.0,4.5,2.1,3.1,3.96,3.9,4.2,3.2,3.1,2.0,3.1,1.91,3.75,3.1,1.99,33,2.0,0.0,3.2,1.95,1.42,3.9,2.35,3.75,38,2.0,4.0,2.51,3.0,2.87,1.9,2.0,21,3.0,1.37,4.5,2.0,3.2,3.0,3.1,1.57,Le Mans,Grenoble,Le Mans_Grenoble_2009
162,2.24,3.3,1.66,3.0,3.4,2.2,3.4,2.1,2.1,3.8,3.3,2.13,2.1,2.1,3.25,3.1,3.0,3.1,3.5,2.1,3.2,3.42,32,3.6,0.0,1.56,3.5,2.66,2.05,2.11,2.1,38,3.45,2.1,2.25,3.2,1.49,3.6,3.4,23,3.0,2.47,2.1,3.4,3.25,3.0,3.15,1.75,Lorient,Marseille,Lorient_Marseille_2009
163,21.21,7.0,2.07,6.0,1.25,10.0,1.18,13.0,19.0,1.23,6.0,14.44,15.0,19.0,6.5,5.5,1.22,6.0,1.18,11.0,6.5,1.19,33,1.17,-2.0,1.95,1.17,2.02,12.0,1.7,13.0,38,1.2,12.0,1.75,5.5,1.87,1.17,1.2,20,5.5,1.98,19.0,1.2,5.0,5.0,5.92,2.2,Lyon,Boulogne,Lyon_Boulogne_2009
164,2.85,3.1,1.56,2.9,2.45,2.62,2.5,2.7,2.5,3.0,3.1,2.7,2.6,2.7,3.0,3.0,2.5,3.0,3.0,2.7,3.0,2.67,31,2.75,0.0,1.95,2.75,2.0,2.85,2.28,2.8,37,2.45,2.9,2.39,2.88,1.88,3.0,2.6,20,3.0,1.92,2.5,2.5,3.1,2.88,2.98,1.61,Monaco,Rennes,Monaco_Rennes_2009
165,2.15,3.3,1.58,3.1,3.2,2.1,3.4,2.1,2.1,4.06,3.3,2.08,2.0,2.1,3.25,3.1,3.2,3.1,3.75,2.1,3.1,3.59,31,3.75,0.5,2.14,3.75,1.84,2.05,2.24,2.1,37,3.45,2.2,2.35,3.0,2.08,3.6,3.4,21,3.0,1.8,2.1,3.4,3.2,3.0,3.13,1.63,Montpellier,Bordeaux,Montpellier_Bordeaux_2009
166,4.0,3.25,1.6,3.0,2.05,3.2,2.05,3.6,3.5,2.16,3.0,3.67,3.7,3.75,3.2,2.88,2.1,3.0,2.05,3.75,3.1,2.09,31,2.1,0.0,2.7,2.05,1.5,3.8,2.2,4.0,37,2.05,3.55,2.35,3.0,2.56,2.15,2.05,20,3.0,1.46,3.75,2.0,3.2,3.0,3.03,1.63,Nancy,Nice,Nancy_Nice_2009
167,7.53,3.93,1.62,3.5,1.6,5.5,1.53,6.0,6.75,1.62,3.5,6.48,6.5,6.5,3.5,3.5,1.57,3.5,1.53,6.0,3.6,1.56,31,1.57,-1.0,1.9,1.53,2.05,6.5,2.17,6.0,37,1.55,5.8,2.3,3.6,1.86,1.6,1.57,22,3.5,1.99,7.0,1.57,3.5,3.25,3.54,1.7,Paris SG,Lens,Paris SG_Lens_2009
168,9.39,4.35,1.7,4.0,1.4,8.0,1.45,7.0,8.5,1.48,4.25,8.2,8.0,8.0,4.0,4.0,1.36,4.0,1.4,8.0,4.0,1.42,33,1.44,-1.25,1.83,1.4,2.11,7.5,2.06,8.0,38,1.4,7.5,2.19,4.0,1.8,1.44,1.4,21,3.75,2.07,9.0,1.4,4.3,3.75,4.0,1.95,Bordeaux,Lorient,Bordeaux_Lorient_2009
169,3.2,3.2,1.5,3.1,2.65,2.6,2.6,2.7,3.2,2.7,3.0,2.85,2.7,2.88,3.0,3.0,2.5,3.0,2.5,2.75,3.0,2.55,33,2.6,0.0,2.2,2.5,1.86,2.85,2.43,2.8,38,2.5,2.65,2.55,2.88,2.03,2.4,2.55,20,2.9,1.79,3.0,2.5,3.0,3.0,2.99,1.54,Grenoble,Nice,Grenoble_Nice_2009
170,5.17,3.5,1.62,3.1,1.85,4.0,1.8,4.33,4.5,1.89,3.35,4.53,4.33,4.75,3.5,3.25,1.8,3.2,1.8,4.5,3.3,1.83,31,1.83,-0.5,2.06,1.83,1.9,4.65,2.19,4.33,37,1.85,4.2,2.29,3.25,2.01,1.8,1.8,22,3.2,1.84,4.75,1.8,3.3,3.2,3.24,1.68,Montpellier,Nancy,Montpellier_Nancy_2009
171,3.78,3.28,1.58,3.0,2.2,3.1,2.1,3.4,3.4,2.25,3.1,3.42,3.25,3.5,3.2,3.1,2.2,3.0,2.1,3.3,3.1,2.17,32,2.2,-0.25,2.08,2.2,1.9,3.3,2.23,3.4,37,2.2,3.2,2.36,3.2,2.03,2.2,2.2,21,3.0,1.84,3.5,2.1,3.2,2.88,3.1,1.64,Rennes,Paris SG,Rennes_Paris SG_2009
172,1.92,3.56,1.64,3.25,4.2,1.8,4.33,1.8,1.8,4.75,3.5,1.85,1.8,1.85,3.4,3.25,4.0,3.2,4.5,1.85,3.4,4.32,32,4.33,0.5,1.92,4.33,2.05,1.85,2.12,1.83,38,4.4,1.85,2.25,3.25,1.86,4.75,4.2,22,3.2,1.99,1.83,4.2,3.3,3.2,3.28,1.73,St Etienne,Marseille,St Etienne_Marseille_2009
173,4.28,3.34,1.63,3.1,2.1,3.75,2.0,3.75,4.2,2.1,3.2,3.88,3.75,4.0,3.2,3.1,1.91,3.1,1.95,3.75,3.2,1.99,33,2.0,-0.5,1.87,2.0,2.07,3.9,2.16,3.75,38,1.95,3.45,2.31,3.2,1.84,1.95,2.0,22,3.0,2.02,4.0,2.0,3.2,3.0,3.15,1.74,Valenciennes,Lens,Valenciennes_Lens_2009
174,4.33,3.3,1.53,3.0,2.1,3.75,2.0,3.75,4.2,2.12,3.2,3.79,3.4,3.75,3.2,3.1,1.91,3.1,2.0,3.75,3.1,2.04,33,2.1,-0.5,1.85,2.15,2.12,3.9,2.37,3.75,38,1.95,3.5,2.55,2.88,1.8,1.95,2.0,22,3.0,2.06,4.33,2.0,3.15,3.0,3.09,1.64,Auxerre,Toulouse,Auxerre_Toulouse_2009
175,11.0,4.75,1.79,4.33,1.45,8.0,1.3,10.0,10.0,1.4,4.4,9.79,9.0,10.0,4.33,4.33,1.33,4.33,1.3,8.5,4.33,1.35,33,1.36,-1.5,1.82,1.33,2.18,9.0,1.96,9.0,38,1.35,7.0,2.04,4.5,1.77,1.36,1.35,22,4.33,2.09,11.0,1.33,4.0,4.0,4.26,1.88,Lille,Le Mans,Lille_Le Mans_2009
176,2.27,3.27,1.62,3.1,3.6,2.0,3.6,2.0,2.1,3.71,3.2,2.15,2.05,2.2,3.25,3.1,3.4,3.1,3.5,2.1,3.1,3.43,33,3.5,0.25,1.93,3.5,2.01,2.15,2.18,2.2,38,3.65,2.0,2.31,3.2,1.89,3.6,3.4,22,3.1,1.97,2.1,3.2,3.3,3.0,3.12,1.77,Monaco,Lyon,Monaco_Lyon_2009
177,4.43,3.41,1.56,3.25,1.9,4.0,1.9,4.0,4.0,2.05,3.25,3.99,4.1,4.0,3.1,3.1,1.83,3.2,1.95,3.6,3.2,1.95,33,2.0,-0.5,1.95,1.95,2.05,3.85,2.3,4.0,38,1.95,4.1,2.44,3.2,1.88,2.05,2.0,25,3.1,1.97,4.0,1.95,3.2,3.0,3.18,1.64,Lens,St Etienne,Lens_St Etienne_2009
178,3.2,3.2,1.56,3.1,2.6,2.6,2.4,2.85,3.0,2.59,3.1,2.95,3.1,3.0,3.2,3.1,2.4,3.0,2.38,2.95,3.0,2.41,32,2.5,0.0,2.23,2.4,1.75,2.9,2.28,2.88,38,2.4,2.7,2.42,3.0,2.1,2.38,2.4,20,3.0,1.71,3.0,2.38,3.0,3.1,3.04,1.6,Le Mans,Monaco,Le Mans_Monaco_2009
179,4.25,3.29,1.58,3.1,2.05,3.75,2.0,3.6,4.2,2.09,3.1,3.86,4.0,4.0,3.0,3.1,1.91,3.1,1.95,3.75,3.2,2.0,32,2.0,-0.5,1.87,2.05,2.09,3.85,2.24,3.75,37,2.0,3.6,2.35,3.2,1.83,2.05,2.0,21,3.1,2.03,4.0,2.0,3.15,3.0,3.12,1.66,Lorient,Valenciennes,Lorient_Valenciennes_2009
180,8.0,4.05,1.68,3.75,1.5,7.0,1.5,6.5,8.0,1.56,3.75,6.93,7.5,7.0,4.0,3.6,1.44,3.75,1.5,6.5,3.75,1.51,32,1.53,-1.0,1.96,1.5,1.97,6.8,2.09,7.0,38,1.5,6.7,2.22,3.6,1.93,1.44,1.5,22,3.6,1.92,7.5,1.5,3.8,3.5,3.68,1.75,Lyon,Montpellier,Lyon_Montpellier_2009
181,8.61,4.3,1.66,4.0,1.45,6.0,1.45,7.0,8.0,1.5,4.0,7.67,8.0,8.5,4.0,3.8,1.5,3.75,1.44,7.5,4.0,1.45,32,1.44,-1.0,2.13,1.44,1.9,7.0,2.12,7.5,38,1.45,7.0,2.26,3.75,2.06,1.44,1.45,22,3.75,1.8,8.0,1.44,4.0,3.4,3.85,1.72,Marseille,Auxerre,Marseille_Auxerre_2009
182,2.2,3.27,1.65,3.1,3.2,2.2,3.6,2.0,2.2,4.02,3.1,2.09,2.1,2.1,3.2,3.1,3.0,3.1,3.75,2.0,3.1,3.58,31,3.75,0.25,1.84,3.75,2.14,2.05,2.12,2.1,38,3.65,2.2,2.25,3.0,1.79,3.4,3.75,23,3.1,2.09,2.05,3.4,3.2,3.0,3.11,1.73,Nancy,Lille,Nancy_Lille_2009
183,6.6,3.85,1.63,3.4,1.65,5.0,1.6,5.5,6.5,1.67,3.55,5.76,6.0,6.0,3.4,3.5,1.62,3.5,1.57,5.5,3.6,1.61,30,1.62,-0.75,2.11,1.67,1.86,5.65,2.16,6.0,38,1.6,5.3,2.38,3.6,2.06,1.62,1.6,21,3.4,1.8,6.0,1.57,3.5,3.25,3.5,1.7,Nice,Boulogne,Nice_Boulogne_2009
184,8.87,4.25,1.62,4.0,1.5,8.0,1.4,8.0,8.0,1.51,3.8,7.75,8.0,8.0,3.75,3.75,1.36,4.0,1.4,7.5,4.0,1.45,33,1.44,-1.0,2.07,1.44,1.9,7.75,2.18,7.5,38,1.45,6.7,2.35,4.0,2.01,1.5,1.42,22,3.8,1.84,8.5,1.44,3.8,3.75,3.89,1.67,Paris SG,Grenoble,Paris SG_Grenoble_2009
185,2.75,3.16,1.5,3.0,2.65,2.7,2.6,2.6,2.63,3.04,3.05,2.59,2.7,2.7,3.0,3.0,2.38,3.0,2.88,2.6,3.0,2.78,33,2.75,0.0,1.91,2.8,2.09,2.55,2.44,2.5,38,2.75,2.65,2.62,3.0,1.82,2.88,2.7,20,3.0,1.99,2.5,2.8,3.0,3.0,3.0,1.53,Sochaux,Rennes,Sochaux_Rennes_2009
186,2.25,3.29,1.57,3.0,3.4,2.2,3.4,2.1,2.15,3.89,3.15,2.13,2.25,2.2,3.2,3.1,3.0,3.1,3.6,2.1,3.1,3.48,33,3.5,0.0,1.55,3.5,2.7,2.0,2.25,2.1,38,3.75,2.1,2.44,3.0,1.49,3.5,3.4,24,3.0,2.49,2.1,3.4,3.25,3.0,3.11,1.62,Toulouse,Bordeaux,Toulouse_Bordeaux_2009
187,2.52,3.32,1.52,3.0,2.85,2.25,2.85,2.4,2.5,3.25,3.0,2.41,2.4,2.38,3.0,3.0,2.88,3.0,3.0,2.4,3.0,3.03,26,3.0,0.0,1.82,2.9,2.17,2.3,2.42,2.3,30,3.2,2.55,2.6,3.0,1.74,3.0,3.0,17,3.0,2.09,2.38,3.1,3.0,3.0,3.02,1.57,Boulogne,Sochaux,Boulogne_Sochaux_2009
188,3.6,3.22,1.59,3.0,2.25,3.0,2.3,3.0,3.6,2.38,2.95,3.16,3.1,3.1,3.1,3.1,2.25,3.0,2.2,3.25,3.0,2.3,29,2.3,0.0,2.5,2.3,1.66,3.25,2.22,2.88,32,2.3,3.2,2.37,3.0,2.28,2.15,2.25,19,3.0,1.6,3.4,2.38,3.05,2.9,3.05,1.66,Monaco,Montpellier,Monaco_Montpellier_2009
189,9.25,4.19,1.62,3.8,1.5,7.0,1.45,7.0,8.0,1.5,3.85,7.88,7.0,8.0,3.75,3.8,1.4,3.75,1.4,7.5,4.0,1.45,32,1.44,-1.0,2.14,1.44,1.83,9.25,2.17,7.5,38,1.4,6.7,2.3,4.0,2.07,1.5,1.47,20,3.75,1.79,8.5,1.44,3.8,3.75,3.85,1.68,Auxerre,Boulogne,Auxerre_Boulogne_2009
190,3.2,3.15,1.5,3.0,2.4,2.75,2.45,2.8,2.7,2.7,3.0,2.97,2.8,3.0,3.1,3.0,2.4,3.0,2.5,3.0,3.0,2.45,33,2.5,0.0,2.2,2.5,1.85,2.8,2.44,3.1,38,2.55,3.05,2.65,2.88,2.08,2.7,2.45,18,3.0,1.74,3.0,2.3,3.0,2.9,2.99,1.55,Grenoble,St Etienne,Grenoble_St Etienne_2009
191,3.34,3.2,1.57,3.0,2.35,2.88,2.3,2.9,3.25,2.45,3.0,3.08,2.9,3.2,3.2,3.1,2.25,3.0,2.25,3.1,3.0,2.36,32,2.38,0.0,2.33,2.37,1.7,3.15,2.27,2.88,38,2.35,3.1,2.38,3.0,2.21,2.25,2.35,20,3.1,1.63,3.25,2.38,3.0,3.0,3.02,1.62,Le Mans,Lorient,Le Mans_Lorient_2009
192,4.7,3.44,1.61,3.25,2.0,4.0,1.9,3.8,4.33,1.96,3.15,4.2,4.0,4.2,3.25,3.25,1.83,3.2,1.91,4.2,3.25,1.88,32,1.91,-0.5,2.03,1.85,1.92,4.2,2.19,4.2,38,1.9,3.7,2.34,3.25,1.98,1.9,1.9,20,3.2,1.88,4.0,1.83,3.2,3.0,3.22,1.68,Lille,Paris SG,Lille_Paris SG_2009
193,4.5,3.36,1.54,3.1,1.9,3.75,1.9,4.0,4.33,2.05,3.05,3.95,3.8,4.0,3.25,3.1,1.91,3.1,2.0,3.9,3.2,1.98,33,2.0,-0.5,1.9,1.95,2.05,4.15,2.33,3.75,38,1.95,4.0,2.51,3.0,1.86,1.9,2.0,20,3.1,2.01,4.0,2.0,3.2,3.0,3.13,1.58,Monaco,Sochaux,Monaco_Sochaux_2009
194,5.6,3.65,1.6,3.3,1.75,4.33,1.7,4.75,5.0,1.8,3.5,4.92,4.8,5.0,3.5,3.4,1.73,3.5,1.73,5.0,3.4,1.73,32,1.75,-0.5,2.2,1.73,1.8,5.2,2.2,4.5,38,1.65,4.7,2.35,3.4,2.13,1.73,1.67,20,3.3,1.76,5.0,1.75,3.4,3.2,3.4,1.65,Montpellier,Nice,Montpellier_Nice_2009
195,2.1,3.36,1.67,3.2,3.6,2.0,3.5,2.0,1.83,4.33,3.2,1.99,2.05,1.91,3.4,3.1,3.5,3.2,4.0,2.05,3.25,3.82,32,4.33,0.5,2.04,3.4,1.9,1.9,2.1,2.1,38,4.2,2.0,2.25,3.2,2.0,4.5,3.6,20,3.15,1.88,1.91,3.4,3.3,3.0,3.16,1.73,Nancy,Lyon,Nancy_Lyon_2009
196,5.73,3.55,1.57,3.3,1.75,4.33,1.7,4.8,5.0,1.8,3.3,4.97,4.8,5.0,3.25,3.3,1.73,3.25,1.67,5.0,3.4,1.74,32,1.75,-0.75,1.9,1.73,2.03,5.2,2.27,4.75,38,1.7,4.7,2.5,3.4,1.88,1.8,1.75,20,3.25,1.99,5.5,1.75,3.4,3.2,3.32,1.61,Rennes,Lens,Rennes_Lens_2009
197,3.85,3.28,1.54,3.0,2.1,3.2,2.1,3.3,3.25,2.25,3.0,3.45,3.25,3.6,3.2,3.2,2.1,3.1,2.1,3.4,3.1,2.14,33,2.15,0.0,2.62,2.2,1.57,3.4,2.35,3.5,38,2.2,3.55,2.51,3.0,2.46,2.25,2.15,20,3.1,1.5,3.6,2.05,3.1,3.0,3.08,1.6,Valenciennes,Toulouse,Valenciennes_Toulouse_2009
198,4.33,3.41,1.64,3.1,2.0,3.5,1.9,3.8,4.33,2.1,3.15,3.85,3.8,4.0,3.25,3.25,2.0,3.2,1.95,3.75,3.2,1.99,32,2.0,-0.5,1.88,1.95,2.07,3.95,2.15,3.8,38,1.95,3.6,2.3,3.2,1.85,1.9,2.0,20,3.2,2.02,4.0,1.95,3.3,3.0,3.18,1.7,Bordeaux,Marseille,Bordeaux_Marseille_2009
199,2.8,3.18,1.53,3.1,2.65,2.5,2.65,2.55,2.8,2.9,3.05,2.62,2.62,2.6,3.1,3.0,2.6,3.0,2.75,2.55,3.0,2.75,34,2.88,0.0,1.95,2.75,2.0,2.65,2.38,2.5,38,2.65,2.6,2.62,3.0,1.86,2.6,2.75,20,3.0,1.93,2.62,2.8,3.1,3.0,3.02,1.58,St Etienne,Rennes,St Etienne_Rennes_2009
200,2.63,3.21,1.65,3.0,2.6,2.3,2.85,2.4,2.6,3.1,3.0,2.47,2.5,2.45,3.2,3.0,2.8,3.0,2.88,2.45,3.1,2.91,33,3.0,0.0,1.8,3.0,2.15,2.5,2.13,2.38,37,2.9,2.7,2.31,3.0,1.74,2.75,2.9,19,3.0,2.03,2.5,3.0,3.0,3.0,3.05,1.7,Boulogne,Valenciennes,Boulogne_Valenciennes_2009
201,1.5,4.27,1.65,4.0,6.5,1.4,7.25,1.4,1.5,8.66,4.25,1.45,1.44,1.44,3.6,3.75,7.0,3.75,8.0,1.45,4.0,7.71,33,8.0,1.0,1.9,8.0,2.09,1.4,2.13,1.44,37,7.4,1.5,2.28,3.75,1.82,8.5,7.5,19,4.0,2.03,1.44,7.5,3.9,3.75,3.88,1.71,Grenoble,Bordeaux,Grenoble_Bordeaux_2009
202,3.42,3.22,1.55,3.1,2.2,2.88,2.25,3.1,3.4,2.41,3.1,3.16,3.1,3.2,3.2,3.1,2.25,3.0,2.3,3.2,3.1,2.3,33,2.3,0.0,2.46,2.4,1.64,3.2,2.33,3.0,37,2.25,3.2,2.52,3.0,2.27,2.2,2.25,20,3.0,1.6,3.2,2.3,3.2,3.0,3.08,1.62,Lens,Montpellier,Lens_Montpellier_2009
203,2.23,3.32,1.65,3.2,3.4,2.0,3.5,2.0,2.05,3.79,3.2,2.1,2.15,2.1,3.25,3.2,3.5,3.2,3.5,2.05,3.2,3.49,33,3.6,0.25,1.92,3.5,2.05,2.0,2.13,2.1,37,3.7,2.1,2.27,3.2,1.85,3.75,3.5,21,3.2,2.02,2.1,3.3,3.25,3.0,3.17,1.73,Lorient,Lyon,Lorient_Lyon_2009
204,12.0,5.25,1.92,4.8,1.35,10.0,1.29,10.0,12.0,1.37,4.75,9.88,11.0,9.5,5.25,4.5,1.25,4.5,1.3,9.0,4.75,1.33,33,1.33,-1.25,2.15,1.3,1.83,9.6,1.82,10.0,37,1.3,8.0,1.91,4.75,2.09,1.27,1.33,19,4.5,1.79,11.0,1.3,4.7,4.5,4.51,2.02,Marseille,Le Mans,Marseille_Le Mans_2009
205,3.2,3.13,1.52,3.0,2.5,2.75,2.5,2.7,3.2,2.71,3.1,2.83,2.88,2.88,3.0,3.0,2.38,3.0,2.5,2.75,3.0,2.55,33,2.6,0.0,2.09,2.62,1.87,2.7,2.38,2.8,37,2.6,2.8,2.63,2.88,2.0,2.38,2.55,17,3.0,1.81,3.0,2.5,3.1,3.0,3.01,1.58,Nice,Auxerre,Nice_Auxerre_2009
206,5.19,3.51,1.6,3.3,1.8,4.0,1.85,4.0,4.33,1.9,3.3,4.48,4.6,4.75,3.25,3.3,1.8,3.2,1.83,4.5,3.3,1.82,33,1.8,-0.5,2.1,1.83,1.9,4.15,2.21,4.0,37,1.85,4.5,2.37,3.25,2.05,1.9,1.8,21,3.25,1.82,4.5,1.85,3.3,3.2,3.29,1.64,Paris SG,Monaco,Paris SG_Monaco_2009
207,2.0,3.44,1.67,3.25,3.7,1.83,4.0,1.85,2.0,4.54,3.25,1.9,1.91,1.91,3.3,3.3,3.75,3.2,4.0,1.9,3.25,4.09,33,4.2,0.5,2.0,4.33,1.96,1.85,2.1,1.85,37,4.3,2.0,2.26,3.2,1.93,3.8,4.0,20,3.2,1.92,1.91,4.0,3.2,3.2,3.24,1.73,Sochaux,Lille,Sochaux_Lille_2009
208,4.65,3.35,1.56,3.2,1.85,4.0,1.9,3.8,4.75,2.0,3.2,4.08,4.2,4.2,3.4,3.25,1.8,3.2,1.83,4.0,3.2,1.92,33,1.95,-0.5,1.95,1.95,2.01,3.9,2.31,3.8,37,1.95,4.2,2.49,3.2,1.9,1.8,1.9,21,3.2,1.95,4.5,1.91,3.3,3.2,3.2,1.61,Toulouse,Nancy,Toulouse_Nancy_2009
209,21.0,6.55,2.06,6.0,1.25,12.0,1.15,15.0,21.0,1.21,5.75,14.97,15.0,17.0,6.0,6.0,1.14,5.5,1.14,14.0,6.5,1.18,32,1.17,-2.0,1.83,1.17,2.11,13.0,1.7,15.0,35,1.2,12.0,1.75,6.5,1.79,1.18,1.2,21,6.0,2.05,19.0,1.17,5.0,6.0,6.0,2.18,Bordeaux,Boulogne,Bordeaux_Boulogne_2009
210,3.1,3.1,1.48,3.0,2.6,2.62,2.5,2.8,3.0,2.78,3.1,2.84,2.8,2.9,3.0,2.88,2.5,2.9,2.62,2.8,2.88,2.57,31,2.7,0.0,2.07,2.5,1.87,2.8,2.51,2.75,36,2.5,2.7,2.75,2.88,2.01,2.5,2.6,17,2.9,1.81,2.88,2.6,3.0,2.88,2.94,1.53,Le Mans,Toulouse,Le Mans_Toulouse_2009
211,9.5,4.23,1.72,4.0,1.5,7.0,1.4,8.0,8.5,1.5,3.65,7.98,7.5,8.0,4.0,4.0,1.44,3.75,1.4,8.0,4.0,1.44,32,1.44,-1.25,1.85,1.4,2.11,7.0,2.05,8.0,36,1.5,6.7,2.17,4.0,1.81,1.44,1.44,22,3.8,2.07,8.5,1.4,3.8,3.5,3.88,1.79,Lille,Lens,Lille_Lens_2009
212,6.86,3.73,1.55,3.4,1.65,6.0,1.55,6.0,6.0,1.68,3.6,6.07,6.0,6.5,3.4,3.5,1.53,3.5,1.57,6.0,3.6,1.6,32,1.57,-0.75,2.07,1.57,1.94,6.25,2.32,6.0,36,1.55,5.5,2.5,3.5,1.99,1.67,1.57,21,3.5,1.88,6.5,1.57,3.4,3.25,3.49,1.61,Monaco,Nice,Monaco_Nice_2009
213,2.3,3.3,1.61,3.1,3.0,2.2,3.2,2.2,2.1,3.68,3.1,2.24,2.2,2.25,3.3,3.1,3.1,3.0,3.4,2.25,3.0,3.27,32,3.5,0.25,1.95,3.1,2.01,2.25,2.21,2.25,36,3.2,2.3,2.36,3.0,1.91,3.5,3.25,22,3.0,1.96,2.2,3.1,3.2,2.88,3.05,1.68,Montpellier,Marseille,Montpellier_Marseille_2009
214,3.23,3.1,1.52,3.0,2.3,2.7,2.4,2.9,2.88,2.61,3.1,2.95,2.9,3.1,3.0,3.0,2.38,2.9,2.5,3.0,2.9,2.46,31,2.5,0.0,2.16,2.37,1.79,3.0,2.39,2.8,36,2.35,3.1,2.5,2.88,2.07,2.6,2.45,19,2.85,1.73,3.0,2.5,3.1,3.0,2.99,1.59,Nancy,Lorient,Nancy_Lorient_2009
215,9.79,4.41,1.73,4.0,1.4,8.0,1.4,7.5,9.0,1.45,3.9,8.48,9.0,9.0,4.2,4.0,1.36,4.0,1.4,8.25,4.2,1.41,32,1.4,-1.25,1.86,1.36,2.11,9.0,2.04,8.0,36,1.4,7.5,2.14,4.0,1.82,1.4,1.4,20,4.0,2.05,9.0,1.4,4.3,3.75,4.0,1.8,Rennes,Grenoble,Rennes_Grenoble_2009
216,5.0,3.36,1.5,3.2,1.8,4.33,1.8,4.5,5.0,1.92,3.2,4.48,4.33,4.75,3.25,3.2,1.73,3.2,1.83,4.25,3.3,1.84,32,1.83,-0.5,2.04,1.8,1.9,4.75,2.45,4.5,36,1.8,4.3,2.62,3.2,1.99,1.8,1.85,21,3.1,1.88,4.5,1.8,3.4,3.2,3.19,1.54,Auxerre,St Etienne,Auxerre_St Etienne_2009
217,5.6,3.59,1.66,3.3,1.7,5.0,1.7,5.0,5.5,1.76,3.2,5.08,5.0,5.25,3.5,3.4,1.7,3.3,1.73,4.75,3.4,1.71,31,1.73,-0.75,1.91,1.7,2.02,5.0,2.1,5.4,35,1.75,5.1,2.26,3.4,1.89,1.67,1.75,19,3.2,1.99,5.0,1.67,3.4,3.0,3.36,1.72,Lyon,Paris SG,Lyon_Paris SG_2009
218,4.25,3.26,1.52,3.1,2.0,3.75,2.0,3.75,4.2,2.12,3.15,3.84,3.75,4.2,3.1,3.1,1.91,3.1,2.0,3.75,3.1,2.0,32,2.0,-0.5,1.86,2.0,2.12,4.0,2.4,3.75,36,1.95,3.9,2.55,3.0,1.83,2.0,2.0,20,3.0,2.04,4.0,2.0,3.1,3.0,3.12,1.55,Valenciennes,Sochaux,Valenciennes_Sochaux_2009
219,2.21,3.34,1.61,3.0,3.3,2.1,3.5,2.05,2.1,3.9,3.2,2.12,2.1,2.15,3.25,3.1,3.2,3.0,3.6,2.1,3.0,3.52,30,3.75,0.25,1.92,3.5,2.05,1.95,2.19,2.05,37,3.9,2.2,2.3,3.0,1.88,3.6,3.6,22,3.1,2.0,2.1,3.6,3.1,3.0,3.11,1.68,Boulogne,Montpellier,Boulogne_Montpellier_2009
220,2.33,3.21,1.48,3.0,3.55,2.0,3.3,2.1,2.1,3.75,3.2,2.16,2.1,2.25,3.1,3.1,3.4,3.0,3.5,2.1,3.0,3.41,30,3.5,0.25,2.0,3.6,1.94,2.05,2.48,2.1,37,3.55,2.1,2.63,3.0,1.96,3.75,3.6,22,3.1,1.9,2.2,3.4,3.1,3.0,3.1,1.5,Grenoble,Auxerre,Grenoble_Auxerre_2009
221,5.15,3.51,1.53,3.2,1.7,4.33,1.8,4.2,4.75,1.88,3.3,4.58,4.8,4.75,3.25,3.25,1.73,3.25,1.8,4.5,3.25,1.8,30,1.83,-0.5,2.09,1.75,1.87,4.85,2.35,4.5,37,1.75,5.2,2.5,3.25,2.0,1.83,1.8,22,3.25,1.84,4.75,1.8,3.3,3.2,3.28,1.58,Lens,Le Mans,Lens_Le Mans_2009
222,1.94,3.51,1.72,3.2,4.1,1.91,3.8,1.9,1.91,4.75,3.45,1.86,1.83,1.83,3.25,3.3,3.6,3.2,4.5,1.9,3.25,4.2,30,4.75,0.5,1.95,4.2,2.01,1.8,2.06,1.83,37,4.25,1.9,2.18,3.25,1.9,4.33,4.0,21,3.2,1.94,1.83,4.2,3.2,3.1,3.26,1.83,Nice,Lille,Nice_Lille_2009
223,5.06,3.4,1.56,3.2,1.75,4.33,1.8,4.2,5.0,1.91,3.4,4.5,4.8,4.75,3.4,3.4,1.73,3.25,1.83,4.5,3.25,1.81,30,1.83,-0.5,2.08,1.75,1.88,4.9,2.28,4.0,37,1.72,4.8,2.41,3.2,2.02,1.75,1.8,22,3.25,1.83,4.5,1.83,3.3,3.2,3.31,1.63,Paris SG,Lorient,Paris SG_Lorient_2009
224,2.5,3.2,1.56,3.0,3.1,2.2,3.1,2.25,2.38,3.37,3.05,2.37,2.37,2.4,3.2,3.1,3.0,3.0,3.2,2.3,2.9,3.05,29,3.25,0.0,1.75,2.9,2.32,2.45,2.29,2.38,37,3.15,2.3,2.5,3.0,1.65,2.63,3.1,21,3.0,2.18,2.3,2.88,3.1,3.0,3.04,1.62,Rennes,Bordeaux,Rennes_Bordeaux_2009
225,3.88,3.25,1.58,3.0,2.2,3.4,2.1,3.3,3.6,2.25,3.0,3.49,3.5,3.6,3.2,3.1,2.0,3.0,2.1,3.6,3.0,2.13,30,2.2,0.0,2.7,2.1,1.55,3.5,2.25,3.4,37,2.15,3.4,2.38,3.0,2.5,2.1,2.1,22,3.1,1.49,3.75,2.1,3.0,3.0,3.1,1.65,Sochaux,Nancy,Sochaux_Nancy_2009
226,9.22,4.5,1.71,4.0,1.45,7.0,1.4,7.0,7.5,1.45,4.35,7.71,7.5,8.0,4.33,4.0,1.4,4.2,1.4,7.5,4.33,1.41,30,1.4,-1.25,1.9,1.4,2.04,8.5,2.06,8.0,37,1.42,7.5,2.16,4.0,1.87,1.44,1.4,23,4.2,2.0,9.0,1.4,3.8,3.75,4.16,1.8,Marseille,Valenciennes,Marseille_Valenciennes_2009
227,3.18,3.2,1.5,3.0,2.7,2.62,2.55,2.65,2.75,2.66,3.1,2.87,2.87,3.0,3.2,3.0,2.38,3.0,2.5,2.8,3.0,2.51,30,2.5,0.0,2.17,2.4,1.82,2.6,2.43,2.7,37,2.65,2.7,2.63,2.88,2.07,2.6,2.5,19,3.0,1.75,3.0,2.6,3.0,3.1,3.02,1.56,St Etienne,Monaco,St Etienne_Monaco_2009
228,2.4,3.25,1.57,3.0,3.05,2.1,3.1,2.2,2.2,3.5,3.25,2.27,2.25,2.25,3.2,3.1,3.2,3.0,3.25,2.25,3.0,3.19,30,3.5,0.0,1.69,3.2,2.38,2.15,2.27,2.3,37,3.25,2.4,2.45,3.0,1.61,3.4,3.25,20,3.1,2.26,2.25,3.0,3.0,3.0,3.09,1.65,Toulouse,Lyon,Toulouse_Lyon_2009
229,3.51,3.23,1.56,3.0,2.4,2.9,2.4,2.9,3.5,2.45,3.0,3.15,3.1,3.25,3.0,3.0,2.3,3.0,2.25,3.0,3.0,2.33,30,2.38,0.0,2.38,2.3,1.72,3.1,2.28,3.1,34,2.35,2.95,2.39,3.0,2.23,2.25,2.4,21,2.95,1.62,3.25,2.3,3.1,2.9,3.03,1.61,Le Mans,Sochaux,Le Mans_Sochaux_2009
230,15.51,5.64,1.95,4.8,1.3,10.0,1.25,11.0,15.0,1.3,5.0,12.69,11.0,13.0,5.5,5.0,1.25,5.0,1.25,11.0,4.75,1.26,31,1.29,-1.5,2.07,1.25,1.91,12.0,1.8,11.0,34,1.25,9.5,1.88,4.75,2.02,1.22,1.25,21,4.75,1.83,15.0,1.25,4.8,4.5,4.95,2.05,Lille,Boulogne,Lille_Boulogne_2009
231,9.0,4.25,1.75,3.75,1.5,8.0,1.35,8.5,9.0,1.52,4.2,7.82,7.5,8.0,4.2,4.0,1.36,4.0,1.4,7.5,4.0,1.44,31,1.44,-1.0,2.06,1.44,1.88,8.0,2.01,8.0,34,1.45,6.7,2.13,4.0,2.0,1.4,1.42,22,4.2,1.84,8.5,1.4,3.8,3.75,3.95,1.83,Lyon,Lens,Lyon_Lens_2009
232,2.52,3.25,1.59,3.0,3.1,2.38,2.8,2.45,2.5,3.21,3.15,2.42,2.4,2.5,3.25,3.0,2.7,3.0,3.0,2.4,3.0,2.95,30,3.0,0.0,1.78,2.9,2.26,2.5,2.22,2.5,34,3.0,2.3,2.35,3.0,1.71,2.8,3.0,19,3.0,2.13,2.38,2.8,3.1,3.0,3.07,1.69,Monaco,Marseille,Monaco_Marseille_2009
233,7.78,4.0,1.74,3.5,1.45,6.0,1.45,6.75,7.5,1.57,3.75,6.76,7.0,7.0,3.8,3.8,1.44,3.75,1.5,6.5,3.75,1.51,31,1.53,-1.0,1.89,1.5,2.06,6.75,2.03,6.0,34,1.5,7.0,2.14,3.6,1.84,1.5,1.5,22,3.75,2.0,7.5,1.5,4.0,3.75,3.75,1.82,Montpellier,Grenoble,Montpellier_Grenoble_2009
234,3.04,3.2,1.52,2.9,2.6,2.62,2.5,2.8,2.75,2.75,3.0,2.83,2.75,2.9,3.2,3.0,2.5,3.0,2.5,2.7,2.9,2.55,31,2.7,0.0,2.05,2.6,1.88,2.85,2.4,2.8,34,2.5,2.65,2.5,3.0,1.99,2.6,2.6,18,2.9,1.82,2.88,2.5,3.1,2.88,2.98,1.57,Nancy,Paris SG,Nancy_Paris SG_2009
235,4.23,3.31,1.58,3.25,2.1,3.6,1.9,4.0,3.6,2.08,3.3,3.89,3.75,4.0,3.25,3.2,1.9,3.2,2.0,3.8,3.2,1.98,30,2.0,-0.5,1.9,1.91,2.07,3.95,2.24,3.8,34,1.9,3.5,2.37,3.0,1.86,2.1,1.95,21,3.1,1.99,4.0,1.95,3.15,3.1,3.17,1.68,Valenciennes,Nice,Valenciennes_Nice_2009
236,3.2,3.2,1.51,2.9,2.5,2.9,2.4,2.85,3.2,2.63,3.1,2.97,2.87,3.1,3.2,3.0,2.3,3.0,2.5,3.0,2.9,2.44,31,2.5,0.0,2.2,2.5,1.83,2.9,2.43,3.0,34,2.4,2.8,2.62,2.88,2.06,2.3,2.4,19,3.0,1.73,3.0,2.38,3.1,2.9,3.01,1.55,Auxerre,Rennes,Auxerre_Rennes_2009
237,10.0,5.0,1.75,4.0,1.45,7.0,1.4,7.5,9.0,1.42,4.4,8.43,9.0,9.0,4.2,4.0,1.36,4.0,1.33,8.0,4.2,1.39,31,1.4,-1.25,1.9,1.36,2.05,9.0,2.01,8.0,34,1.4,7.0,2.12,4.5,1.85,1.4,1.4,20,4.0,2.0,9.0,1.4,4.0,4.0,4.17,1.83,Bordeaux,St Etienne,Bordeaux_St Etienne_2009
238,3.68,3.2,1.57,2.9,2.25,3.25,2.2,3.2,3.25,2.38,3.0,3.29,3.25,3.4,3.2,3.0,2.1,3.0,2.2,3.2,3.0,2.24,31,2.3,-0.25,2.0,2.25,1.96,3.5,2.25,3.2,34,2.15,3.1,2.35,3.0,1.95,2.25,2.25,20,3.0,1.91,3.5,2.25,3.15,2.9,3.06,1.74,Lorient,Toulouse,Lorient_Toulouse_2009
239,3.19,3.21,1.6,3.0,2.3,2.7,2.3,3.0,3.2,2.54,3.1,2.97,3.0,3.1,3.0,3.0,2.4,3.0,2.38,3.0,3.1,2.42,29,2.4,0.0,2.2,2.3,1.81,3.0,2.2,2.8,34,2.35,3.0,2.33,3.0,2.1,2.38,2.4,19,3.0,1.69,3.0,2.5,3.2,3.0,3.05,1.66,Boulogne,Le Mans,Boulogne_Le Mans_2009
240,2.95,3.27,1.61,3.0,2.6,2.7,2.45,2.8,2.8,2.68,3.1,2.8,2.8,2.9,3.25,3.1,2.4,3.0,2.5,2.8,3.1,2.52,29,2.5,0.0,2.05,2.45,1.91,2.75,2.2,2.88,35,2.55,2.65,2.34,3.0,1.99,2.5,2.5,16,3.0,1.82,2.88,2.4,3.1,3.0,3.07,1.67,Grenoble,Valenciennes,Grenoble_Valenciennes_2009
241,3.3,3.27,1.54,3.0,2.3,2.9,2.4,2.85,3.0,2.46,3.15,3.02,2.85,3.0,3.2,3.1,2.3,3.0,2.3,3.0,3.2,2.36,28,2.4,0.0,2.32,2.4,1.7,2.8,2.33,3.0,34,2.45,3.1,2.5,3.0,2.2,2.38,2.35,18,3.0,1.64,3.2,2.3,3.1,2.9,3.08,1.6,Lens,Monaco,Lens_Monaco_2009
242,3.45,3.23,1.59,3.0,2.3,2.88,2.3,3.0,3.0,2.45,3.2,3.08,3.0,2.9,3.2,3.1,2.25,3.0,2.3,3.1,3.1,2.33,29,2.4,0.0,2.4,2.3,1.74,3.0,2.22,2.88,35,2.3,3.1,2.37,3.0,2.2,2.38,2.3,18,3.0,1.63,3.2,2.4,3.1,3.0,3.09,1.65,Nice,Lorient,Nice_Lorient_2009
243,4.5,3.27,1.58,3.2,2.0,3.4,1.95,3.6,4.5,2.1,3.25,3.77,3.6,4.0,3.2,3.1,2.0,3.1,1.95,3.6,3.2,2.01,29,2.0,-0.5,1.9,1.95,2.04,3.5,2.24,3.4,35,2.05,3.7,2.4,3.0,1.87,1.9,2.05,20,3.2,1.98,4.33,2.1,3.2,3.0,3.17,1.62,Paris SG,Toulouse,Paris SG_Toulouse_2009
244,3.6,3.22,1.59,3.0,2.25,3.0,2.2,3.2,3.2,2.31,3.2,3.21,3.2,3.25,3.2,3.1,2.2,3.0,2.2,3.2,3.2,2.24,29,2.25,0.0,2.46,2.2,1.6,3.3,2.23,3.0,35,2.3,3.05,2.35,3.0,2.33,2.3,2.25,20,3.0,1.55,3.4,2.3,3.2,3.0,3.11,1.66,St Etienne,Montpellier,St Etienne_Montpellier_2009
245,8.75,4.18,1.74,4.0,1.4,7.0,1.4,7.5,7.5,1.5,4.0,7.53,7.5,7.0,3.8,3.75,1.4,4.0,1.44,7.0,4.0,1.46,29,1.5,-1.0,2.07,1.4,1.86,7.0,1.95,7.5,35,1.45,7.5,2.12,3.75,2.01,1.5,1.45,20,4.0,1.83,8.0,1.44,4.3,3.75,3.85,1.86,Marseille,Nancy,Marseille_Nancy_2009
246,3.29,3.21,1.61,3.0,2.5,2.9,2.4,2.85,3.2,2.5,3.15,2.98,2.85,2.9,3.2,3.1,2.3,3.0,2.38,3.0,3.1,2.4,29,2.5,0.0,2.26,2.4,1.72,3.05,2.2,2.75,35,2.45,2.8,2.33,3.0,2.13,2.3,2.4,19,3.0,1.67,3.0,2.5,3.1,2.9,3.07,1.68,Rennes,Lille,Rennes_Lille_2009
247,2.23,3.3,1.59,3.0,3.4,1.91,3.2,2.2,2.1,3.8,3.25,2.11,2.2,2.1,3.25,3.1,3.5,3.1,3.6,2.1,3.25,3.48,29,3.6,0.0,1.54,3.2,2.6,2.15,2.24,2.15,35,3.6,2.1,2.43,3.0,1.49,3.6,3.5,20,3.0,2.47,2.1,3.3,3.25,3.2,3.15,1.67,Sochaux,Lyon,Sochaux_Lyon_2009
248,4.5,3.33,1.55,3.0,2.0,4.0,1.9,4.0,4.33,2.12,3.3,4.01,3.8,4.2,3.0,3.1,1.83,3.2,1.91,4.25,3.25,1.96,31,1.91,-0.5,1.86,2.0,2.07,4.5,2.28,4.0,35,1.8,3.7,2.41,3.2,1.83,2.0,1.85,20,3.1,2.03,4.0,1.95,3.2,3.0,3.14,1.6,Lorient,Sochaux,Lorient_Sochaux_2009
249,11.44,5.0,1.8,4.0,1.3,8.0,1.3,9.0,10.0,1.37,4.35,9.5,11.0,10.0,4.75,4.5,1.29,4.5,1.3,9.0,4.75,1.34,31,1.33,-1.25,2.05,1.33,1.91,9.0,1.95,8.5,35,1.35,9.5,2.05,4.75,2.0,1.33,1.33,20,4.5,1.86,11.0,1.33,4.8,4.5,4.48,1.93,Lyon,Nice,Lyon_Nice_2009
250,8.95,4.4,1.65,3.6,1.45,7.0,1.4,7.5,8.0,1.48,4.2,7.81,8.0,8.0,4.0,4.0,1.36,3.75,1.4,7.5,4.0,1.43,30,1.44,-1.0,2.08,1.44,1.86,7.75,2.12,8.0,34,1.4,7.0,2.25,4.0,2.03,1.44,1.45,20,4.0,1.79,8.5,1.4,4.0,4.0,4.01,1.75,Monaco,Boulogne,Monaco_Boulogne_2009
251,3.5,3.16,1.51,3.0,2.2,3.0,2.2,3.2,3.25,2.41,3.1,3.2,2.9,3.25,3.2,3.1,2.2,3.0,2.3,3.2,3.0,2.29,31,2.38,0.0,2.33,2.4,1.69,3.5,2.41,3.0,35,2.1,3.25,2.62,3.0,2.23,2.25,2.25,19,3.0,1.62,3.2,2.3,3.15,3.0,3.03,1.58,Montpellier,Rennes,Montpellier_Rennes_2009
252,5.6,3.65,1.6,3.3,1.7,5.0,1.65,5.0,5.5,1.79,3.5,5.08,4.5,5.0,3.5,3.4,1.62,3.3,1.73,4.75,3.5,1.7,31,1.73,-0.75,1.91,1.75,2.07,5.2,2.2,5.0,35,1.65,5.0,2.35,3.4,1.87,1.67,1.73,20,3.4,1.99,5.0,1.67,3.4,3.3,3.39,1.68,Nancy,Grenoble,Nancy_Grenoble_2009
253,4.5,3.36,1.51,3.0,1.9,4.0,1.9,4.0,4.33,2.05,3.25,4.01,3.8,4.0,3.25,3.1,1.83,3.1,1.91,4.2,3.2,1.95,31,2.0,-0.5,1.91,2.0,2.02,4.3,2.42,4.0,35,1.85,4.0,2.63,3.2,1.87,1.91,1.9,20,3.1,1.99,4.0,1.95,3.2,3.0,3.14,1.55,Toulouse,Lens,Toulouse_Lens_2009
254,3.6,3.23,1.57,3.1,2.1,3.2,2.2,3.2,3.4,2.28,3.0,3.33,3.1,3.5,3.1,3.1,2.1,3.0,2.2,3.3,3.0,2.21,29,2.25,-0.25,2.01,2.25,1.96,3.4,2.26,3.1,34,2.2,3.5,2.38,3.0,1.97,2.25,2.2,20,3.0,1.89,3.4,2.25,3.2,3.0,3.06,1.64,Valenciennes,St Etienne,Valenciennes_St Etienne_2009
255,6.5,3.76,1.63,3.3,1.6,5.0,1.65,5.0,6.0,1.67,3.4,5.72,6.0,6.0,3.33,3.5,1.62,3.4,1.57,5.25,3.6,1.62,30,1.62,-0.75,2.11,1.6,1.86,5.5,2.14,5.5,35,1.65,5.8,2.28,3.6,2.05,1.67,1.65,19,3.4,1.82,6.0,1.62,3.5,3.3,3.49,1.68,Lille,Auxerre,Lille_Auxerre_2009
256,2.77,3.2,1.61,2.9,2.65,2.5,2.7,2.5,2.75,2.88,3.15,2.61,2.7,2.63,2.88,3.1,2.6,3.0,2.75,2.6,3.0,2.71,30,2.88,0.0,1.91,2.6,2.03,2.55,2.17,2.6,35,2.7,2.6,2.32,3.0,1.87,2.8,2.7,17,3.0,1.95,2.62,2.6,3.1,3.0,3.05,1.68,Paris SG,Marseille,Paris SG_Marseille_2009
257,4.69,3.3,1.51,3.2,1.85,4.0,1.85,4.2,4.0,2.0,3.2,4.22,4.2,4.5,3.2,3.1,1.83,3.1,1.91,4.2,3.1,1.9,32,1.91,-0.5,1.96,1.83,2.0,4.65,2.41,4.5,37,1.8,4.0,2.62,3.2,1.91,2.0,1.9,22,3.1,1.94,4.0,1.83,3.4,3.0,3.16,1.57,Auxerre,Valenciennes,Auxerre_Valenciennes_2009
258,1.51,4.2,1.73,3.75,7.0,1.4,7.0,1.45,1.5,8.5,4.3,1.46,1.44,1.44,3.75,4.0,7.0,3.75,8.0,1.45,4.2,7.39,32,7.5,1.0,1.9,7.5,2.09,1.4,2.04,1.44,37,7.25,1.45,2.11,3.75,1.84,8.0,7.5,22,3.75,2.01,1.44,7.0,4.0,3.75,3.92,1.85,Boulogne,Lyon,Boulogne_Lyon_2009
259,3.46,3.24,1.52,3.0,2.1,3.0,2.3,3.0,3.25,2.37,3.15,3.16,3.2,3.3,3.1,3.1,2.25,3.0,2.25,3.2,3.1,2.28,32,2.3,0.0,2.4,2.25,1.69,2.95,2.39,3.1,37,2.35,3.4,2.55,3.0,2.24,2.3,2.25,21,3.0,1.61,3.25,2.25,3.25,2.88,3.08,1.62,Lens,Paris SG,Lens_Paris SG_2009
260,3.75,3.25,1.57,3.0,2.0,3.0,2.25,3.1,3.75,2.31,3.1,3.3,3.25,3.4,3.1,3.1,2.2,3.1,2.1,3.2,3.1,2.21,31,2.25,-0.25,2.05,2.2,1.93,3.15,2.26,3.1,37,2.25,3.6,2.48,3.2,1.97,2.1,2.2,21,3.0,1.88,3.5,2.25,3.3,3.0,3.08,1.62,Nice,Nancy,Nice_Nancy_2009
261,4.96,3.43,1.59,3.25,1.85,4.0,1.85,4.2,4.5,1.92,3.1,4.44,4.2,4.6,3.2,3.2,1.8,3.2,1.83,4.2,3.2,1.84,31,1.85,-0.5,2.08,1.83,1.9,4.3,2.21,4.33,36,1.9,4.1,2.3,3.25,2.01,1.9,1.85,22,3.1,1.84,4.5,1.83,3.3,3.2,3.2,1.69,Rennes,Monaco,Rennes_Monaco_2009
262,3.3,3.15,1.49,3.0,2.3,3.0,2.3,3.0,3.0,2.5,3.2,3.08,2.9,3.2,3.0,3.0,2.2,3.0,2.38,3.1,3.1,2.35,32,2.35,0.0,2.22,2.38,1.77,3.15,2.46,3.0,37,2.2,3.1,2.72,3.0,2.14,2.5,2.3,20,3.0,1.67,3.0,2.38,3.1,3.0,3.04,1.55,Sochaux,Toulouse,Sochaux_Toulouse_2009
263,2.39,3.2,1.59,3.0,3.0,2.1,3.2,2.2,2.3,3.5,3.15,2.23,2.15,2.25,3.1,3.1,3.1,3.1,3.25,2.2,3.1,3.27,31,3.4,0.0,1.69,3.4,2.42,2.25,2.22,2.2,36,3.1,2.3,2.38,3.0,1.6,3.25,3.2,21,3.0,2.27,2.25,3.2,3.2,3.1,3.08,1.65,St Etienne,Lille,St Etienne_Lille_2009
264,6.96,3.98,1.71,3.6,1.6,5.5,1.55,5.75,6.0,1.63,3.6,6.03,6.0,6.5,3.6,3.6,1.57,3.5,1.57,6.0,3.6,1.58,32,1.57,-1.0,1.86,1.53,2.09,6.25,2.06,5.4,37,1.55,5.6,2.18,3.6,1.82,1.62,1.57,22,3.5,2.03,6.0,1.62,3.6,3.25,3.57,1.8,Bordeaux,Montpellier,Bordeaux_Montpellier_2009
265,3.28,3.18,1.52,3.0,2.5,2.6,2.45,2.8,3.25,2.5,3.0,2.95,2.9,3.0,3.0,3.0,2.5,2.9,2.38,2.9,3.0,2.43,32,2.5,0.0,2.3,2.4,1.76,2.95,2.39,2.8,36,2.45,2.8,2.62,3.0,2.14,2.38,2.5,20,3.0,1.7,3.0,2.5,3.1,3.0,3.03,1.56,Grenoble,Le Mans,Grenoble_Le Mans_2009
266,8.6,4.29,1.88,3.75,1.45,6.0,1.45,7.0,7.0,1.5,4.0,7.47,7.5,7.5,4.0,3.8,1.44,3.75,1.44,7.5,4.2,1.46,32,1.44,-1.0,2.09,1.44,1.86,7.0,1.86,7.5,37,1.45,7.0,1.94,3.75,2.03,1.5,1.45,22,3.75,1.81,8.0,1.44,4.0,3.75,3.87,1.96,Marseille,Lorient,Marseille_Lorient_2009
267,7.5,3.82,1.65,3.6,1.6,6.0,1.53,6.0,7.0,1.62,3.6,6.41,6.0,7.5,3.6,3.5,1.5,3.5,1.53,6.5,3.7,1.56,22,1.5,-0.75,2.11,1.53,1.84,6.3,2.12,6.0,28,1.55,5.6,2.23,3.6,2.06,1.57,1.55,15,3.6,1.8,7.0,1.53,3.6,3.5,3.58,1.72,Bordeaux,Auxerre,Bordeaux_Auxerre_2009
268,3.73,3.16,1.61,3.0,2.05,3.2,2.2,3.2,3.4,2.26,3.1,3.38,3.4,3.6,3.0,3.0,2.1,3.0,2.2,3.3,3.0,2.19,23,2.2,-0.25,2.05,2.15,1.93,3.3,2.2,3.2,30,2.2,3.5,2.35,3.0,2.0,2.3,2.2,10,3.0,1.87,3.5,2.2,3.25,3.0,3.06,1.7,Le Mans,Nice,Le Mans_Nice_2009
269,4.25,3.21,1.56,3.1,2.0,3.75,1.9,3.8,4.33,2.11,3.2,3.84,3.8,4.0,3.0,3.0,1.83,3.1,2.0,4.0,3.2,2.01,8,2.0,-0.5,1.86,1.95,2.11,3.9,2.27,3.75,30,1.95,3.6,2.46,3.0,1.82,2.0,1.95,10,3.2,2.04,4.0,2.0,3.3,3.2,3.11,1.6,Lorient,Lens,Lorient_Lens_2009
270,10.78,4.64,1.74,4.0,1.4,8.0,1.35,8.5,10.0,1.42,4.3,8.77,9.0,10.0,4.75,4.0,1.33,4.0,1.33,8.0,4.33,1.37,9,1.36,-1.25,1.95,1.36,1.99,9.0,2.02,8.5,30,1.35,7.5,2.15,4.5,1.93,1.33,1.4,10,4.2,1.94,10.0,1.36,4.3,4.0,4.23,1.82,Lyon,St Etienne,Lyon_St Etienne_2009
271,2.33,3.22,1.6,3.1,3.2,2.2,3.3,2.1,2.25,3.52,3.2,2.21,2.15,2.25,3.2,3.0,3.0,3.0,3.4,2.2,3.0,3.31,7,3.5,0.25,2.0,3.3,1.95,2.25,2.18,2.2,29,3.4,2.2,2.35,3.0,1.95,3.25,3.3,10,3.1,1.92,2.2,3.2,3.2,3.0,3.07,1.65,Monaco,Bordeaux,Monaco_Bordeaux_2009
272,4.33,3.25,1.52,3.1,2.0,3.75,1.9,4.0,4.5,2.1,3.25,3.9,3.8,4.2,3.2,3.1,1.91,3.1,1.95,3.75,3.1,1.99,8,2.0,-0.5,1.86,1.95,2.1,3.8,2.39,3.6,30,1.95,3.7,2.59,3.0,1.83,1.91,2.0,10,3.1,2.03,4.33,2.0,3.25,3.0,3.13,1.55,Montpellier,Auxerre,Montpellier_Auxerre_2009
273,6.25,3.6,1.59,3.4,1.75,5.0,1.6,5.5,5.25,1.74,3.4,5.41,5.0,5.5,3.4,3.3,1.62,3.4,1.67,5.25,3.5,1.66,8,1.67,-0.75,1.99,1.67,1.95,5.45,2.2,5.0,30,1.65,4.6,2.36,3.4,1.96,1.73,1.65,10,3.4,1.9,5.5,1.67,3.5,3.3,3.42,1.65,Nancy,Boulogne,Nancy_Boulogne_2009
274,5.59,3.45,1.54,3.25,1.85,4.5,1.75,4.5,5.5,1.83,3.3,4.76,4.6,5.25,3.3,3.3,1.73,3.3,1.73,4.75,3.3,1.76,8,1.75,-0.75,1.89,1.75,2.07,4.5,2.34,4.5,29,1.8,4.2,2.6,3.25,1.84,1.73,1.75,6,3.25,2.03,5.0,1.75,3.3,3.1,3.31,1.6,Paris SG,Sochaux,Paris SG_Sochaux_2009
275,12.74,5.31,1.91,4.8,1.27,9.0,1.25,10.0,10.0,1.33,4.75,10.65,9.0,12.0,4.75,4.5,1.22,4.75,1.25,9.0,4.75,1.3,7,1.3,-1.5,1.9,1.29,2.05,9.55,1.83,10.0,28,1.3,11.0,1.95,5.0,1.85,1.33,1.3,11,5.0,2.0,12.0,1.3,4.9,5.0,4.68,2.0,Lille,Grenoble,Lille_Grenoble_2009
276,2.26,3.26,1.62,3.2,3.4,2.0,3.6,2.0,2.2,3.71,3.25,2.12,2.1,2.15,3.2,3.0,3.4,3.1,3.5,2.1,3.1,3.45,7,3.6,0.5,2.28,3.3,1.77,2.18,2.18,2.1,28,3.5,2.1,2.33,3.2,2.19,3.4,3.5,8,3.1,1.72,2.1,3.4,3.25,3.0,3.13,1.68,Toulouse,Marseille,Toulouse_Marseille_2009
277,3.25,3.19,1.59,3.0,2.3,3.0,2.3,3.0,3.0,2.54,2.95,3.03,2.9,3.25,3.0,3.0,2.2,3.0,2.38,3.0,3.0,2.37,8,2.38,0.0,2.16,2.4,1.8,3.15,2.23,3.0,30,2.35,3.0,2.41,3.0,2.1,2.5,2.35,10,3.0,1.7,3.0,2.3,3.2,3.0,3.05,1.65,Valenciennes,Rennes,Valenciennes_Rennes_2009
278,7.29,3.91,1.6,3.6,1.55,6.0,1.53,6.0,6.5,1.64,3.45,6.31,5.5,6.5,3.6,3.6,1.53,3.6,1.57,6.0,3.6,1.57,23,1.57,-0.75,2.18,1.57,1.8,6.75,2.2,6.5,33,1.55,6.5,2.36,3.6,2.11,1.57,1.55,9,3.6,1.78,6.0,1.53,3.5,3.3,3.57,1.67,Auxerre,Le Mans,Auxerre_Le Mans_2009
279,2.5,3.2,1.56,3.0,2.8,2.3,2.85,2.4,2.4,3.36,3.1,2.38,2.3,2.45,3.25,3.1,2.8,3.0,3.2,2.35,3.0,3.0,22,3.1,0.0,1.73,3.1,2.31,2.4,2.3,2.3,33,2.9,2.5,2.48,3.0,1.67,2.9,3.0,13,3.0,2.16,2.3,3.0,3.1,3.0,3.07,1.61,Boulogne,Lorient,Boulogne_Lorient_2009
280,2.79,3.2,1.56,3.0,2.65,2.38,2.85,2.4,2.6,2.85,3.2,2.59,2.6,2.63,3.25,3.0,2.75,3.0,2.75,2.5,3.1,2.74,22,2.75,0.0,1.97,2.7,1.99,2.4,2.31,2.6,33,2.85,2.6,2.48,3.0,1.88,2.7,2.8,15,3.0,1.92,2.62,2.7,3.1,3.0,3.05,1.61,Grenoble,Monaco,Grenoble_Monaco_2009
281,4.42,3.26,1.52,3.1,1.9,3.75,2.0,3.6,4.33,2.06,3.2,3.92,3.75,4.0,3.1,3.2,1.91,3.1,2.0,4.0,3.2,1.98,22,2.0,-0.5,1.89,2.0,2.06,3.9,2.4,3.75,33,1.95,4.0,2.62,3.0,1.86,1.95,1.95,10,3.1,2.01,4.0,1.95,3.2,3.0,3.15,1.57,Lens,Sochaux,Lens_Sochaux_2009
282,2.9,3.2,1.59,3.1,2.6,2.75,2.45,2.8,2.9,2.88,3.15,2.73,2.7,2.9,3.25,3.0,2.4,3.0,2.75,2.8,3.1,2.61,22,2.5,0.0,2.0,2.5,2.01,2.75,2.24,2.8,32,2.5,2.65,2.38,3.0,1.92,2.4,2.5,15,3.0,1.87,2.62,2.5,3.1,2.9,3.04,1.7,Nice,Paris SG,Nice_Paris SG_2009
283,4.54,3.35,1.57,3.2,1.85,3.6,1.95,3.75,4.33,2.0,3.05,4.11,3.8,4.5,3.25,3.2,1.91,3.1,1.91,4.0,3.25,1.92,22,1.91,-0.5,2.0,1.91,1.98,3.95,2.29,4.0,33,2.0,4.2,2.5,3.2,1.95,1.91,1.95,10,3.1,1.92,4.0,1.91,3.25,3.1,3.19,1.62,Rennes,Toulouse,Rennes_Toulouse_2009
284,4.25,3.35,1.61,3.2,1.9,3.75,2.0,3.6,3.75,2.05,3.2,3.92,3.6,3.8,3.33,3.1,1.91,3.1,1.95,4.0,3.1,1.97,22,2.05,-0.5,1.94,2.0,2.02,3.9,2.19,3.75,33,1.95,3.9,2.32,3.2,1.88,2.0,1.95,10,3.1,1.98,4.0,2.0,3.3,3.0,3.16,1.69,St Etienne,Nancy,St Etienne_Nancy_2009
285,4.61,3.47,1.65,3.2,1.9,4.0,1.85,4.0,4.5,1.95,3.25,4.23,3.8,4.33,3.4,3.2,1.83,3.2,1.83,4.0,3.3,1.87,23,1.85,-0.5,2.03,1.91,1.92,4.0,2.11,3.75,32,1.9,3.9,2.25,3.25,1.99,1.83,1.9,10,3.25,1.88,4.33,1.95,3.3,3.0,3.25,1.73,Bordeaux,Lille,Bordeaux_Lille_2009
286,3.57,3.25,1.71,3.1,2.3,2.88,2.3,2.9,3.4,2.4,3.15,3.12,3.1,3.1,3.2,3.1,2.25,3.1,2.2,3.0,3.1,2.3,25,2.38,0.0,2.38,2.2,1.66,2.95,2.04,3.0,33,2.35,3.1,2.14,3.0,2.25,2.2,2.3,10,3.1,1.59,3.4,2.3,3.1,3.0,3.11,1.81,Marseille,Lyon,Marseille_Lyon_2009
287,5.0,3.56,1.6,3.2,1.75,4.0,1.75,4.5,4.75,1.89,3.4,4.51,4.5,4.6,3.5,3.2,1.8,3.2,1.83,4.5,3.25,1.81,22,1.85,-0.5,2.08,1.8,1.86,4.3,2.19,4.5,33,1.8,4.7,2.3,3.25,2.03,1.75,1.8,10,3.25,1.84,4.5,1.8,3.4,3.2,3.28,1.69,Montpellier,Valenciennes,Montpellier_Valenciennes_2009
288,13.0,5.7,1.88,4.5,1.33,11.0,1.2,12.0,11.0,1.32,4.75,11.42,10.0,12.0,5.0,4.75,1.2,5.0,1.29,11.0,5.0,1.27,23,1.29,-1.5,1.86,1.3,2.12,10.0,1.88,10.0,26,1.3,9.0,1.98,4.75,1.82,1.29,1.25,13,5.5,2.03,12.0,1.29,4.6,5.0,5.0,1.95,Lyon,Grenoble,Lyon_Grenoble_2009
289,2.53,3.2,1.55,3.0,2.85,2.38,2.85,2.4,2.5,3.2,3.0,2.43,2.4,2.5,3.25,3.1,2.7,3.0,2.88,2.45,3.0,2.93,20,3.0,0.0,1.78,2.88,2.2,2.4,2.32,2.38,32,3.0,2.4,2.5,3.2,1.7,2.8,2.9,13,3.0,2.09,2.38,2.88,3.2,3.0,3.06,1.63,Le Mans,Rennes,Le Mans_Rennes_2009
290,5.05,3.46,1.73,3.2,1.85,4.33,1.8,4.33,4.33,1.87,3.3,4.5,4.33,4.75,3.5,3.3,1.73,3.2,1.8,4.5,3.4,1.81,25,1.8,-0.5,2.08,1.8,1.87,4.5,2.05,4.2,29,1.8,4.0,2.15,3.4,2.03,1.83,1.8,11,3.2,1.83,4.5,1.83,3.4,3.2,3.29,1.81,Lille,Montpellier,Lille_Montpellier_2009
291,4.1,3.34,1.56,3.0,2.0,3.75,1.9,3.8,3.75,2.1,3.2,3.8,3.6,4.0,3.25,3.1,1.83,3.2,2.0,4.0,3.1,2.0,20,2.05,-0.5,1.84,2.05,2.11,3.75,2.28,3.75,31,2.0,4.0,2.38,3.2,1.8,2.05,1.9,12,3.2,2.06,3.75,2.0,3.0,3.2,3.16,1.61,Lorient,St Etienne,Lorient_St Etienne_2009
292,3.5,3.24,1.56,3.0,2.3,2.88,2.2,3.1,3.25,2.43,3.1,3.16,3.2,3.3,3.25,3.1,2.25,3.0,2.3,3.2,3.1,2.28,19,2.3,0.0,2.35,2.25,1.7,3.2,2.28,3.0,31,2.25,3.3,2.46,3.0,2.24,2.2,2.25,13,3.1,1.62,3.2,2.3,2.9,3.0,3.07,1.62,Nancy,Lens,Nancy_Lens_2009
293,10.0,4.41,1.74,4.0,1.5,8.0,1.4,7.5,8.0,1.45,4.05,8.46,8.0,9.0,4.0,4.0,1.33,4.0,1.4,8.0,4.2,1.4,27,1.4,-1.25,1.96,1.4,2.01,8.25,2.04,8.0,31,1.4,6.7,2.15,4.0,1.91,1.44,1.4,11,4.0,1.96,9.0,1.4,3.8,4.0,4.05,1.81,Paris SG,Boulogne,Paris SG_Boulogne_2009
294,4.86,3.59,1.51,3.2,1.8,4.0,1.85,4.0,4.5,1.9,3.2,4.41,4.2,4.75,3.4,3.2,1.83,3.2,1.83,4.25,3.3,1.83,19,1.83,-0.5,2.11,1.83,1.9,4.4,2.42,4.0,31,1.85,4.6,2.63,3.25,2.04,1.83,1.85,11,3.2,1.82,4.5,1.91,3.2,3.0,3.26,1.57,Toulouse,Nice,Toulouse_Nice_2009
295,3.25,3.11,1.5,3.0,2.5,2.88,2.4,2.85,3.0,2.52,2.95,2.97,2.88,3.2,3.2,3.0,2.25,3.0,2.38,3.0,3.0,2.43,20,2.4,0.0,2.2,2.4,1.8,3.1,2.43,2.88,31,2.4,2.8,2.62,3.0,2.08,2.4,2.4,13,3.0,1.71,3.0,2.4,3.1,3.0,3.03,1.6,Monaco,Auxerre,Monaco_Auxerre_2009
296,8.0,4.3,1.79,4.0,1.4,7.0,1.4,7.0,8.5,1.51,4.0,7.27,7.5,7.0,4.33,4.0,1.36,4.1,1.44,7.0,4.2,1.45,32,1.45,-1.0,2.03,1.4,1.94,7.25,1.95,7.0,37,1.44,7.5,2.05,3.75,1.98,1.4,1.42,10,4.2,1.88,8.0,1.44,4.3,4.0,3.95,1.88,Bordeaux,Nancy,Bordeaux_Nancy_2009
297,2.63,3.1,1.49,2.9,2.95,2.38,2.9,2.35,2.75,3.14,3.1,2.49,2.6,2.63,3.0,3.1,2.8,3.0,2.75,2.5,3.0,2.87,25,2.88,0.0,1.8,2.75,2.15,2.4,2.46,2.38,37,2.9,2.4,2.62,3.0,1.76,2.75,2.8,21,3.0,2.03,2.62,2.88,3.1,2.9,3.02,1.53,Grenoble,Lorient,Grenoble_Lorient_2009
298,4.84,3.56,1.6,3.25,1.85,4.0,1.8,4.2,4.5,1.85,3.3,4.48,4.33,4.75,3.2,3.3,1.8,3.2,1.83,4.5,3.3,1.81,24,1.8,0.0,3.4,1.8,1.37,4.5,2.21,4.33,37,1.8,4.0,2.35,3.25,3.18,1.9,1.8,13,3.25,1.3,4.5,1.8,3.4,3.2,3.29,1.67,Montpellier,Monaco,Montpellier_Monaco_2009
299,4.04,3.21,1.51,3.0,2.1,3.6,2.1,3.4,4.2,2.19,3.05,3.74,3.8,3.9,3.2,3.1,2.0,3.0,2.0,3.75,3.1,2.05,23,2.05,0.0,2.75,2.0,1.51,3.95,2.42,3.75,36,2.0,3.6,2.59,3.0,2.59,1.95,2.05,14,3.0,1.44,4.0,2.0,3.0,2.88,3.08,1.55,Nice,Sochaux,Nice_Sochaux_2009
300,3.01,3.2,1.61,3.0,2.7,2.4,2.6,2.6,2.75,2.7,3.05,2.73,2.62,2.75,3.0,3.1,2.7,3.0,2.62,2.7,3.1,2.59,26,2.65,0.0,2.14,2.6,1.86,2.65,2.18,2.75,37,2.65,2.5,2.3,3.0,1.96,2.75,2.6,21,3.0,1.81,2.75,2.5,3.2,3.0,3.05,1.75,Rennes,Lyon,Rennes_Lyon_2009
301,5.37,3.43,1.64,3.25,1.8,4.5,1.8,4.33,4.75,1.86,3.15,4.63,4.6,4.75,3.05,3.3,1.73,3.2,1.83,4.5,3.3,1.8,26,1.8,0.0,3.6,1.75,1.35,4.8,2.13,4.75,37,1.8,4.3,2.25,3.2,3.26,1.91,1.8,13,3.2,1.29,4.5,1.75,3.4,3.1,3.25,1.7,St Etienne,Le Mans,St Etienne_Le Mans_2009
302,2.15,3.35,1.64,3.2,3.7,2.1,3.3,2.1,2.2,4.12,3.3,2.06,2.0,2.1,3.2,3.25,3.2,3.0,3.5,2.05,3.2,3.58,27,3.6,0.0,1.5,3.5,2.85,2.05,2.15,2.0,36,3.45,2.0,2.25,3.2,1.46,3.4,3.75,12,3.1,2.52,2.1,3.5,3.2,3.0,3.18,1.72,Valenciennes,Lille,Valenciennes_Lille_2009
303,3.76,3.2,1.52,3.0,2.0,3.25,2.1,3.4,3.5,2.28,3.05,3.42,3.4,3.6,3.0,3.1,2.1,3.0,2.2,3.4,3.0,2.17,24,2.2,0.0,2.5,2.15,1.6,3.45,2.39,3.4,37,2.15,3.7,2.52,3.0,2.38,2.25,2.15,15,3.0,1.52,3.4,2.1,3.2,2.9,3.06,1.6,Auxerre,Paris SG,Auxerre_Paris SG_2009
304,2.65,3.15,1.5,3.0,2.6,2.5,2.8,2.45,2.63,3.24,3.05,2.48,2.5,2.6,3.0,3.1,2.6,3.0,2.88,2.55,3.0,2.89,24,2.9,0.0,1.8,2.75,2.26,2.55,2.44,2.38,37,2.75,2.65,2.64,3.0,1.73,2.88,2.75,20,2.95,2.07,2.5,2.88,3.1,3.0,3.02,1.55,Boulogne,Toulouse,Boulogne_Toulouse_2009
305,12.43,5.17,1.89,4.5,1.3,8.0,1.35,8.0,13.0,1.37,4.5,9.98,10.0,9.0,5.5,4.5,1.33,4.5,1.3,8.5,4.6,1.32,32,1.36,-1.5,1.88,1.3,2.11,10.0,1.85,10.0,37,1.32,9.5,1.92,4.5,1.78,1.25,1.33,10,4.2,2.02,12.0,1.3,4.8,4.0,4.48,2.0,Marseille,Lens,Marseille_Lens_2009
306,10.0,4.81,1.83,4.0,1.3,7.0,1.36,7.5,10.0,1.4,4.2,8.75,9.0,9.0,4.5,4.5,1.36,4.2,1.33,9.0,4.5,1.36,25,1.36,-1.25,2.13,1.36,1.86,7.75,1.92,10.0,34,1.4,9.5,2.02,4.33,2.06,1.36,1.35,11,4.2,1.81,10.0,1.3,4.8,4.0,4.27,1.96,Marseille,Sochaux,Marseille_Sochaux_2009
307,2.28,3.24,1.61,3.1,3.2,2.1,3.2,2.15,2.1,3.67,3.1,2.19,2.2,2.2,3.25,3.1,3.2,3.1,3.4,2.2,3.1,3.31,26,3.5,0.0,1.6,3.1,2.5,2.2,2.18,2.15,37,3.3,2.2,2.33,3.0,1.54,3.6,3.2,15,3.1,2.33,2.2,3.3,3.2,3.0,3.12,1.66,Le Mans,Montpellier,Le Mans_Montpellier_2009
308,6.0,3.69,1.55,3.3,1.75,4.5,1.65,5.0,6.0,1.75,3.3,5.21,4.8,5.5,3.4,3.5,1.67,3.3,1.67,5.0,3.4,1.69,24,1.7,-0.75,1.97,1.7,1.97,5.25,2.32,5.5,36,1.7,4.6,2.5,3.4,1.93,1.67,1.7,11,3.4,1.93,5.5,1.62,3.5,3.3,3.4,1.7,Lens,Boulogne,Lens_Boulogne_2009
309,3.13,3.2,1.63,3.0,2.4,2.8,2.4,2.9,3.2,2.62,3.05,2.93,2.9,3.0,3.1,3.0,2.38,3.0,2.38,3.0,3.0,2.44,25,2.5,0.0,2.15,2.4,1.83,3.05,2.15,2.88,36,2.35,2.85,2.28,3.0,2.06,2.38,2.4,19,2.95,1.73,3.0,2.4,3.2,2.88,3.02,1.7,Lorient,Rennes,Lorient_Rennes_2009
310,4.25,3.25,1.53,3.2,1.9,3.75,1.95,3.75,4.33,2.14,3.25,3.83,3.8,3.8,3.0,3.1,1.91,3.1,2.0,4.0,3.1,2.0,24,2.1,0.0,2.92,1.91,1.45,4.0,2.37,3.8,36,1.9,4.0,2.54,3.0,2.7,2.0,1.95,12,3.1,1.4,4.0,2.0,3.2,3.0,3.14,1.6,Monaco,Valenciennes,Monaco_Valenciennes_2009
311,2.45,3.2,1.62,3.0,2.85,2.3,2.9,2.4,2.38,3.31,3.25,2.36,2.35,2.4,3.2,3.0,2.9,3.0,3.0,2.4,3.1,3.02,25,3.1,0.0,1.75,3.0,2.22,2.3,2.16,2.38,36,3.25,2.4,2.32,3.2,1.66,3.0,3.0,17,2.95,2.14,2.3,3.0,3.2,2.9,3.09,1.72,Paris SG,Bordeaux,Paris SG_Bordeaux_2009
312,4.0,3.15,1.49,3.0,2.1,3.6,2.05,3.4,3.6,2.3,3.0,3.48,3.5,3.6,3.0,3.1,2.0,3.0,2.1,3.6,3.0,2.15,24,2.2,0.0,2.63,2.1,1.56,3.5,2.45,3.3,36,2.15,3.6,2.62,3.0,2.45,2.2,2.1,14,3.1,1.49,3.75,2.15,3.0,2.88,3.03,1.57,Sochaux,St Etienne,Sochaux_St Etienne_2009
313,8.0,3.95,1.52,3.4,1.5,6.0,1.5,6.0,7.0,1.58,3.5,6.52,6.0,6.5,3.75,3.75,1.5,3.6,1.5,6.0,3.6,1.53,24,1.57,-1.0,1.94,1.57,2.05,6.5,2.39,6.0,36,1.55,6.7,2.5,3.6,1.88,1.53,1.55,13,3.75,1.96,7.5,1.53,3.8,3.5,3.66,1.6,Toulouse,Grenoble,Toulouse_Grenoble_2009
314,4.9,3.5,1.7,3.25,1.7,4.33,1.75,4.5,4.5,1.92,3.4,4.39,4.2,4.5,3.5,3.25,1.8,3.25,1.83,4.5,3.4,1.83,29,1.83,0.0,3.4,1.73,1.33,4.5,2.06,4.33,36,1.85,4.9,2.19,3.4,3.18,1.8,1.8,13,3.25,1.31,4.33,1.8,3.5,3.0,3.28,1.77,Lyon,Lille,Lyon_Lille_2009
315,13.24,5.14,1.89,4.5,1.3,8.0,1.3,10.0,13.0,1.35,4.75,10.51,8.0,12.0,5.25,4.5,1.29,4.75,1.25,9.0,5.0,1.3,31,1.3,-1.5,2.0,1.29,1.94,9.0,1.85,9.5,36,1.38,9.5,1.95,5.0,1.96,1.25,1.3,10,4.3,1.9,12.0,1.3,4.8,4.5,4.61,2.02,Marseille,Nice,Marseille_Nice_2009
316,2.85,3.2,1.54,2.9,2.6,2.6,2.6,2.7,2.75,2.86,3.05,2.68,2.5,2.75,3.0,3.0,2.5,3.0,2.75,2.7,3.0,2.65,24,2.75,0.0,1.94,2.62,2.01,2.75,2.35,2.8,36,2.55,2.6,2.57,3.0,1.87,2.75,2.6,20,2.9,1.9,2.62,2.5,3.2,2.9,3.02,1.6,Nancy,Auxerre,Nancy_Auxerre_2009
317,1.7,4.0,1.72,3.75,5.3,1.62,5.25,1.6,1.53,6.5,3.75,1.6,1.57,1.55,3.8,3.5,5.0,3.5,6.0,1.65,3.8,5.67,30,6.5,0.0,1.25,6.0,4.5,1.57,2.04,1.57,34,5.75,1.6,2.12,3.6,1.19,6.5,5.0,12,3.5,4.11,1.57,6.0,3.5,3.25,3.6,1.83,Le Mans,Bordeaux,Le Mans_Bordeaux_2009
318,1.71,3.86,1.68,3.75,5.2,1.67,4.5,1.67,1.57,6.08,3.7,1.66,1.67,1.67,3.8,3.5,5.0,3.7,6.0,1.6,3.6,5.19,30,5.25,0.0,1.27,5.0,4.1,1.6,2.09,1.62,34,5.5,1.65,2.21,3.8,1.23,6.0,5.5,12,3.6,3.77,1.57,5.5,3.4,3.25,3.54,1.8,Sochaux,Marseille,Sochaux_Marseille_2009
319,4.74,3.5,1.52,3.25,1.7,4.0,1.85,4.0,4.33,1.95,3.25,4.21,3.75,4.2,3.2,3.2,1.8,3.2,1.91,4.0,3.3,1.87,23,1.91,-0.5,2.03,1.91,1.91,4.0,2.4,4.0,35,1.9,4.4,2.52,3.25,1.97,1.91,1.9,11,3.2,1.88,4.0,1.91,3.5,3.2,3.25,1.57,Auxerre,Lorient,Auxerre_Lorient_2009
320,3.97,3.31,1.67,3.0,2.0,3.2,2.1,3.3,3.6,2.19,3.3,3.43,3.5,3.5,3.2,3.2,2.1,3.1,2.05,3.4,3.2,2.11,24,2.15,0.0,2.63,2.1,1.55,3.4,2.1,3.3,34,2.2,3.3,2.23,3.0,2.45,2.1,2.1,12,3.1,1.49,3.75,2.15,3.3,3.0,3.17,1.73,Bordeaux,Lyon,Bordeaux_Lyon_2009
321,1.52,4.4,1.72,3.8,6.5,1.44,7.0,1.45,1.44,8.09,4.05,1.45,1.44,1.5,4.2,4.0,6.0,3.75,8.0,1.47,4.0,7.14,26,6.5,1.0,1.88,7.0,2.08,1.45,2.04,1.44,33,6.85,1.45,2.14,3.75,1.82,7.5,7.0,11,3.75,2.04,1.44,7.0,3.9,3.75,3.97,1.83,Boulogne,Marseille,Boulogne_Marseille_2009
322,2.91,3.2,1.51,2.9,2.5,2.6,2.6,2.6,2.6,2.8,3.2,2.72,2.7,2.75,3.0,3.0,2.6,3.0,2.75,2.7,3.0,2.62,20,2.7,0.0,2.01,2.6,1.94,2.6,2.42,2.7,34,2.6,2.7,2.5,2.88,1.92,2.88,2.6,19,3.0,1.86,2.75,2.6,3.0,2.8,3.0,1.55,Grenoble,Sochaux,Grenoble_Sochaux_2009
323,4.0,3.3,1.56,3.0,1.85,3.6,2.0,3.6,4.2,2.16,3.1,3.68,3.8,4.0,3.1,3.1,2.0,3.0,2.0,3.75,3.2,2.05,23,2.0,0.0,2.75,2.0,1.5,3.85,2.3,3.6,35,2.0,3.9,2.45,3.0,2.62,2.0,2.05,12,3.1,1.43,4.0,2.05,3.3,2.88,3.12,1.6,Nice,Lens,Nice_Lens_2009
324,6.5,3.76,1.68,3.4,1.65,5.0,1.65,5.0,6.0,1.73,3.4,5.38,5.5,5.5,3.4,3.5,1.62,3.4,1.62,5.0,3.5,1.65,27,1.67,-0.75,2.06,1.62,1.92,5.5,2.09,5.0,35,1.65,4.6,2.19,3.5,2.0,1.67,1.67,11,3.4,1.87,6.0,1.67,3.5,3.3,3.46,1.85,Rennes,Nancy,Rennes_Nancy_2009
325,5.85,3.6,1.6,3.4,1.7,5.0,1.65,5.0,6.0,1.73,3.4,5.2,5.5,5.5,3.6,3.5,1.62,3.4,1.67,5.0,3.5,1.67,23,1.67,-0.75,1.95,1.62,2.0,5.0,2.21,5.0,35,1.7,4.4,2.35,3.4,1.91,1.62,1.67,11,3.4,1.96,5.5,1.67,3.5,3.3,3.43,1.69,Valenciennes,Le Mans,Valenciennes_Le Mans_2009
326,8.35,4.2,1.78,3.8,1.5,6.0,1.45,7.0,7.5,1.53,4.0,7.04,7.0,7.5,3.75,4.0,1.5,3.75,1.44,6.5,4.2,1.47,29,1.44,-1.0,2.08,1.44,1.87,7.0,1.98,7.0,35,1.45,5.7,2.1,4.0,2.03,1.5,1.5,12,3.75,1.82,7.5,1.44,3.8,3.5,3.86,1.88,Lille,Monaco,Lille_Monaco_2009
327,5.35,3.5,1.52,3.3,1.75,5.0,1.73,4.33,5.5,1.83,3.5,4.77,4.8,5.25,3.0,3.4,1.62,3.3,1.8,5.0,3.4,1.75,21,1.73,-0.75,1.84,1.73,2.12,5.25,2.4,4.5,34,1.65,4.3,2.52,3.25,1.8,1.83,1.7,10,3.4,2.08,4.75,1.73,3.4,3.3,3.35,1.57,Montpellier,Toulouse,Montpellier_Toulouse_2009
328,3.42,3.14,1.6,3.0,2.25,2.8,2.4,2.85,3.0,2.5,3.2,3.03,2.9,3.0,3.0,3.0,2.38,3.0,2.38,2.9,3.1,2.39,22,2.45,0.0,2.3,2.4,1.73,2.95,2.22,3.0,33,2.5,3.0,2.35,2.88,2.16,2.5,2.45,17,3.0,1.67,3.2,2.38,3.1,2.88,3.02,1.65,St Etienne,Paris SG,St Etienne_Paris SG_2009
329,1.75,3.84,1.71,3.5,4.3,1.62,5.0,1.65,1.62,6.0,3.6,1.67,1.62,1.67,3.6,3.4,5.0,3.4,5.5,1.7,3.5,5.13,31,5.5,0.0,1.3,5.25,4.1,1.65,2.05,1.7,36,5.0,1.75,2.16,3.4,1.23,6.0,4.75,13,3.4,3.73,1.67,4.75,3.4,3.3,3.51,1.77,Le Mans,Lille,Le Mans_Lille_2009
330,2.15,3.38,1.7,3.25,3.7,2.0,3.5,2.0,2.0,3.93,3.3,2.03,1.95,2.05,3.25,3.2,3.4,3.2,3.75,2.0,3.25,3.64,31,3.75,0.0,1.5,3.6,2.8,1.95,2.06,2.1,36,3.8,1.9,2.19,3.2,1.43,4.0,3.6,14,3.2,2.59,2.0,3.3,3.3,3.0,3.22,1.78,Lorient,Bordeaux,Lorient_Bordeaux_2009
331,2.6,3.26,1.63,3.1,2.65,2.4,2.8,2.4,2.6,3.02,3.2,2.45,2.4,2.5,3.2,3.1,2.7,3.0,2.88,2.45,3.0,2.89,28,3.0,0.0,1.83,2.8,2.14,2.5,2.17,2.38,36,2.75,2.5,2.28,3.0,1.75,2.75,2.9,21,3.05,2.04,2.5,2.88,3.1,3.0,3.08,1.7,Nancy,Montpellier,Nancy_Montpellier_2009
332,7.3,3.81,1.63,3.5,1.5,6.0,1.53,6.0,6.5,1.63,3.8,6.54,6.5,6.5,3.6,3.6,1.5,3.6,1.53,7.0,3.6,1.54,28,1.57,-1.0,1.81,1.53,2.18,6.75,2.17,6.0,36,1.5,5.7,2.28,3.6,1.78,1.6,1.5,12,3.6,2.1,7.0,1.53,3.8,3.5,3.63,1.71,Nice,Grenoble,Nice_Grenoble_2009
333,3.46,3.35,1.65,3.1,2.1,3.2,2.15,3.2,3.25,2.33,3.1,3.27,3.1,3.4,3.0,3.1,2.1,3.1,2.2,3.3,3.1,2.21,25,2.25,0.0,2.45,2.2,1.67,3.4,2.11,3.2,36,2.15,3.2,2.23,3.2,2.32,2.38,2.15,19,3.1,1.58,3.2,2.2,3.2,3.0,3.14,1.8,Paris SG,Rennes,Paris SG_Rennes_2009
334,5.93,3.61,1.54,3.4,1.75,5.0,1.65,5.0,6.0,1.75,3.3,5.15,5.0,5.25,3.6,3.6,1.62,3.4,1.67,5.0,3.4,1.69,25,1.73,0.0,4.15,1.67,1.35,5.25,2.35,4.75,35,1.7,4.4,2.5,3.4,3.65,1.62,1.67,13,3.4,1.24,5.5,1.67,3.3,3.3,3.43,1.61,Sochaux,Boulogne,Sochaux_Boulogne_2009
335,4.2,3.3,1.61,3.1,2.0,3.4,2.1,3.3,3.75,2.15,3.1,3.61,3.4,4.2,3.1,3.1,2.0,3.1,2.0,3.3,3.1,2.08,29,2.0,0.0,2.75,2.1,1.54,3.4,2.21,3.4,36,2.15,3.3,2.33,3.0,2.5,2.1,2.15,15,3.1,1.47,4.0,2.1,3.3,3.0,3.14,1.73,Lens,Valenciennes,Lens_Valenciennes_2009
336,15.6,5.76,2.12,5.25,1.3,10.0,1.2,12.0,13.0,1.3,5.5,12.12,11.0,13.0,5.5,5.0,1.25,4.75,1.2,10.0,5.25,1.26,28,1.25,-1.5,2.06,1.22,1.88,12.5,1.66,11.0,36,1.22,8.5,1.74,5.5,2.03,1.25,1.28,12,5.5,1.83,15.0,1.25,4.8,4.5,5.04,2.23,Marseille,St Etienne,Marseille_St Etienne_2009
337,3.12,3.13,1.49,3.1,2.6,2.5,2.55,2.65,3.0,2.7,3.0,2.79,2.7,2.9,3.0,3.0,2.6,3.0,2.5,2.75,2.9,2.59,25,2.7,0.0,2.12,2.5,1.84,2.7,2.49,2.7,36,2.65,2.6,2.67,3.0,1.99,2.5,2.55,22,3.0,1.8,2.88,2.6,3.0,3.0,3.01,1.55,Toulouse,Auxerre,Toulouse_Auxerre_2009
338,2.55,3.26,1.59,3.0,2.65,2.1,3.0,2.25,2.5,3.2,3.2,2.36,2.1,2.4,3.0,3.1,3.2,3.1,3.0,2.2,3.2,3.01,26,3.0,0.0,1.8,3.2,2.25,2.4,2.24,2.25,34,3.0,2.5,2.38,3.0,1.7,3.0,3.2,19,3.1,2.1,2.38,3.1,3.05,3.0,3.08,1.65,Grenoble,Paris SG,Grenoble_Paris SG_2009
339,4.47,3.46,1.67,3.3,1.9,4.33,1.85,4.0,4.0,2.0,3.3,3.98,4.33,4.0,3.4,3.2,1.73,3.25,1.95,4.2,3.3,1.91,29,1.95,-0.5,1.98,1.7,1.98,4.0,2.11,4.0,35,1.95,3.7,2.22,3.2,1.92,1.91,1.85,13,3.2,1.94,4.0,1.91,3.3,3.2,3.28,1.75,Monaco,Le Mans,Monaco_Le Mans_2009
340,2.13,3.47,1.66,3.2,3.4,2.0,3.5,2.0,2.0,3.91,3.2,2.04,1.91,2.05,3.4,3.2,3.4,3.2,3.6,2.05,3.2,3.55,29,3.75,0.0,1.5,3.5,2.75,2.05,2.13,2.0,35,3.75,2.0,2.25,3.25,1.45,3.75,3.5,14,3.2,2.57,2.0,3.6,3.2,3.0,3.25,1.74,Valenciennes,Bordeaux,Valenciennes_Bordeaux_2009
341,2.64,3.2,1.61,3.1,2.8,2.25,3.0,2.25,2.38,3.1,3.2,2.4,2.3,2.38,3.0,3.1,2.88,3.1,3.0,2.3,3.1,2.96,24,3.2,0.0,1.82,3.0,2.2,2.35,2.22,2.4,33,2.95,2.3,2.38,3.0,1.72,3.2,3.0,21,3.1,2.08,2.38,2.9,3.2,3.0,3.08,1.67,Auxerre,Marseille,Auxerre_Marseille_2009
342,8.35,4.39,1.78,4.2,1.45,7.0,1.45,6.75,8.5,1.5,4.2,7.24,8.0,7.5,4.0,4.0,1.4,3.9,1.44,7.0,4.2,1.45,29,1.44,0.0,6.0,1.36,1.16,7.75,1.99,7.0,34,1.4,6.5,2.08,3.75,5.52,1.44,1.45,12,3.75,1.12,8.0,1.44,3.9,3.75,3.96,1.88,Bordeaux,Toulouse,Bordeaux_Toulouse_2009
343,2.89,3.15,1.57,3.0,2.4,2.6,2.6,2.6,3.0,2.75,3.1,2.71,2.6,2.65,3.0,3.1,2.5,3.0,2.62,2.7,3.1,2.61,24,2.75,0.0,2.03,2.62,1.93,2.85,2.26,2.6,34,2.45,2.8,2.4,2.88,1.93,2.5,2.6,22,3.0,1.84,2.88,2.62,3.05,2.9,3.06,1.62,Boulogne,Nice,Boulogne_Nice_2009
344,11.8,5.15,2.0,4.2,1.3,7.0,1.35,8.0,11.0,1.37,4.6,9.24,8.0,8.5,4.5,4.5,1.33,4.5,1.33,8.0,4.6,1.33,24,1.36,0.0,9.0,1.36,1.1,8.25,1.73,8.5,35,1.35,8.5,1.8,4.5,7.04,1.33,1.35,12,4.2,1.08,10.0,1.33,4.8,4.33,4.52,2.1,Lille,Nancy,Lille_Nancy_2009
345,2.35,3.29,1.63,3.2,3.1,2.1,3.2,2.15,2.1,3.6,3.2,2.22,2.25,2.15,3.2,3.2,3.1,3.1,3.4,2.2,3.1,3.23,24,3.6,0.0,1.66,3.0,2.42,2.2,2.15,2.2,35,3.2,2.2,2.25,3.0,1.55,3.6,3.2,14,3.1,2.3,2.2,3.1,3.1,3.1,3.14,1.71,Montpellier,Lyon,Montpellier_Lyon_2009
346,6.5,3.83,1.65,3.6,1.6,5.0,1.6,5.2,5.5,1.65,3.7,5.92,5.5,6.0,3.6,3.5,1.57,3.5,1.57,5.5,3.6,1.59,24,1.62,0.0,4.85,1.57,1.25,6.25,2.11,6.0,35,1.55,5.2,2.23,3.6,4.26,1.67,1.6,14,3.5,1.18,6.0,1.57,3.5,3.5,3.55,1.72,Rennes,Sochaux,Rennes_Sochaux_2009
347,4.7,3.36,1.51,3.2,1.9,3.6,1.95,3.75,4.5,1.98,3.2,4.09,3.8,4.1,3.0,3.25,1.91,3.2,1.83,3.8,3.2,1.9,23,1.91,0.0,3.2,1.91,1.41,4.25,2.43,3.8,35,1.88,3.7,2.62,3.2,2.91,2.0,1.95,15,3.1,1.35,4.33,1.91,3.3,3.1,3.22,1.6,St Etienne,Lens,St Etienne_Lens_2009
348,3.25,3.2,1.61,3.1,2.2,2.8,2.3,2.8,3.0,2.55,3.2,2.92,2.8,3.2,3.2,3.1,2.3,3.1,2.38,2.9,3.1,2.41,22,2.35,0.0,2.22,2.4,1.76,2.95,2.2,2.7,34,2.35,3.0,2.33,3.0,2.1,2.38,2.35,14,3.2,1.67,3.0,2.5,3.2,3.0,3.11,1.73,Valenciennes,Lorient,Valenciennes_Lorient_2009
349,2.85,3.2,1.6,3.0,2.4,2.6,2.5,2.7,2.8,2.82,3.1,2.7,2.7,2.75,2.88,3.0,2.5,3.0,2.62,2.75,3.0,2.63,27,2.75,0.0,1.97,2.75,2.0,2.65,2.24,2.75,34,2.65,2.7,2.35,3.0,1.9,2.8,2.6,22,3.0,1.87,2.75,2.5,3.2,2.9,3.05,1.71,Boulogne,St Etienne,Boulogne_St Etienne_2009
350,7.22,3.92,1.66,3.6,1.5,6.0,1.5,6.5,7.0,1.59,3.7,6.26,6.5,6.5,3.75,3.6,1.5,3.75,1.5,6.0,3.8,1.55,25,1.55,-1.0,1.85,1.57,2.11,6.0,2.1,5.5,34,1.55,5.7,2.2,3.75,1.8,1.53,1.55,14,3.6,2.06,7.0,1.57,3.8,3.5,3.64,1.74,Lens,Grenoble,Lens_Grenoble_2009
351,4.2,3.32,1.58,3.2,1.9,3.6,1.9,3.8,3.4,2.05,3.2,3.81,4.0,3.9,3.4,3.2,1.91,3.2,1.95,3.75,3.25,1.97,25,2.0,0.0,3.0,2.0,1.44,3.75,2.24,3.6,34,2.0,3.7,2.4,3.2,2.7,2.1,2.0,14,3.2,1.41,4.0,2.0,3.3,3.1,3.21,1.65,Lorient,Monaco,Lorient_Monaco_2009
352,6.3,3.79,1.63,3.6,1.65,5.0,1.55,5.5,5.5,1.67,3.6,5.56,6.0,5.75,3.5,3.6,1.62,3.6,1.57,5.75,3.6,1.62,25,1.62,-0.75,2.04,1.62,1.91,5.75,2.15,5.0,33,1.6,4.6,2.31,3.6,2.0,1.67,1.6,12,3.6,1.87,6.0,1.62,3.5,3.3,3.56,1.7,Lyon,Auxerre,Lyon_Auxerre_2009
353,9.13,4.81,1.92,4.5,1.3,6.5,1.4,7.25,7.5,1.45,4.5,7.71,8.0,8.0,4.2,4.0,1.4,4.0,1.36,8.0,4.33,1.4,31,1.4,-1.0,2.26,1.4,1.78,8.0,1.83,6.5,32,1.37,8.5,1.9,4.5,2.17,1.44,1.4,13,4.0,1.73,8.5,1.44,4.8,4.0,4.22,2.06,Marseille,Rennes,Marseille_Rennes_2009
354,3.9,3.33,1.61,3.2,2.0,3.2,2.0,3.4,3.25,2.15,3.2,3.56,3.6,3.6,3.3,3.25,2.0,3.2,2.05,3.6,3.2,2.05,25,2.1,0.0,2.76,2.1,1.5,3.4,2.19,3.5,34,2.1,3.3,2.26,3.0,2.55,2.2,2.05,14,3.25,1.45,3.75,2.0,3.3,3.2,3.22,1.7,Nancy,Le Mans,Nancy_Le Mans_2009
355,2.1,3.35,1.61,3.2,3.4,1.91,3.75,1.9,1.91,4.06,3.3,2.0,2.05,2.0,3.4,3.25,3.5,3.2,4.0,2.0,3.3,3.7,24,3.75,0.0,1.45,3.75,2.8,1.9,2.2,2.0,33,3.95,2.0,2.3,3.2,1.42,4.1,3.75,13,3.25,2.64,1.95,3.5,3.2,3.2,3.23,1.68,Nice,Bordeaux,Nice_Bordeaux_2009
356,5.19,3.57,1.65,3.4,1.7,4.33,1.7,4.5,4.75,1.83,3.4,4.7,5.0,5.0,3.4,3.4,1.73,3.4,1.73,4.75,3.4,1.75,24,1.75,-0.75,1.86,1.75,2.14,4.75,2.11,4.75,33,1.75,4.4,2.2,3.4,1.8,1.8,1.75,13,3.4,2.08,5.0,1.7,3.5,3.2,3.37,1.74,Paris SG,Valenciennes,Paris SG_Valenciennes_2009
357,2.7,3.18,1.53,3.1,2.6,2.5,2.65,2.5,2.4,2.98,3.0,2.56,2.62,2.6,3.2,3.0,2.6,3.1,2.88,2.55,2.75,2.77,24,2.8,0.0,1.86,2.8,2.1,2.55,2.38,2.5,34,2.8,2.6,2.51,3.0,1.8,3.0,2.75,22,3.1,1.99,2.5,2.75,3.0,2.9,3.04,1.6,Sochaux,Montpellier,Sochaux_Montpellier_2009
358,2.05,3.5,1.61,3.3,3.4,1.91,3.4,2.0,1.91,4.3,3.25,1.98,1.95,2.05,3.5,3.2,3.5,3.25,4.0,1.95,3.2,3.74,24,3.75,0.0,1.46,4.0,3.0,1.95,2.19,2.0,33,3.9,2.0,2.3,3.25,1.41,4.0,3.75,13,3.25,2.7,1.91,3.5,3.2,3.2,3.27,1.69,Toulouse,Lille,Toulouse_Lille_2009
359,11.2,4.65,1.67,4.0,1.45,8.0,1.35,8.0,10.0,1.45,4.45,9.02,7.0,10.0,4.75,4.33,1.33,4.25,1.3,8.5,4.33,1.35,24,1.36,-1.25,2.01,1.36,1.95,9.4,2.08,8.0,36,1.33,6.5,2.19,4.5,1.96,1.33,1.35,11,4.2,1.91,11.0,1.36,3.9,4.0,4.28,1.74,Auxerre,Lens,Auxerre_Lens_2009
360,13.12,5.0,1.88,4.5,1.35,10.0,1.29,10.0,10.0,1.35,4.75,10.24,8.0,11.0,4.75,4.75,1.25,4.5,1.29,9.0,5.0,1.3,30,1.29,-1.5,1.9,1.29,2.04,10.0,1.86,9.0,36,1.3,7.3,1.95,4.75,1.87,1.33,1.32,11,4.5,1.99,12.0,1.3,4.5,4.5,4.66,2.01,Bordeaux,Sochaux,Bordeaux_Sochaux_2009
361,3.75,3.25,1.67,3.1,2.2,3.0,2.2,3.1,3.6,2.2,3.25,3.33,3.0,3.4,3.25,3.1,2.2,3.1,2.1,3.2,3.2,2.15,25,2.2,0.0,2.62,2.15,1.57,3.4,2.09,3.2,37,2.1,3.1,2.2,3.0,2.41,2.1,2.2,13,3.1,1.51,3.6,2.2,3.1,3.0,3.12,1.76,Grenoble,Boulogne,Grenoble_Boulogne_2009
362,2.95,3.25,1.7,3.0,2.4,2.6,2.4,2.85,2.75,2.67,3.25,2.78,2.7,2.9,3.25,3.0,2.5,3.1,2.5,2.8,3.1,2.49,24,2.5,0.0,2.06,2.4,1.88,2.7,2.03,2.8,36,2.5,2.7,2.1,3.0,1.99,2.6,2.45,19,3.0,1.8,2.88,2.5,3.2,2.9,3.08,1.84,Le Mans,Paris SG,Le Mans_Paris SG_2009
363,5.3,4.2,1.89,3.5,1.7,4.33,1.62,4.5,4.5,1.75,3.9,4.7,4.5,5.25,3.8,3.5,1.67,3.5,1.62,4.5,4.2,1.66,30,1.6,0.0,4.1,1.62,1.32,5.0,1.85,4.5,35,1.6,4.4,1.95,4.0,3.53,1.73,1.7,12,3.8,1.25,4.75,1.73,3.5,3.4,3.67,2.02,Lille,Marseille,Lille_Marseille_2009
364,3.96,3.3,1.68,3.2,2.0,3.3,2.0,3.5,4.0,2.12,3.3,3.6,3.5,3.8,3.33,3.2,2.0,3.2,2.0,3.6,3.3,2.02,25,2.0,0.0,2.8,1.91,1.52,3.6,2.08,3.4,37,2.0,3.4,2.2,3.2,2.58,1.95,2.0,13,3.2,1.45,3.75,2.05,3.2,3.1,3.2,1.8,Monaco,Nancy,Monaco_Nancy_2009
365,5.33,3.56,1.62,3.25,1.7,4.33,1.75,4.2,5.5,1.83,3.4,4.62,3.8,4.5,3.5,3.2,1.73,3.3,1.8,4.5,3.5,1.76,24,1.8,0.0,3.65,1.8,1.32,4.75,2.17,4.33,36,1.75,4.4,2.3,3.25,3.3,1.67,1.77,13,3.4,1.28,4.75,1.83,3.5,3.2,3.31,1.68,Montpellier,Lorient,Montpellier_Lorient_2009
366,6.0,3.78,1.69,3.5,1.75,5.0,1.65,5.0,6.5,1.75,3.6,5.44,5.5,6.0,3.5,3.5,1.62,3.4,1.62,5.25,3.5,1.64,24,1.65,0.0,4.5,1.53,1.25,5.5,2.06,5.5,36,1.6,4.3,2.15,3.5,3.96,1.62,1.65,12,3.4,1.21,6.0,1.62,3.4,3.25,3.44,1.78,Rennes,Nice,Rennes_Nice_2009
367,4.21,3.31,1.56,3.2,2.1,3.4,2.0,3.6,3.6,2.1,3.2,3.8,3.5,4.0,3.25,3.1,2.0,3.1,1.95,3.75,3.2,1.99,24,2.0,0.0,3.0,1.91,1.45,3.75,2.3,3.75,37,2.0,3.3,2.4,3.2,2.71,2.1,2.0,13,3.1,1.41,4.0,2.0,3.1,3.0,3.15,1.6,St Etienne,Toulouse,St Etienne_Toulouse_2009
368,1.57,4.03,1.75,3.5,5.4,1.53,6.0,1.5,1.5,7.06,4.0,1.53,1.53,1.53,4.0,3.6,5.5,3.6,6.5,1.55,3.8,6.22,25,6.5,0.0,1.18,5.5,5.0,1.5,1.98,1.53,37,6.0,1.55,2.1,3.75,1.15,7.0,6.0,11,3.75,4.64,1.53,6.0,3.7,3.5,3.68,1.84,Valenciennes,Lyon,Valenciennes_Lyon_2009
369,15.24,5.85,2.09,5.5,1.3,8.0,1.25,11.0,13.0,1.3,5.85,11.34,12.0,12.0,5.0,4.5,1.3,5.0,1.2,10.0,5.5,1.26,26,1.25,-1.5,2.11,1.25,1.85,12.5,1.68,10.0,39,1.2,8.5,1.75,5.5,2.05,1.25,1.27,13,4.8,1.82,15.0,1.3,4.8,4.33,5.0,2.2,Lyon,Monaco,Lyon_Monaco_2009
370,2.4,3.5,2.01,3.2,2.9,2.25,3.0,2.3,2.38,3.41,3.5,2.29,2.4,2.3,3.25,3.1,3.0,3.1,3.2,2.35,3.1,3.05,30,3.25,0.25,1.98,3.0,2.0,2.25,1.75,2.38,38,2.85,2.4,1.8,3.2,1.92,3.0,2.9,13,3.0,1.95,2.2,2.9,3.0,2.88,3.19,2.14,Boulogne,Rennes,Boulogne_Rennes_2009
371,2.14,3.52,1.88,3.3,3.2,1.8,3.75,1.9,2.0,4.1,3.4,1.98,2.05,2.0,3.5,3.2,3.75,3.2,3.75,2.05,3.3,3.73,32,3.8,0.5,2.05,3.6,1.92,1.95,1.87,2.0,37,3.7,2.1,1.96,3.25,2.0,3.6,3.5,13,3.25,1.86,1.95,3.6,3.2,3.25,3.28,1.99,Lens,Bordeaux,Lens_Bordeaux_2009
372,1.72,3.9,2.13,3.75,5.4,1.62,5.0,1.6,1.57,5.85,3.9,1.63,1.62,1.6,3.8,3.5,4.5,3.75,5.5,1.6,3.8,5.34,24,5.75,0.75,1.91,5.5,2.04,1.6,1.66,1.62,37,5.0,1.55,1.73,3.6,1.86,6.0,5.0,13,3.6,2.01,1.62,5.5,3.7,3.5,3.6,2.27,Lorient,Lille,Lorient_Lille_2009
373,26.0,10.0,2.39,7.0,1.12,13.0,1.1,19.0,19.0,1.14,8.75,18.0,21.0,19.0,8.0,6.5,1.14,7.0,1.11,15.0,7.5,1.12,24,1.13,-2.0,2.13,1.14,1.83,17.5,1.53,15.0,37,1.1,14.0,1.57,7.5,2.06,1.13,1.14,11,7.0,1.8,23.0,1.14,7.0,6.0,7.56,2.7,Lyon,Le Mans,Lyon_Le Mans_2009
374,12.5,6.0,2.39,5.5,1.3,9.0,1.22,10.0,11.0,1.3,5.5,10.76,10.0,12.0,5.0,5.0,1.2,5.25,1.22,10.0,5.5,1.25,23,1.25,-1.5,2.16,1.29,1.83,10.0,1.54,11.0,36,1.25,8.5,1.59,6.0,2.1,1.3,1.25,13,5.5,1.78,11.0,1.25,4.8,5.5,5.35,2.56,Marseille,Grenoble,Marseille_Grenoble_2009
375,3.78,3.54,1.94,3.25,2.1,3.2,2.2,3.2,3.0,2.25,3.3,3.36,3.2,3.4,3.5,3.1,2.1,3.2,2.1,3.2,3.3,2.13,31,2.15,0.0,2.55,2.25,1.57,3.2,1.82,3.3,37,2.15,3.3,1.9,3.25,2.36,2.25,2.15,13,3.0,1.54,3.4,2.15,3.1,3.0,3.19,2.07,Nancy,Valenciennes,Nancy_Valenciennes_2009
376,3.6,3.34,1.8,3.3,2.0,3.2,2.1,3.3,3.5,2.25,3.3,3.32,3.3,3.5,3.25,3.1,2.1,3.2,2.1,3.2,3.1,2.15,32,2.2,-0.25,1.99,2.2,1.94,3.2,1.97,3.1,38,2.15,3.4,2.03,3.2,1.96,2.1,2.15,13,3.1,1.91,3.4,2.25,3.2,3.0,3.18,1.91,Nice,St Etienne,Nice_St Etienne_2009
377,3.32,3.28,1.81,3.2,2.3,2.6,2.3,2.88,2.75,2.5,3.1,2.96,2.8,2.9,3.33,3.1,2.5,3.1,2.38,2.8,3.1,2.34,31,2.5,0.0,2.4,2.5,1.73,2.9,1.95,2.7,36,2.4,2.8,2.0,3.0,2.17,2.5,2.45,17,3.1,1.66,3.0,2.5,3.2,3.0,3.14,1.94,Paris SG,Montpellier,Paris SG_Montpellier_2009
378,1.83,3.6,1.8,3.5,4.7,1.67,4.75,1.65,1.73,5.19,3.6,1.71,1.73,1.73,3.6,3.5,4.5,3.4,5.5,1.67,3.6,4.82,33,4.75,0.0,1.32,5.0,3.75,1.65,1.97,1.62,39,5.0,1.65,2.04,3.4,1.26,5.0,5.0,12,3.5,3.49,1.67,5.5,3.4,3.3,3.42,1.91,Sochaux,Auxerre,Sochaux_Auxerre_2009
379,4.76,3.6,1.8,3.2,2.0,3.5,1.9,3.8,4.0,1.95,3.5,4.06,4.33,4.33,3.5,3.3,1.91,3.3,1.83,4.0,3.5,1.86,32,1.83,-0.5,2.05,1.91,1.89,4.0,1.97,3.5,38,1.85,3.3,2.02,3.25,2.0,1.91,1.87,12,3.2,1.86,4.33,2.0,3.3,3.2,3.37,1.91,Toulouse,Monaco,Toulouse_Monaco_2009
