,AvgAHA,B365AHH,VCH,AHh,WHD,Max>2.5,B365A,B365>2.5,MaxA,AvgH,IWA,AvgAHH,PSD,IWH,PAHA,MaxAHH,Max<2.5,VCA,P<2.5,BWA,MaxAHA,PAHH,BWD,B365H,PSA,B365<2.5,MaxD,WHA,B365D,MaxH,AvgD,AvgA,Avg>2.5,IWD,VCD,BWH,P>2.5,WHH,B365AHA,PSH,Avg<2.5,HomeTeam,AwayTeam,idGame
0,1.89,1.95,1.5,-1.0,3.8,2.26,7.0,2.15,7.61,1.5,7.0,1.92,3.84,1.55,1.88,2.0,1.75,6.5,1.66,6.75,1.96,1.95,4.1,1.5,7.46,1.66,4.2,7.5,4.0,1.56,3.84,6.67,2.16,3.6,3.9,1.45,2.18,1.5,1.9,1.5,1.67,Aris,Lamia,Aris_Lamia_2020
1,1.81,2.02,1.22,-1.75,5.5,1.84,15.0,1.75,15.0,1.22,13.0,2.0,5.82,1.27,1.78,2.06,2.11,13.0,1.99,13.0,1.88,2.05,6.0,1.2,14.78,2.05,6.05,15.0,6.0,1.27,5.58,12.39,1.76,5.25,5.5,1.2,1.81,1.22,1.83,1.21,2.02,PAOK,Larisa,PAOK_Larisa_2020
2,1.81,,1.73,-0.75,3.4,2.16,4.5,2.05,5.06,1.74,4.8,1.97,,1.8,,2.03,1.77,4.8,,4.75,1.88,,3.4,1.72,,1.75,3.65,4.5,3.4,1.81,3.43,4.67,2.08,3.25,3.4,1.75,,1.73,,,1.71,OFI Crete,Panetolikos,OFI Crete_Panetolikos_2020
3,1.91,,1.62,-0.75,3.6,2.09,5.0,2.05,5.67,1.64,5.25,1.86,,1.67,,1.93,1.82,5.5,,5.0,2.03,,3.6,1.61,,1.75,3.81,5.0,3.6,1.71,3.64,5.06,2.01,3.5,3.6,1.67,,1.62,,,1.75,Atromitos,Volos NFC,Atromitos_Volos NFC_2020
4,1.83,,2.75,0.0,3.1,2.33,2.5,2.25,2.65,2.73,2.6,1.95,,2.8,,2.02,1.67,2.6,,2.6,1.9,,3.0,2.7,,1.62,3.24,2.45,3.1,2.85,3.09,2.54,2.23,2.9,3.0,2.75,,2.75,,,1.62,Asteras Tripolis,Panathinaikos,Asteras Tripolis_Panathinaikos_2020
5,2.07,1.8,1.44,-1.0,4.0,2.05,7.0,2.0,8.36,1.44,7.0,1.76,4.32,1.5,2.06,1.83,1.91,7.0,1.81,6.75,2.19,1.79,4.1,1.4,8.12,1.8,4.54,8.0,4.0,1.5,4.2,7.18,1.97,4.3,4.1,1.45,2.02,1.44,2.05,1.44,1.82,PAOK,Atromitos,PAOK_Atromitos_2020
6,1.88,1.98,1.2,-1.75,5.8,1.77,13.0,1.7,15.0,1.21,12.0,1.94,6.53,1.25,1.85,2.02,2.26,13.0,2.14,12.0,1.94,1.98,6.5,1.2,14.94,2.1,7.0,15.0,6.0,1.25,6.08,12.24,1.7,6.25,6.0,1.19,1.69,1.2,1.88,1.21,2.12,Olympiakos,Asteras Tripolis,Olympiakos_Asteras Tripolis_2020
7,2.04,1.77,6.0,1.0,3.6,2.24,1.53,2.2,1.63,6.06,1.6,1.76,3.67,6.25,2.05,1.82,1.72,1.55,1.65,1.53,2.11,1.75,3.7,7.0,1.58,1.65,3.9,1.57,3.75,7.0,3.63,1.57,2.17,3.55,3.7,6.25,2.17,6.5,2.02,6.37,1.66,Panetolikos,AEK,Panetolikos_AEK_2020
8,1.86,1.98,2.75,0.0,2.9,2.56,2.62,2.5,2.72,2.79,2.65,1.94,2.97,2.85,1.88,1.98,1.57,2.7,1.5,2.6,1.93,1.92,3.0,2.75,2.72,1.5,3.13,2.62,3.1,2.95,2.94,2.63,2.48,2.8,2.9,2.75,2.52,2.88,1.88,2.95,1.51,Lamia,OFI Crete,Lamia_OFI Crete_2020
9,1.84,2.0,3.6,0.25,3.1,2.3,2.1,2.3,2.25,3.52,2.25,1.95,3.0,3.6,1.87,2.04,1.7,2.1,1.64,2.05,1.9,1.93,3.1,3.75,2.25,1.6,3.34,2.15,3.1,3.75,3.0,2.17,2.21,2.9,3.0,3.7,2.22,3.5,1.8,3.74,1.63,Volos NFC,Aris,Volos NFC_Aris_2020
10,1.81,2.02,12.0,1.5,5.25,1.83,1.25,1.72,1.3,11.08,1.3,1.98,5.42,11.0,1.84,2.06,2.2,1.22,2.06,1.25,1.89,1.96,5.25,11.0,1.27,2.07,5.75,1.25,5.75,13.0,5.29,1.25,1.72,5.25,5.5,11.0,1.74,13.0,1.77,12.83,2.07,Volos NFC,PAOK,Volos NFC_PAOK_2020
11,1.84,2.0,1.25,-1.75,5.5,1.59,11.0,1.57,13.0,1.23,11.0,1.96,7.2,1.27,1.92,2.08,2.47,10.5,2.45,9.75,1.92,1.88,5.75,1.25,12.05,2.35,7.32,12.0,5.75,1.28,5.98,10.67,1.55,5.75,5.5,1.25,1.53,1.24,1.85,1.21,2.36,Olympiakos,Panetolikos,Olympiakos_Panetolikos_2020
12,1.8,2.05,1.53,-1.0,3.5,2.33,6.5,2.25,7.24,1.53,6.5,2.0,3.85,1.6,1.78,2.11,1.67,6.5,1.63,6.5,1.9,2.05,3.8,1.53,7.23,1.61,3.9,7.0,3.8,1.62,3.72,6.37,2.24,3.55,3.7,1.5,2.23,1.55,1.8,1.53,1.61,Aris,Giannina,Aris_Giannina_2020
13,1.84,1.98,2.25,-0.25,3.1,2.41,3.5,2.4,3.5,2.29,3.5,1.96,3.07,2.4,1.82,2.02,1.66,3.2,1.61,3.3,1.93,1.99,3.0,2.25,3.34,1.53,3.25,3.25,3.0,2.4,3.03,3.21,2.28,2.95,3.1,2.25,2.26,2.3,1.88,2.39,1.59,OFI Crete,Atromitos,OFI Crete_Atromitos_2020
14,1.97,1.88,1.25,-1.5,5.25,1.77,9.0,1.7,14.11,1.25,11.0,1.82,5.81,1.3,1.96,1.92,2.2,10.5,2.11,10.5,2.08,1.84,5.5,1.28,14.11,2.1,6.0,13.0,5.5,1.3,5.43,10.83,1.68,5.25,5.25,1.25,1.7,1.25,1.98,1.24,2.11,AEK,Lamia,AEK_Lamia_2020
15,1.9,1.93,3.3,0.25,3.1,2.39,2.2,2.3,2.35,3.22,2.35,1.89,3.24,3.8,1.94,1.98,1.64,2.2,1.61,2.2,1.94,1.85,3.1,3.4,2.31,1.6,3.3,2.25,3.2,3.8,3.17,2.22,2.26,3.2,3.13,3.3,2.28,3.25,1.93,3.3,1.59,Larisa,Panathinaikos,Larisa_Panathinaikos_2020
16,2.04,1.8,2.45,0.0,3.1,2.21,2.87,2.1,3.3,2.46,3.3,1.78,3.25,2.6,2.05,1.86,1.74,2.8,1.68,2.85,2.1,1.77,3.1,2.45,2.93,1.7,3.32,2.88,3.25,2.65,3.19,2.83,2.12,3.2,3.2,2.45,2.15,2.5,2.05,2.53,1.68,Panetolikos,Asteras Tripolis,Panetolikos_Asteras Tripolis_2020
17,1.81,2.0,1.95,-0.5,3.2,2.38,4.0,2.25,4.23,1.96,3.8,1.97,3.29,2.05,1.85,2.04,1.65,3.9,1.58,3.9,1.87,1.95,3.25,1.95,4.23,1.61,3.38,3.9,3.3,2.05,3.24,3.87,2.26,3.35,3.2,1.95,2.32,2.0,1.85,1.98,1.6,Panathinaikos,Aris,Panathinaikos_Aris_2020
18,2.01,,2.55,0.0,3.0,2.51,2.8,2.4,2.96,2.52,2.85,1.79,3.17,2.55,2.05,1.89,1.59,2.8,1.53,2.8,2.09,1.77,2.95,2.62,2.96,1.53,3.18,2.9,3.1,2.62,3.05,2.83,2.41,2.95,3.0,2.6,2.45,2.55,,2.56,1.54,Apollon,Larisa,Apollon_Larisa_2020
19,1.98,1.85,1.25,-1.5,5.8,1.77,12.0,1.72,13.71,1.23,11.0,1.82,6.4,1.3,1.97,1.88,2.18,11.0,2.11,11.0,2.04,1.83,5.75,1.25,13.71,2.07,6.5,13.0,5.5,1.3,5.67,11.1,1.69,5.25,5.25,1.22,1.7,1.22,2.0,1.22,2.09,PAOK,OFI Crete,PAOK_OFI Crete_2020
20,1.81,2.0,8.5,1.25,4.5,1.78,1.36,1.72,1.4,7.91,1.4,1.98,4.92,8.0,1.81,2.04,2.15,1.33,2.12,1.36,1.88,2.0,4.75,8.0,1.37,2.07,5.0,1.35,4.75,9.0,4.71,1.35,1.71,4.6,4.75,7.25,1.7,9.0,1.85,8.47,2.09,Giannina,Olympiakos,Giannina_Olympiakos_2020
21,1.79,2.05,3.7,0.25,3.1,2.56,2.0,2.3,2.2,3.55,2.2,1.98,3.14,3.9,1.84,2.09,1.6,2.05,1.5,2.0,1.84,1.97,3.2,3.75,2.2,1.6,3.4,2.15,3.4,3.75,3.13,2.1,2.42,3.05,3.13,3.7,2.53,3.6,1.75,3.7,1.53,Atromitos,AEK,Atromitos_AEK_2020
22,1.74,2.05,2.4,-0.25,3.1,2.34,3.0,2.25,3.7,2.37,3.7,2.07,,2.45,,2.12,1.67,2.9,,3.0,1.81,,3.0,2.4,,1.61,3.25,3.0,3.1,2.5,3.09,2.98,2.23,3.1,3.1,2.4,,2.45,1.75,,1.61,Lamia,Volos NFC,Lamia_Volos NFC_2020
23,1.86,1.95,2.2,-0.25,3.25,2.39,3.25,2.2,3.25,2.26,3.1,1.96,3.46,2.3,1.83,2.02,1.7,3.13,1.65,3.0,1.95,2.02,3.3,2.2,3.01,1.65,3.46,3.1,3.1,2.45,3.29,3.02,2.19,3.15,3.25,2.25,2.24,2.25,1.9,2.34,1.64,Volos NFC,Giannina,Volos NFC_Giannina_2020
24,2.05,,1.57,-0.75,3.7,2.28,5.75,2.2,6.0,1.57,6.0,1.78,3.96,1.6,2.07,1.82,1.7,6.0,1.65,6.0,2.09,1.79,3.7,1.55,5.65,1.65,4.01,6.0,3.6,1.63,3.79,5.65,2.19,3.7,3.6,1.55,2.2,1.57,,1.57,1.64,Aris,Apollon,Aris_Apollon_2020
25,1.91,1.95,1.29,-1.5,5.25,1.79,10.0,1.72,12.0,1.27,10.0,1.9,5.77,1.33,1.91,2.0,2.16,10.0,2.1,12.0,2.0,1.93,5.0,1.28,11.79,2.07,6.0,11.0,4.75,1.33,5.32,10.2,1.72,5.0,5.0,1.26,1.73,1.27,1.9,1.25,2.07,Olympiakos,Atromitos,Olympiakos_Atromitos_2020
26,1.92,1.9,3.13,0.25,3.1,2.27,2.2,2.2,2.3,3.2,2.25,1.89,3.33,3.35,1.89,2.0,1.7,2.25,1.66,2.3,2.02,1.94,3.25,3.0,2.2,1.65,3.34,2.25,3.25,3.38,3.22,2.2,2.2,3.1,3.2,3.0,2.23,3.25,1.95,3.38,1.64,OFI Crete,Panathinaikos,OFI Crete_Panathinaikos_2020
27,2.1,1.77,2.55,0.0,3.0,2.52,2.8,2.25,3.25,2.52,3.15,1.73,2.81,2.55,2.16,1.82,1.61,3.0,1.52,3.1,2.16,1.71,2.85,2.37,3.25,1.61,3.2,3.1,3.2,2.65,2.85,3.05,2.4,2.7,2.8,2.45,2.52,2.45,2.1,2.59,1.54,Larisa,Asteras Tripolis,Larisa_Asteras Tripolis_2020
28,1.83,2.0,2.8,0.0,3.2,2.1,2.45,2.05,2.69,2.77,2.6,1.98,3.05,2.8,1.86,2.04,1.83,2.6,1.79,2.6,1.91,1.98,2.95,2.87,2.69,1.75,3.4,2.5,3.0,2.87,3.05,2.57,2.01,2.95,3.0,2.8,2.05,2.8,1.85,2.86,1.76,AEK,PAOK,AEK_PAOK_2020
29,1.81,2.02,2.4,-0.25,3.1,2.41,3.3,2.25,3.58,2.33,3.4,1.99,2.8,2.4,1.83,2.07,1.66,3.13,1.6,3.4,1.86,2.01,2.9,2.3,3.58,1.61,3.22,3.1,3.1,2.45,2.9,3.27,2.26,2.8,2.9,2.25,2.34,2.38,1.83,2.42,1.6,Lamia,Panetolikos,Lamia_Panetolikos_2020
30,2.11,1.73,2.45,0.0,2.9,2.67,3.25,2.5,3.33,2.49,3.25,1.73,2.74,2.5,2.18,1.8,1.54,3.1,1.48,3.2,2.21,1.69,2.8,2.4,3.33,1.5,3.1,3.0,2.9,2.6,2.85,3.11,2.54,2.7,2.9,2.45,2.66,2.55,2.08,2.6,1.49,Apollon,Giannina,Apollon_Giannina_2020
31,1.89,1.98,1.53,-1.0,4.0,2.1,7.0,2.0,7.0,1.51,6.25,1.93,4.17,1.55,1.88,2.0,1.9,6.0,1.83,6.75,1.96,1.96,3.8,1.5,6.7,1.8,4.2,6.5,4.0,1.55,4.03,6.12,1.95,3.8,3.9,1.5,2.0,1.5,1.88,1.5,1.83,Panathinaikos,Volos NFC,Panathinaikos_Volos NFC_2020
32,2.01,1.85,2.1,-0.25,3.4,2.04,3.5,2.0,3.5,2.05,3.45,1.8,3.67,2.05,2.06,1.88,1.89,3.3,1.88,3.5,2.06,1.78,3.4,2.05,3.43,1.8,3.67,3.4,3.5,2.13,3.44,3.34,1.94,3.45,3.3,2.0,1.94,2.1,2.0,2.05,1.82,Asteras Tripolis,OFI Crete,Asteras Tripolis_OFI Crete_2020
33,1.93,1.9,4.8,0.75,3.5,2.06,1.66,2.0,1.78,4.72,1.73,1.87,3.69,4.9,1.98,1.96,1.87,1.7,1.84,1.67,2.03,1.86,3.5,5.5,1.74,1.8,3.75,1.73,3.5,5.5,3.59,1.7,1.98,3.5,3.6,5.0,1.99,4.8,1.95,4.81,1.8,Giannina,AEK,Giannina_AEK_2020
34,2.01,1.8,1.75,-0.5,3.4,2.26,4.2,2.15,4.6,1.78,4.9,1.8,3.65,1.83,2.07,1.84,1.71,4.5,1.66,4.1,2.07,1.78,3.4,1.85,4.57,1.66,3.65,4.5,3.5,1.85,3.47,4.34,2.18,3.45,3.4,1.83,2.22,1.8,2.05,1.78,1.65,Atromitos,Panetolikos,Atromitos_Panetolikos_2020
35,1.87,,1.15,-2.0,7.0,1.67,17.0,1.6,17.69,1.16,17.0,1.98,7.91,1.2,1.9,2.06,2.41,17.0,2.41,14.5,2.02,1.93,7.0,1.12,17.63,2.3,8.5,17.0,8.5,1.21,7.04,15.4,1.59,7.0,6.5,1.15,1.57,1.15,,1.15,2.3,Olympiakos,Apollon,Olympiakos_Apollon_2020
36,1.92,1.9,1.85,-0.5,3.2,2.4,5.25,2.3,5.27,1.88,4.9,1.89,2.99,1.9,1.94,1.96,1.64,4.33,1.58,5.25,1.99,1.89,2.95,1.85,5.25,1.6,3.42,4.2,3.0,1.95,3.08,4.63,2.32,2.95,3.25,1.83,2.37,1.91,1.95,1.89,1.58,Atromitos,Giannina,Atromitos_Giannina_2020
37,1.86,1.98,2.3,-0.25,2.9,2.39,3.6,2.3,3.79,2.29,3.6,1.97,2.89,2.3,1.93,2.05,1.64,3.1,1.61,3.3,1.96,1.9,2.9,2.3,3.79,1.6,3.26,3.3,2.9,2.4,2.9,3.42,2.31,2.8,3.1,2.3,2.33,2.35,1.88,2.27,1.58,Volos NFC,Larisa,Volos NFC_Larisa_2020
38,1.97,1.85,4.33,0.5,2.9,2.88,1.9,2.7,2.05,4.7,2.0,1.83,2.81,5.25,1.98,1.9,1.47,1.93,1.44,1.9,2.08,1.85,2.85,5.0,1.98,1.44,3.1,1.95,2.9,5.22,2.87,1.95,2.7,2.8,3.0,5.0,2.8,4.75,2.0,5.2,1.43,Lamia,Panathinaikos,Lamia_Panathinaikos_2020
39,1.87,1.83,1.87,-0.5,3.1,2.58,4.75,2.5,4.66,1.93,4.4,1.92,3.17,1.95,1.84,2.0,1.56,4.33,1.52,,2.01,2.0,,1.83,4.24,1.5,3.3,4.2,3.2,2.02,3.15,4.2,2.48,3.0,3.2,,2.54,1.95,2.02,2.0,1.51,Aris,Asteras Tripolis,Aris_Asteras Tripolis_2020
40,2.07,,5.5,1.0,,2.03,,,1.65,5.45,1.63,1.75,,5.75,,1.8,1.87,1.57,,,2.14,,,,,,4.0,,,6.0,3.83,1.6,1.94,3.75,3.8,,,,,,1.82,Panetolikos,PAOK,Panetolikos_PAOK_2020
41,1.88,1.98,1.4,-1.25,4.4,1.82,9.0,1.75,9.0,1.38,7.75,1.93,4.81,1.5,1.86,2.04,2.15,7.0,2.07,8.0,2.02,1.97,5.0,1.33,8.1,2.05,5.0,8.0,5.0,1.46,4.63,7.26,1.74,4.4,4.4,1.33,1.76,1.4,1.88,1.38,2.05,AEK,OFI Crete,AEK_OFI Crete_2020
42,2.0,1.68,1.45,-1.0,3.9,2.44,9.0,2.25,9.0,1.44,7.25,1.83,4.08,1.5,2.02,1.92,1.67,7.5,1.6,8.0,2.05,1.84,4.2,1.4,8.18,1.61,4.33,8.0,4.33,1.51,4.05,7.58,2.27,3.9,3.9,1.4,2.36,1.44,2.15,1.46,1.61,Panathinaikos,Apollon,Panathinaikos_Apollon_2020
43,1.97,1.83,1.8,-0.5,3.4,2.31,4.33,2.25,4.65,1.82,4.4,1.82,3.64,1.83,2.02,1.88,1.68,4.5,1.64,4.2,2.04,1.83,3.4,1.8,4.32,1.61,3.64,4.4,3.6,1.88,3.47,4.26,2.23,3.35,3.3,1.83,2.26,1.83,2.02,1.83,1.62,Giannina,Larisa,Giannina_Larisa_2020
44,1.88,1.9,1.85,-0.5,3.1,2.63,4.5,2.5,4.5,1.91,4.3,1.91,3.3,1.95,1.88,1.95,1.53,4.4,1.5,4.0,1.99,1.95,3.25,1.9,4.24,1.5,3.36,4.33,3.1,1.97,3.21,4.15,2.52,3.1,3.2,1.91,2.61,1.95,1.95,1.95,1.49,Giannina,Panetolikos,Giannina_Panetolikos_2020
45,1.77,2.05,1.75,-0.75,3.25,2.44,4.75,2.35,4.95,1.78,5.0,2.04,3.42,1.85,1.76,2.11,1.62,4.8,1.58,4.5,1.83,2.09,3.5,1.75,4.91,1.57,3.6,4.8,3.6,1.84,3.37,4.61,2.35,3.3,3.3,1.75,2.39,1.8,1.8,1.79,1.57,Panathinaikos,Atromitos,Panathinaikos_Atromitos_2020
46,2.0,1.83,9.0,1.5,4.6,1.79,1.33,1.7,1.37,8.25,1.35,1.8,4.97,9.0,2.03,1.9,2.31,1.3,2.08,1.33,2.07,1.82,5.0,8.0,1.35,2.1,5.25,1.33,5.25,9.5,4.86,1.33,1.7,4.8,4.8,7.75,1.75,9.5,2.02,8.8,2.1,OFI Crete,Olympiakos,OFI Crete_Olympiakos_2020
47,1.91,,9.0,1.25,4.2,2.13,1.4,2.07,1.41,8.68,1.4,1.88,4.47,9.0,1.93,1.97,1.81,1.36,1.77,1.34,1.97,1.9,4.6,7.0,1.36,1.72,4.75,1.35,4.75,11.0,4.35,1.37,2.04,4.2,4.33,8.5,2.05,11.0,,10.18,1.75,Apollon,PAOK,Apollon_PAOK_2020
48,1.98,1.85,3.3,0.25,2.9,2.88,2.25,2.7,2.45,3.24,2.35,1.83,3.06,3.35,2.02,1.89,1.46,2.3,1.43,2.15,2.09,1.82,3.1,3.4,2.39,1.44,3.1,2.38,3.0,3.52,2.98,2.32,2.75,2.8,2.9,3.4,2.81,3.25,2.0,3.29,1.42,Lamia,Asteras Tripolis,Lamia_Asteras Tripolis_2020
49,1.96,1.75,1.8,-0.5,3.2,2.45,5.0,2.4,5.64,1.83,5.0,1.84,3.01,1.85,1.98,1.95,1.62,4.6,1.56,5.25,2.11,1.85,3.0,1.8,5.47,1.53,3.38,5.0,3.25,1.96,3.1,4.91,2.38,2.95,3.25,1.8,2.43,1.78,2.05,1.85,1.55,Atromitos,Apollon,Atromitos_Apollon_2020
50,1.99,1.93,1.5,-1.0,4.0,2.23,6.5,2.15,7.5,1.46,7.5,1.81,4.25,1.5,1.99,1.94,1.75,6.5,1.69,7.0,2.12,1.85,4.1,1.5,7.21,1.66,4.33,7.5,4.2,1.53,4.08,6.87,2.14,3.85,3.8,1.44,2.16,1.47,1.93,1.46,1.68,Olympiakos,Panathinaikos,Olympiakos_Panathinaikos_2020
51,1.82,2.02,1.29,-1.5,4.8,2.12,11.0,2.0,13.25,1.28,11.0,1.99,5.86,1.33,1.83,2.07,1.95,11.0,1.81,11.0,1.95,2.01,5.75,1.25,12.71,1.8,6.0,13.0,5.5,1.35,5.09,10.85,2.01,4.6,4.75,1.22,2.02,1.27,1.83,1.24,1.79,AEK,Larisa,AEK_Larisa_2020
52,2.01,1.8,3.13,0.25,3.0,2.61,2.3,2.5,2.46,3.1,2.4,1.8,3.09,3.15,2.05,1.86,1.59,2.38,1.5,2.3,2.12,1.81,3.1,3.25,2.41,1.5,3.18,2.38,3.1,3.35,3.05,2.34,2.48,2.9,3.0,3.1,2.6,3.2,2.05,3.21,1.51,Panetolikos,Aris,Panetolikos_Aris_2020
53,1.93,1.9,1.25,-1.5,5.5,1.8,12.0,1.72,12.0,1.25,10.0,1.87,6.12,1.3,1.93,1.94,2.16,11.0,2.12,10.5,2.02,1.9,5.5,1.25,11.13,2.07,6.5,12.0,5.5,1.31,5.49,10.29,1.73,5.0,5.25,1.25,1.72,1.24,1.95,1.24,2.06,PAOK,Giannina,PAOK_Giannina_2020
54,2.06,1.77,2.5,0.0,3.1,2.26,2.75,2.2,3.25,2.51,3.25,1.76,2.84,2.7,2.12,1.86,1.71,2.88,1.64,2.8,2.14,1.75,2.9,2.5,3.16,1.65,3.3,2.8,3.3,2.7,2.96,2.95,2.2,3.1,3.0,2.65,2.26,2.55,2.1,2.63,1.64,Volos NFC,OFI Crete,Volos NFC_OFI Crete_2020
55,1.8,,1.57,-1.0,3.8,2.25,6.0,2.2,6.85,1.53,6.25,2.02,4.1,1.57,1.82,2.14,1.75,6.0,1.7,6.0,1.87,2.03,4.0,1.55,6.51,1.65,4.2,6.5,4.0,1.59,3.88,6.15,2.14,3.6,3.6,1.5,2.15,1.52,,1.52,1.67,Asteras Tripolis,Apollon,Asteras Tripolis_Apollon_2020
56,1.79,2.05,2.88,0.0,3.0,2.48,2.45,2.4,2.61,2.83,2.55,2.02,3.21,2.85,1.81,2.09,1.6,2.5,1.56,2.5,1.86,2.04,3.1,2.87,2.56,1.53,3.21,2.55,3.1,2.9,3.09,2.5,2.39,2.95,3.0,2.8,2.43,2.88,1.8,2.88,1.54,Larisa,Atromitos,Larisa_Atromitos_2020
57,1.76,2.05,5.5,0.75,3.9,1.89,1.57,1.75,1.68,5.38,1.65,2.05,3.82,6.25,1.76,2.11,2.09,1.57,2.06,1.57,1.83,2.08,3.8,5.25,1.61,2.05,4.2,1.57,4.2,5.8,3.8,1.6,1.77,3.65,3.75,5.5,1.76,5.5,1.75,5.8,2.01,Aris,Olympiakos,Aris_Olympiakos_2020
58,1.84,2.02,1.36,-1.25,4.2,2.21,9.5,2.15,10.0,1.38,8.5,1.97,4.57,1.43,1.79,2.06,1.76,9.0,1.69,8.25,1.99,2.06,4.4,1.36,8.72,1.66,4.9,10.0,4.5,1.45,4.35,8.29,2.15,4.0,4.2,1.36,2.17,1.36,1.83,1.38,1.67,Panathinaikos,Panetolikos,Panathinaikos_Panetolikos_2020
59,1.94,1.88,2.15,-0.25,3.2,2.14,3.3,2.07,3.4,2.15,3.35,1.86,3.34,2.2,1.95,1.92,1.85,3.25,1.81,3.1,2.04,1.88,3.2,2.1,3.39,1.72,3.4,3.4,3.4,2.25,3.26,3.25,2.02,3.15,3.25,2.25,2.03,2.15,1.98,2.19,1.76,OFI Crete,Giannina,OFI Crete_Giannina_2020
60,2.05,1.77,8.0,1.25,4.0,2.23,1.36,2.15,1.45,8.03,1.43,1.77,4.26,8.25,2.06,1.83,1.73,1.4,1.68,1.36,2.14,1.79,4.4,9.0,1.4,1.66,4.5,1.4,4.5,9.5,4.17,1.4,2.14,3.95,4.0,8.5,2.18,9.5,2.1,9.23,1.67,Lamia,PAOK,Lamia_PAOK_2020
61,2.01,1.83,3.75,0.5,3.2,2.37,1.95,2.25,2.09,3.77,2.0,1.79,3.26,3.9,2.01,1.85,1.68,2.0,1.63,1.95,2.09,1.83,3.3,4.0,2.01,1.61,3.38,2.05,3.3,4.03,3.22,2.0,2.25,3.15,3.2,3.8,2.27,3.7,2.02,4.03,1.61,Asteras Tripolis,AEK,Asteras Tripolis_AEK_2020
62,1.84,,2.38,-0.25,2.8,2.46,3.1,2.4,3.64,2.31,3.45,1.95,2.79,2.35,1.85,2.04,1.63,3.2,1.55,3.5,1.94,1.98,2.8,2.3,3.6,1.53,3.25,3.6,3.25,2.4,2.84,3.4,2.37,2.7,2.9,2.3,2.41,2.3,,2.36,1.54,Apollon,Volos NFC,Apollon_Volos NFC_2020
63,1.83,1.8,2.75,0.0,3.0,2.55,2.75,2.42,2.75,2.82,2.7,1.92,,2.8,,1.96,1.53,2.7,,2.7,1.92,,2.8,2.9,,1.52,3.0,3.2,2.8,2.9,2.85,2.7,2.47,2.8,2.9,2.85,,2.35,2.05,,1.51,Larisa,Aris,Larisa_Aris_2020
64,2.07,1.77,2.55,0.0,2.9,2.63,3.0,2.5,3.12,2.5,3.0,1.75,2.95,2.55,2.09,1.82,1.55,2.9,1.5,3.1,2.16,1.78,2.9,2.5,3.06,1.5,3.13,3.0,3.0,2.61,2.93,2.98,2.51,2.8,2.9,2.45,2.6,2.55,2.1,2.61,1.5,Atromitos,Aris,Atromitos_Aris_2020
65,1.89,1.95,1.15,-2.0,6.5,1.54,13.0,1.53,17.0,1.16,14.0,1.91,7.6,1.2,1.88,2.0,2.59,15.0,2.52,13.0,1.96,1.94,7.5,1.16,15.08,2.4,8.0,17.0,7.5,1.21,7.09,14.14,1.5,6.75,7.0,1.15,1.51,1.17,1.9,1.16,2.48,Olympiakos,Volos NFC,Olympiakos_Volos NFC_2020
66,1.75,2.1,1.83,-0.75,3.4,2.1,4.5,2.07,4.5,1.81,4.3,2.07,3.5,1.85,1.72,2.14,1.83,4.2,1.79,4.0,1.83,2.14,3.6,1.75,4.43,1.72,3.75,4.33,3.6,1.87,3.5,4.23,2.01,3.3,3.4,1.8,2.04,1.83,1.7,1.85,1.76,OFI Crete,Apollon,OFI Crete_Apollon_2020
67,2.0,1.83,1.8,-0.5,3.2,2.62,4.75,2.5,5.08,1.78,4.9,1.78,3.29,1.83,2.04,1.84,1.55,4.75,1.49,4.75,2.09,1.81,3.5,1.8,5.06,1.5,3.5,5.0,3.4,1.84,3.29,4.73,2.53,3.1,3.2,1.72,2.61,1.8,2.02,1.81,1.49,Giannina,Lamia,Giannina_Lamia_2020
68,1.81,2.05,1.3,-1.5,4.8,1.83,10.0,1.8,11.16,1.3,9.0,2.0,5.44,1.35,1.79,2.09,2.07,9.0,2.05,8.5,1.87,2.06,5.5,1.28,11.16,2.0,5.5,11.0,5.5,1.36,5.06,9.07,1.76,4.8,4.8,1.28,1.77,1.3,1.8,1.28,2.01,PAOK,Asteras Tripolis,PAOK_Asteras Tripolis_2020
69,1.87,1.93,1.9,-0.5,3.3,2.33,4.2,2.25,4.2,1.89,4.4,1.91,3.57,1.95,1.94,1.97,1.67,4.1,1.64,4.1,1.95,1.89,3.5,1.85,4.11,1.61,3.58,4.2,3.4,2.01,3.4,3.96,2.23,3.3,3.25,1.83,2.26,1.91,1.93,1.89,1.62,AEK,Panathinaikos,AEK_Panathinaikos_2020
70,1.74,2.1,2.5,-0.25,2.8,2.77,3.1,2.7,3.66,2.46,3.6,2.06,2.72,2.55,1.76,2.14,1.48,3.2,1.45,3.3,1.79,2.1,2.65,2.45,3.47,1.44,3.0,3.2,3.0,2.55,2.71,3.27,2.68,2.6,2.7,2.5,2.77,2.5,1.77,2.54,1.44,Panetolikos,Larisa,Panetolikos_Larisa_2020
71,1.82,2.0,1.75,-0.75,3.4,2.31,5.5,2.25,5.76,1.73,5.5,1.98,3.29,1.75,1.85,2.05,1.68,4.75,1.64,5.75,1.89,2.0,3.25,1.7,5.73,1.61,3.65,5.0,3.3,1.8,3.31,5.18,2.24,3.15,3.4,1.67,2.26,1.73,1.85,1.74,1.62,Asteras Tripolis,Volos NFC,Asteras Tripolis_Volos NFC_2020
72,1.96,1.88,2.63,0.0,3.0,2.5,2.8,2.35,2.99,2.66,2.9,1.84,2.79,2.7,1.95,1.94,1.6,2.8,1.56,2.9,2.04,1.88,2.85,2.62,2.94,1.57,3.2,2.75,3.2,2.9,2.88,2.84,2.37,2.7,2.9,2.6,2.42,2.7,1.98,2.85,1.55,Larisa,OFI Crete,Larisa_OFI Crete_2020
73,1.77,2.05,1.57,-1.0,3.8,2.23,6.0,2.15,6.25,1.55,6.25,2.02,4.16,1.57,1.78,2.16,1.75,5.75,1.68,5.5,1.85,2.08,3.9,1.55,5.95,1.66,4.2,5.8,4.0,1.63,3.89,5.73,2.13,3.65,3.7,1.55,2.18,1.57,1.75,1.54,1.68,Panathinaikos,Giannina,Panathinaikos_Giannina_2020
74,1.79,2.02,15.0,1.5,5.0,2.04,1.2,2.0,1.26,13.69,1.25,2.0,5.48,14.0,1.81,2.06,1.87,1.2,1.83,1.22,1.88,2.04,5.5,17.0,1.23,1.8,5.86,1.24,5.5,17.0,5.41,1.22,1.96,5.25,5.5,13.5,1.99,15.0,1.77,14.63,1.81,Lamia,Olympiakos,Lamia_Olympiakos_2020
75,1.99,1.85,7.0,1.0,3.6,2.34,1.53,2.25,1.65,6.39,1.55,1.8,3.7,7.0,2.04,1.91,1.67,1.5,1.63,1.6,2.11,1.81,3.6,7.0,1.56,1.61,3.86,1.53,3.75,7.1,3.66,1.54,2.27,3.55,3.7,5.75,2.28,7.0,1.95,6.91,1.59,Apollon,AEK,Apollon_AEK_2020
76,1.91,1.9,2.25,-0.25,3.1,2.39,3.75,2.25,3.76,2.21,3.6,1.88,2.94,2.25,1.94,1.95,1.66,3.5,1.65,3.5,2.01,1.89,2.75,2.15,3.76,1.61,3.28,3.4,3.0,2.3,2.99,3.48,2.26,2.85,2.9,2.3,2.24,2.2,1.95,2.25,1.61,Volos NFC,Panetolikos,Volos NFC_Panetolikos_2020
77,1.96,1.85,3.13,0.25,3.1,2.46,2.25,2.35,2.37,3.14,2.35,1.84,3.15,3.2,2.01,1.89,1.61,2.3,1.56,2.25,2.03,1.83,3.2,3.2,2.36,1.57,3.25,2.3,3.25,3.3,3.11,2.29,2.36,2.95,3.1,3.1,2.42,3.2,2.0,3.24,1.55,Aris,PAOK,Aris_PAOK_2020
78,1.89,1.93,2.25,-0.25,3.0,2.38,3.6,2.3,3.7,2.23,3.5,1.9,2.93,2.25,1.89,1.96,1.65,3.4,1.61,3.6,2.0,1.94,2.9,2.2,3.62,1.6,3.25,3.5,3.0,2.35,2.93,3.47,2.3,2.85,2.9,2.2,2.32,2.2,1.93,2.31,1.59,Asteras Tripolis,Atromitos,Asteras Tripolis_Atromitos_2020
79,1.77,2.05,3.7,0.25,2.9,2.5,2.05,2.4,2.17,3.84,2.1,2.04,3.04,3.85,1.8,2.13,1.62,2.05,1.62,2.05,1.85,2.05,3.0,4.0,2.13,1.53,3.13,2.1,3.1,4.05,3.0,2.08,2.37,3.0,3.1,3.9,2.3,4.0,1.8,3.95,1.55,AEK,Olympiakos,AEK_Olympiakos_2020
80,1.78,,2.38,-0.25,2.9,2.63,3.2,2.4,3.49,2.4,3.3,2.03,2.83,2.45,1.79,2.13,1.57,3.2,1.54,3.4,1.85,2.06,2.85,2.3,3.42,1.53,3.1,3.2,3.1,2.5,2.88,3.23,2.47,2.85,2.9,2.3,2.48,2.45,,2.48,1.52,Panetolikos,Apollon,Panetolikos_Apollon_2020
81,1.76,2.1,2.88,0.0,3.1,2.42,2.5,2.35,2.55,2.86,2.5,2.06,3.22,2.85,1.76,2.12,1.63,2.5,1.58,2.55,1.83,2.1,3.1,2.9,2.49,1.57,3.25,2.5,3.1,2.97,3.11,2.47,2.34,3.1,3.0,2.75,2.39,2.9,1.77,2.96,1.57,OFI Crete,Aris,OFI Crete_Aris_2020
82,1.95,1.85,1.14,-2.0,7.0,1.58,13.0,1.57,19.48,1.15,16.0,1.85,8.4,1.17,1.97,1.98,2.51,17.0,2.49,11.5,2.04,1.85,7.25,1.16,19.35,2.35,8.5,19.0,7.5,1.19,7.26,15.19,1.54,7.0,7.0,1.17,1.53,1.14,2.0,1.13,2.4,Olympiakos,Larisa,Olympiakos_Larisa_2020
83,1.98,1.85,1.62,-0.75,3.7,2.33,6.0,2.25,6.0,1.61,6.0,1.82,3.92,1.67,2.01,1.9,1.7,5.75,1.63,5.25,2.04,1.83,3.7,1.6,5.45,1.61,3.94,5.8,3.75,1.66,3.7,5.33,2.25,3.65,3.5,1.62,2.27,1.6,2.0,1.62,1.61,PAOK,Panathinaikos,PAOK_Panathinaikos_2020
84,2.12,1.73,2.5,0.0,2.88,2.47,3.1,2.35,3.37,2.52,3.2,1.72,2.74,2.5,2.21,1.81,1.61,3.0,1.56,3.1,2.21,1.68,2.75,2.5,3.37,1.57,3.18,3.0,2.9,2.65,2.81,3.09,2.38,2.8,2.9,2.55,2.44,2.55,2.15,2.58,1.55,Giannina,Asteras Tripolis,Giannina_Asteras Tripolis_2020
85,1.79,2.1,1.3,-1.5,4.8,1.95,8.5,1.85,10.16,1.31,8.75,2.01,5.46,1.35,1.79,2.11,2.05,9.5,1.95,8.25,1.87,2.07,5.25,1.33,10.16,1.95,5.5,9.5,5.0,1.38,5.04,8.69,1.83,4.8,4.8,1.3,1.87,1.32,1.77,1.29,1.96,AEK,Volos NFC,AEK_Volos NFC_2020
86,1.97,1.85,1.8,-0.5,3.3,2.46,4.33,2.4,4.55,1.84,4.3,1.83,3.51,1.85,1.99,1.9,1.61,4.5,1.56,4.25,2.05,1.85,3.4,1.83,4.4,1.53,3.6,4.4,3.6,2.01,3.39,4.25,2.4,3.4,3.3,1.83,2.42,1.85,2.0,1.85,1.54,Panathinaikos,Asteras Tripolis,Panathinaikos_Asteras Tripolis_2020
87,1.78,2.1,3.0,0.0,3.0,2.46,2.7,2.4,2.7,2.93,2.55,2.04,2.97,2.95,1.81,2.12,1.61,2.5,1.56,2.65,1.85,2.04,2.7,2.9,2.65,1.53,3.18,2.55,2.9,3.02,2.92,2.56,2.4,2.9,2.9,3.0,2.43,2.88,1.77,2.98,1.54,Panetolikos,OFI Crete,Panetolikos_OFI Crete_2020
88,1.8,,2.0,-0.5,3.1,2.58,4.2,2.4,4.33,1.98,4.1,1.99,3.13,2.0,1.85,2.05,1.56,3.9,1.52,4.33,1.85,2.0,3.1,1.9,4.33,1.53,3.28,4.0,3.25,2.05,3.11,4.03,2.47,3.1,3.1,1.9,2.53,2.0,,2.0,1.51,Giannina,Apollon,Giannina_Apollon_2020
89,2.0,1.85,8.0,1.25,4.2,2.14,1.4,2.0,1.48,7.82,1.43,1.81,4.16,8.0,1.99,1.89,1.83,1.4,1.81,1.44,2.16,1.85,4.0,9.0,1.41,1.8,4.4,1.4,4.2,9.34,4.2,1.41,2.02,4.3,4.2,7.5,2.02,8.5,2.0,9.27,1.77,Larisa,PAOK,Larisa_PAOK_2020
90,1.8,2.05,1.55,-1.0,3.8,2.23,6.0,2.1,6.5,1.54,6.0,2.0,4.06,1.6,1.77,2.11,1.75,6.0,1.68,5.75,1.89,2.09,4.2,1.55,6.06,1.7,4.22,6.5,4.0,1.61,3.9,5.86,2.14,3.75,3.75,1.5,2.2,1.53,1.8,1.55,1.68,Olympiakos,AEK,Olympiakos_AEK_2020
91,1.91,1.93,2.7,0.0,2.8,2.41,2.6,2.3,2.85,2.72,2.75,1.89,2.98,2.75,1.94,2.0,1.63,2.75,1.6,2.85,2.02,1.89,2.7,2.75,2.84,1.6,3.2,2.8,3.2,2.92,2.93,2.72,2.32,2.9,2.9,2.75,2.35,2.8,1.93,2.77,1.58,Volos NFC,Atromitos,Volos NFC_Atromitos_2020
92,1.87,1.98,5.25,0.75,3.5,2.27,1.65,2.15,1.73,4.98,1.67,1.92,3.76,5.25,1.86,2.0,1.7,1.65,1.66,1.72,1.98,1.97,3.5,5.25,1.65,1.66,3.8,1.7,3.75,5.47,3.62,1.67,2.21,3.65,3.5,4.75,2.23,5.25,1.88,5.47,1.64,Lamia,Aris,Lamia_Aris_2020
93,1.83,,3.5,0.25,3.25,2.34,2.1,2.25,2.2,3.33,2.15,1.97,3.47,3.35,1.88,2.08,1.67,2.1,1.63,2.05,1.93,1.96,3.4,3.4,2.17,1.61,3.5,2.15,3.5,3.5,3.33,2.11,2.24,3.3,3.13,3.3,2.27,3.4,,3.32,1.62,Apollon,Panathinaikos,Apollon_Panathinaikos_2020
94,1.99,1.85,1.17,-1.75,6.0,1.8,17.0,1.72,19.0,1.18,16.0,1.83,6.9,1.2,1.94,1.88,2.12,17.0,2.03,14.0,2.08,1.88,5.75,1.18,16.21,2.07,7.0,19.0,6.5,1.22,6.38,14.69,1.75,6.25,6.0,1.2,1.77,1.17,2.0,1.17,2.03,AEK,Panetolikos,AEK_Panetolikos_2020
95,1.98,1.73,2.5,0.0,3.25,2.63,2.87,2.5,2.9,2.5,2.75,1.81,3.49,2.5,1.96,1.88,1.54,2.9,1.54,2.75,2.12,1.87,3.2,2.5,2.69,1.5,3.49,2.75,3.2,2.63,3.23,2.74,2.47,3.2,3.0,2.5,2.48,2.5,2.08,2.56,1.51,Larisa,Giannina,Larisa_Giannina_2020
96,2.04,1.8,7.5,1.25,4.2,1.98,1.4,1.95,1.5,6.85,1.47,1.78,4.33,6.75,2.07,1.83,1.93,1.4,1.88,1.4,2.12,1.79,4.33,7.5,1.46,1.85,4.5,1.44,4.2,7.5,4.25,1.44,1.9,4.2,4.2,7.5,1.93,7.5,2.05,7.04,1.87,Asteras Tripolis,Olympiakos,Asteras Tripolis_Olympiakos_2020
97,1.97,1.83,1.45,-1.0,4.0,1.95,6.5,1.9,7.0,1.47,6.25,1.83,4.34,1.5,1.98,1.89,1.95,7.0,1.9,6.0,2.07,1.86,4.25,1.45,6.83,1.9,4.34,7.0,4.2,1.52,4.18,6.3,1.88,4.2,4.1,1.48,1.92,1.47,2.02,1.47,1.89,Aris,Volos NFC,Aris_Volos NFC_2020
98,2.02,1.8,1.6,-0.75,3.8,2.15,5.75,2.07,5.75,1.6,5.25,1.78,4.04,1.6,2.03,1.85,1.79,5.5,1.72,5.5,2.07,1.81,3.7,1.57,5.47,1.72,4.06,5.5,3.75,1.65,3.87,5.25,2.05,3.95,3.7,1.6,2.12,1.6,2.05,1.6,1.73,OFI Crete,Lamia,OFI Crete_Lamia_2020
99,1.88,1.95,5.0,0.75,3.5,2.16,1.65,2.05,1.73,4.94,1.7,1.91,3.67,4.9,1.92,1.99,1.77,1.65,1.68,1.7,1.92,1.92,3.4,5.25,1.7,1.75,3.75,1.7,3.6,5.25,3.61,1.68,2.09,3.65,3.6,5.0,2.15,5.0,1.9,5.14,1.71,Atromitos,PAOK,Atromitos_PAOK_2020
100,1.93,1.88,10.0,1.5,4.8,1.74,1.3,1.72,1.35,9.32,1.33,1.87,5.3,9.5,1.95,1.95,2.16,1.29,2.08,1.28,2.0,1.88,5.25,9.0,1.3,2.07,5.5,1.3,5.5,11.0,5.12,1.3,1.7,5.25,5.0,9.0,1.72,11.0,1.98,10.26,2.08,Panetolikos,Olympiakos,Panetolikos_Olympiakos_2020
101,1.96,1.88,1.14,-2.0,7.0,1.56,17.0,1.53,19.4,1.15,16.0,1.84,8.14,1.17,1.93,1.91,2.58,17.0,2.49,17.0,2.05,1.88,7.25,1.14,19.26,2.4,8.5,19.0,7.5,1.19,7.33,15.86,1.52,7.0,7.0,1.13,1.53,1.14,1.98,1.13,2.44,PAOK,Volos NFC,PAOK_Volos NFC_2020
102,1.94,,2.7,0.0,2.9,2.47,2.9,2.35,3.0,2.74,2.8,1.86,2.83,2.75,1.9,1.93,1.61,2.9,1.56,2.9,2.04,1.93,2.75,2.7,2.85,1.57,2.9,2.88,2.8,2.9,2.79,2.83,2.37,2.8,2.75,2.7,2.44,2.62,,2.9,1.55,Apollon,Asteras Tripolis,Apollon_Asteras Tripolis_2020
103,2.05,1.75,2.0,-0.25,3.0,2.56,4.33,2.4,4.33,2.07,4.0,1.75,3.01,2.1,2.1,1.82,1.57,3.9,1.53,4.0,2.14,1.75,2.9,2.0,4.16,1.53,3.2,4.0,3.1,2.17,2.96,3.95,2.45,2.95,3.1,2.05,2.5,2.05,2.13,2.09,1.52,Atromitos,OFI Crete,Atromitos_OFI Crete_2020
104,1.74,2.13,1.57,-1.0,3.7,2.45,6.5,2.3,6.58,1.55,6.25,2.08,4.01,1.6,1.76,2.14,1.63,6.5,1.57,5.5,1.8,2.11,3.9,1.5,6.18,1.6,4.08,6.5,4.0,1.61,3.76,5.97,2.32,3.65,3.5,1.57,2.35,1.55,1.75,1.52,1.58,Panathinaikos,Larisa,Panathinaikos_Larisa_2020
105,1.91,1.9,3.3,0.25,3.0,2.56,2.3,2.4,2.3,3.31,2.25,1.88,3.13,3.35,1.91,1.93,1.57,2.3,1.51,2.2,2.02,1.93,3.1,3.2,2.23,1.53,3.14,2.25,3.1,3.45,3.03,2.24,2.45,3.05,2.9,3.3,2.5,3.4,1.95,3.41,1.51,Giannina,Aris,Giannina_Aris_2020
106,1.89,1.95,8.0,1.25,4.4,1.8,1.36,1.72,1.43,7.61,1.4,1.91,4.55,7.5,1.9,2.0,2.12,1.36,2.11,1.4,2.02,1.93,4.5,8.5,1.38,2.07,4.75,1.38,4.75,8.78,4.52,1.38,1.73,4.7,4.5,6.75,1.72,8.5,1.9,8.78,2.04,Lamia,AEK,Lamia_AEK_2020
107,2.03,1.8,3.13,0.25,2.88,2.45,2.3,2.35,2.53,3.2,2.4,1.78,2.99,3.2,2.06,1.85,1.63,2.4,1.58,2.4,2.09,1.79,2.8,3.2,2.44,1.57,3.1,2.38,3.1,3.52,2.92,2.39,2.34,2.95,2.9,3.3,2.39,3.3,2.05,3.26,1.57,PAOK,Olympiakos,PAOK_Olympiakos_2020
108,1.78,2.05,2.9,0.0,2.88,2.7,2.5,2.6,2.63,2.9,2.55,2.03,3.01,2.95,1.79,2.1,1.51,2.55,1.51,2.6,1.85,2.06,2.85,2.87,2.61,1.47,3.1,2.62,3.1,3.0,2.94,2.55,2.59,2.95,2.8,2.9,2.57,2.9,1.8,3.0,1.47,Aris,AEK,Aris_AEK_2020
109,2.02,1.83,1.6,-0.75,3.7,2.19,6.5,2.1,6.5,1.59,5.5,1.79,4.06,1.6,2.06,1.88,1.78,5.5,1.76,5.5,2.09,1.79,3.6,1.57,5.5,1.7,4.06,5.5,3.6,1.65,3.82,5.3,2.07,3.9,3.7,1.62,2.07,1.62,2.02,1.59,1.72,Atromitos,Lamia,Atromitos_Lamia_2020
110,1.84,2.0,1.73,-0.75,3.4,2.64,5.0,2.5,5.56,1.7,5.25,1.96,3.59,1.7,1.87,2.04,1.54,5.25,1.51,5.0,1.89,1.97,3.4,1.72,5.36,1.5,3.7,5.0,3.5,1.78,3.43,5.05,2.52,3.5,3.25,1.7,2.56,1.73,1.85,1.69,1.5,Asteras Tripolis,Panetolikos,Asteras Tripolis_Panetolikos_2020
111,2.13,,2.5,0.0,2.75,2.69,3.4,2.6,3.4,2.54,3.2,1.7,2.73,2.5,2.17,1.79,1.51,3.1,1.47,3.0,2.25,1.7,2.7,2.45,3.32,1.47,2.86,3.2,2.75,2.7,2.73,3.16,2.58,2.75,2.8,2.65,2.68,2.55,,2.62,1.47,Larisa,Apollon,Larisa_Apollon_2020
112,1.93,1.9,1.18,-1.75,6.5,1.73,15.0,1.7,16.03,1.19,13.0,1.87,7.24,1.22,1.94,1.95,2.24,15.0,2.19,14.5,2.01,1.87,6.25,1.2,16.03,2.1,7.24,15.0,6.0,1.24,6.32,13.5,1.68,6.0,6.0,1.18,1.66,1.18,1.95,1.16,2.13,Olympiakos,Giannina,Olympiakos_Giannina_2020
113,2.02,1.8,6.0,1.0,3.6,2.22,1.53,2.1,1.61,5.88,1.57,1.79,3.82,6.0,2.07,1.89,1.74,1.55,1.7,1.53,2.09,1.79,3.9,6.0,1.57,1.7,4.0,1.57,4.0,6.5,3.74,1.56,2.13,3.75,3.75,6.0,2.15,6.5,2.05,6.27,1.68,OFI Crete,PAOK,OFI Crete_PAOK_2020
114,1.97,1.85,2.1,-0.25,3.25,2.42,3.75,2.35,3.75,2.08,3.45,1.82,3.52,2.1,1.98,1.88,1.63,3.5,1.57,3.5,2.07,1.85,3.4,1.95,3.33,1.57,3.55,3.5,3.4,2.15,3.33,3.36,2.33,3.3,3.1,2.0,2.41,2.1,2.0,2.14,1.57,Volos NFC,Lamia,Volos NFC_Lamia_2020
115,1.87,1.95,2.25,-0.25,3.0,2.75,3.5,2.7,3.5,2.22,3.4,1.91,3.12,2.25,1.89,1.96,1.48,3.4,1.45,3.4,1.95,1.94,3.0,2.2,3.42,1.44,3.12,3.4,3.1,2.29,3.01,3.36,2.65,3.0,2.9,2.2,2.71,2.25,1.9,2.29,1.45,Aris,Panathinaikos,Aris_Panathinaikos_2020
116,1.86,1.98,1.5,-1.0,3.9,2.18,6.5,2.1,6.96,1.5,6.5,1.94,4.23,1.53,1.89,2.04,1.78,6.5,1.72,6.5,1.92,1.94,3.8,1.5,6.91,1.7,4.26,6.5,3.6,1.57,3.96,6.25,2.1,3.95,3.75,1.5,2.12,1.52,1.88,1.48,1.7,AEK,Atromitos,AEK_Atromitos_2020
117,1.79,2.02,1.75,-0.75,3.4,2.38,4.5,2.3,5.0,1.77,4.7,2.02,3.37,1.8,1.74,2.11,1.65,5.0,1.59,5.0,1.87,2.11,3.25,1.66,4.88,1.6,3.6,5.0,3.6,1.83,3.35,4.72,2.29,3.35,3.3,1.75,2.36,1.73,1.83,1.81,1.58,Asteras Tripolis,Larisa,Asteras Tripolis_Larisa_2020
118,1.81,,3.6,0.25,3.1,2.68,2.1,2.5,2.2,3.6,2.15,1.97,3.04,3.7,1.81,2.03,1.56,2.15,1.49,2.15,1.89,2.03,3.1,3.4,2.15,1.5,3.32,2.15,3.1,3.9,3.03,2.13,2.51,3.0,3.0,3.4,2.63,3.6,,3.9,1.5,Apollon,Aris,Apollon_Aris_2020
119,1.95,1.8,1.45,-1.0,4.0,2.22,8.0,2.15,8.0,1.46,7.0,1.84,4.43,1.5,1.95,1.96,1.74,7.5,1.71,6.5,2.05,1.88,4.0,1.4,6.74,1.66,4.47,7.5,4.33,1.5,4.11,6.69,2.14,4.0,4.0,1.48,2.14,1.47,2.05,1.46,1.67,Panathinaikos,OFI Crete,Panathinaikos_OFI Crete_2020
120,2.04,1.77,7.0,1.25,4.2,1.8,1.4,1.75,1.48,6.94,1.45,1.77,4.0,6.75,2.03,1.84,2.15,1.44,2.14,1.45,2.09,1.82,3.9,6.5,1.46,2.05,4.55,1.44,4.33,8.22,4.14,1.44,1.73,4.4,4.2,7.5,1.71,7.0,2.02,8.16,2.05,Atromitos,Olympiakos,Atromitos_Olympiakos_2020
121,1.76,2.0,2.05,-0.5,3.1,2.48,3.6,2.35,4.28,2.03,4.0,2.01,3.08,2.05,1.81,2.07,1.61,4.0,1.56,3.9,1.84,2.03,2.95,1.9,4.27,1.57,3.3,3.8,3.3,2.09,3.02,3.9,2.35,3.0,3.0,2.05,2.43,2.05,1.8,2.03,1.56,Giannina,Volos NFC,Giannina_Volos NFC_2020
122,1.93,1.88,2.15,-0.25,3.0,2.8,3.5,2.7,3.63,2.17,3.5,1.86,3.09,2.2,1.93,1.91,1.49,3.6,1.45,3.6,2.02,1.91,3.1,2.1,3.53,1.44,3.1,3.6,3.0,2.26,3.0,3.48,2.69,3.0,3.0,2.1,2.76,2.2,1.98,2.26,1.44,Panetolikos,Lamia,Panetolikos_Lamia_2020
123,2.07,1.73,2.05,-0.25,3.25,2.33,3.6,2.15,3.79,2.02,3.6,1.73,3.47,2.05,2.11,1.82,1.73,3.6,1.68,3.5,2.14,1.74,3.25,2.0,3.72,1.66,3.47,3.6,3.2,2.11,3.3,3.56,2.15,3.35,3.25,2.05,2.19,2.05,2.08,2.02,1.66,PAOK,AEK,PAOK_AEK_2020
124,2.01,1.8,2.1,-0.25,3.0,2.31,3.8,2.25,4.0,2.12,4.0,1.81,3.16,2.3,2.07,1.88,1.68,3.6,1.67,3.5,2.08,1.8,3.0,2.1,3.9,1.61,3.24,3.7,3.1,2.22,3.06,3.66,2.22,3.15,3.1,2.15,2.23,2.15,2.05,2.12,1.63,OFI Crete,Asteras Tripolis,OFI Crete_Asteras Tripolis_2020
125,1.8,2.05,1.4,-1.25,4.2,2.19,9.0,2.1,9.45,1.4,8.0,2.02,4.37,1.43,1.79,2.08,1.83,8.5,1.74,7.5,1.87,2.08,4.25,1.4,9.14,1.7,4.51,9.0,4.33,1.44,4.25,8.12,2.09,4.2,4.2,1.4,2.12,1.4,1.8,1.4,1.71,Aris,Larisa,Aris_Larisa_2020
126,1.8,2.02,3.75,0.25,3.0,2.52,2.1,2.4,2.28,3.81,2.2,2.0,2.91,3.75,1.82,2.07,1.59,2.1,1.53,2.15,1.85,2.03,2.8,4.2,2.17,1.53,3.15,2.1,2.87,4.2,2.9,2.13,2.39,2.9,3.0,3.9,2.5,3.9,1.83,4.05,1.54,Volos NFC,Panathinaikos,Volos NFC_Panathinaikos_2020
127,1.79,2.1,1.33,-1.5,4.8,1.88,9.0,1.8,11.2,1.29,10.0,2.02,5.39,1.27,1.76,2.11,2.06,9.0,1.97,10.0,1.88,2.08,5.0,1.28,11.12,2.0,5.57,10.0,5.25,1.34,5.12,9.43,1.81,5.0,4.75,1.28,1.85,1.32,1.77,1.28,1.97,AEK,Giannina,AEK_Giannina_2020
128,1.84,2.08,2.3,-0.25,3.1,2.59,3.1,2.5,3.43,2.28,3.1,1.96,3.3,2.3,1.84,2.01,1.57,3.2,1.51,3.1,1.9,2.0,3.2,2.2,3.14,1.5,3.32,3.2,3.3,2.37,3.18,3.1,2.49,3.15,3.1,2.25,2.57,2.3,1.73,2.34,1.51,Lamia,Apollon,Lamia_Apollon_2020
129,1.96,1.83,1.83,-0.5,3.5,2.07,4.5,2.0,4.5,1.83,4.9,1.83,3.81,1.9,2.01,1.88,1.99,4.2,1.93,4.0,2.06,1.83,3.5,1.83,4.09,1.8,3.82,4.0,3.4,1.9,3.58,3.98,1.92,3.7,3.5,1.83,1.89,1.88,2.02,1.83,1.85,Olympiakos,PAOK,Olympiakos_PAOK_2020
130,1.75,2.1,3.0,0.0,3.0,2.39,2.4,2.2,2.69,3.03,2.55,2.07,2.85,3.05,1.75,2.16,1.69,2.55,1.64,2.55,1.82,2.13,2.85,3.25,2.61,1.65,3.0,2.5,2.8,3.25,2.82,2.54,2.2,2.85,2.9,2.95,2.27,3.0,1.77,3.17,1.64,Panetolikos,Atromitos,Panetolikos_Atromitos_2020
131,1.73,2.13,2.45,-0.25,3.0,2.41,3.1,2.35,3.28,2.49,3.1,2.11,2.8,2.5,1.73,2.2,1.63,2.9,1.58,3.25,1.8,2.15,2.7,2.45,3.28,1.57,3.22,3.1,3.0,2.68,2.88,3.08,2.32,2.85,3.1,2.5,2.38,2.4,1.75,2.58,1.58,Larisa,Volos NFC,Larisa_Volos NFC_2020
132,1.83,2.0,2.8,0.0,3.1,2.58,2.62,2.5,2.64,2.75,2.55,1.97,3.31,2.75,1.82,2.05,1.56,2.63,1.53,2.5,1.91,2.03,3.2,2.75,2.54,1.5,3.36,2.55,3.1,2.95,3.17,2.54,2.46,3.15,3.0,2.7,2.52,2.8,1.85,2.83,1.52,Asteras Tripolis,Aris,Asteras Tripolis_Aris_2020
133,1.79,2.1,1.4,-1.25,4.0,2.38,9.5,2.3,10.76,1.38,8.5,2.02,4.49,1.43,1.8,2.16,1.69,8.5,1.62,8.5,1.85,2.05,4.0,1.36,10.68,1.6,4.75,10.0,4.33,1.43,4.25,8.89,2.27,4.1,4.1,1.4,2.31,1.38,1.77,1.35,1.61,Panathinaikos,Lamia,Panathinaikos_Lamia_2020
134,2.02,1.83,4.4,0.75,3.5,2.15,1.75,2.0,1.84,4.29,1.8,1.79,3.7,4.3,2.09,1.88,1.86,1.75,1.74,1.75,2.09,1.76,3.6,4.75,1.81,1.8,3.72,1.75,3.5,4.75,3.59,1.78,2.04,3.6,3.6,4.25,2.1,4.6,2.02,4.32,1.76,OFI Crete,AEK,OFI Crete_AEK_2020
135,2.13,1.75,2.5,0.0,2.9,2.57,3.0,2.4,3.5,2.54,3.2,1.7,2.69,2.5,2.24,1.83,1.59,3.0,1.52,3.1,2.24,1.66,2.7,2.5,3.45,1.53,3.0,3.0,3.0,2.7,2.73,3.17,2.42,2.75,2.9,2.6,2.53,2.55,2.13,2.58,1.53,Giannina,Atromitos,Giannina_Atromitos_2020
136,1.95,1.77,1.14,-2.0,7.0,1.61,15.0,1.57,20.0,1.15,16.0,1.85,,1.17,,1.99,2.48,17.0,,15.5,2.08,,7.25,1.14,,2.35,8.0,19.0,8.0,1.18,7.2,15.85,1.54,7.25,7.0,1.14,,1.14,2.02,,2.39,PAOK,Panetolikos,PAOK_Panetolikos_2020
137,1.85,2.05,15.0,1.75,6.5,1.79,1.16,1.72,1.22,14.44,1.2,1.96,6.13,15.0,1.85,2.02,2.16,1.2,2.09,1.18,1.94,1.97,6.25,15.0,1.19,2.07,6.65,1.17,6.5,17.24,6.14,1.19,1.72,6.25,6.0,14.0,1.73,17.0,1.75,17.07,2.08,Apollon,Olympiakos,Apollon_Olympiakos_2020
138,1.87,1.95,3.4,0.25,3.1,2.45,2.1,2.35,2.28,3.37,2.2,1.91,3.22,3.4,1.88,1.97,1.65,2.2,1.59,2.2,1.92,1.96,3.0,3.5,2.2,1.57,3.3,2.25,3.3,3.52,3.12,2.18,2.33,3.1,3.1,3.4,2.36,3.3,1.9,3.52,1.58,Atromitos,Panathinaikos,Atromitos_Panathinaikos_2020
139,1.9,2.05,1.3,-1.5,5.25,1.58,8.0,1.53,9.29,1.29,8.25,1.88,5.96,1.33,1.93,1.96,2.56,9.0,2.55,7.5,1.96,1.89,5.0,1.25,9.22,2.4,6.25,8.5,5.5,1.35,5.51,8.54,1.53,5.5,5.25,1.34,1.52,1.32,1.75,1.28,2.43,PAOK,Apollon,PAOK_Apollon_2020
140,1.93,1.88,1.2,-1.75,5.8,1.53,11.0,1.44,12.0,1.22,10.0,1.85,6.57,1.25,1.95,1.92,2.9,12.0,2.81,8.5,2.0,1.86,6.25,1.22,10.74,2.7,7.25,11.0,6.5,1.25,6.22,10.3,1.44,6.25,6.5,1.25,1.42,1.24,1.98,1.22,2.68,Olympiakos,OFI Crete,Olympiakos_OFI Crete_2020
141,1.81,2.02,2.88,0.0,3.0,2.46,2.55,2.35,2.7,2.81,2.6,1.99,3.0,2.85,1.83,2.05,1.63,2.63,1.56,2.7,1.87,2.02,2.95,2.7,2.67,1.57,3.25,2.6,3.25,2.94,2.98,2.59,2.35,2.95,2.9,2.7,2.44,2.88,1.83,2.94,1.57,Volos NFC,Asteras Tripolis,Volos NFC_Asteras Tripolis_2020
142,1.81,2.02,2.05,-0.5,3.25,2.33,3.75,2.25,4.0,1.97,3.8,1.97,3.43,2.0,1.87,2.08,1.67,3.8,1.63,3.6,1.87,1.97,3.4,2.0,3.97,1.61,3.43,3.8,3.3,2.08,3.29,3.74,2.25,3.3,3.13,1.95,2.28,2.0,1.83,1.97,1.62,AEK,Aris,AEK_Aris_2020
143,1.81,2.02,2.75,0.0,3.25,2.39,2.5,2.3,2.6,2.71,2.5,1.98,3.52,2.7,1.82,2.05,1.64,2.6,1.6,2.55,1.87,2.02,3.2,2.8,2.48,1.6,3.52,2.5,3.25,2.85,3.27,2.48,2.3,3.3,3.13,2.65,2.33,2.75,1.83,2.75,1.58,Panetolikos,Giannina,Panetolikos_Giannina_2020
144,1.87,1.98,1.93,-0.5,2.9,2.63,4.5,2.4,5.2,1.92,4.7,1.92,2.98,1.95,1.88,2.01,1.56,4.4,1.5,4.5,1.97,1.95,3.0,1.9,4.86,1.53,3.1,4.8,3.1,2.0,2.97,4.59,2.48,3.05,3.1,1.91,2.58,1.95,1.88,1.95,1.51,Asteras Tripolis,Lamia,Asteras Tripolis_Lamia_2020
145,1.92,,2.7,0.0,2.8,2.38,2.75,2.25,2.92,2.72,2.75,1.88,2.94,2.75,1.92,1.95,1.66,2.8,1.63,2.7,1.99,1.92,2.8,2.62,2.82,1.61,3.1,2.88,3.1,2.87,2.89,2.75,2.28,3.0,2.9,2.8,2.28,2.75,,2.82,1.6,Apollon,Atromitos,Apollon_Atromitos_2020
146,2.01,1.83,1.33,-1.25,4.6,2.09,10.0,2.05,11.45,1.31,11.0,1.81,5.22,1.3,2.01,1.89,1.85,10.0,1.76,10.0,2.07,1.83,5.0,1.3,11.37,1.75,5.5,11.0,4.5,1.36,4.85,9.6,2.02,5.25,4.5,1.28,2.06,1.32,2.02,1.29,1.78,Aris,Panetolikos,Aris_Panetolikos_2020
147,1.78,2.02,2.0,-0.5,3.0,2.23,3.5,2.15,4.25,2.02,3.95,2.02,3.04,2.05,1.79,2.1,1.73,3.8,1.67,4.1,1.87,2.06,3.1,1.95,4.2,1.66,3.4,4.0,3.4,2.16,3.06,3.92,2.15,3.15,3.2,1.95,2.21,2.05,1.83,2.06,1.67,OFI Crete,Volos NFC,OFI Crete_Volos NFC_2020
148,1.88,1.95,4.2,0.5,3.1,2.37,1.83,2.25,1.99,4.12,1.9,1.91,3.36,4.2,1.91,1.99,1.67,1.87,1.59,1.83,1.97,1.93,3.5,4.0,1.91,1.61,3.5,1.91,3.5,4.6,3.31,1.87,2.27,3.4,3.3,4.1,2.36,4.4,1.9,4.33,1.61,Panathinaikos,Olympiakos,Panathinaikos_Olympiakos_2020
149,1.84,1.95,7.5,1.0,3.75,2.21,1.55,2.15,1.56,6.87,1.5,1.95,4.11,7.25,1.85,2.02,1.74,1.45,1.69,1.45,1.95,1.99,3.9,7.0,1.48,1.66,4.11,1.52,3.8,7.5,3.9,1.48,2.15,3.95,4.0,7.5,2.17,7.0,1.9,7.23,1.67,Giannina,PAOK,Giannina_PAOK_2020
150,1.92,1.9,6.5,1.0,3.7,2.21,1.5,2.1,1.56,6.36,1.53,1.88,3.94,6.75,1.92,1.93,1.74,1.53,1.71,1.55,2.03,1.92,3.7,6.5,1.52,1.7,4.0,1.52,3.75,6.88,3.82,1.51,2.13,3.9,3.8,6.0,2.13,7.0,1.95,6.84,1.69,Larisa,AEK,Larisa_AEK_2020
151,2.04,1.7,2.55,0.0,2.88,2.37,3.0,2.25,3.2,2.56,2.95,1.77,2.89,2.65,2.04,1.82,1.67,3.0,1.61,3.2,2.16,1.81,2.85,2.55,3.02,1.61,3.05,3.0,3.0,2.69,2.88,2.97,2.25,2.95,2.88,2.4,2.31,2.55,2.1,2.69,1.61,Apollon,Lamia,Apollon_Lamia_2020
152,1.84,1.98,1.95,-0.5,2.9,2.5,4.75,2.35,5.08,1.96,4.7,1.97,2.82,2.0,1.84,2.1,1.61,4.2,1.57,4.75,1.95,2.0,2.8,1.9,5.07,1.57,3.1,4.6,3.0,2.1,2.89,4.58,2.37,2.95,3.1,1.95,2.39,1.95,1.88,2.0,1.56,Atromitos,Larisa,Atromitos_Larisa_2020
153,1.95,1.9,1.36,-1.25,4.4,1.85,8.0,1.8,9.2,1.37,7.75,1.85,4.65,1.4,1.97,1.95,2.3,8.0,2.05,6.75,2.03,1.86,4.5,1.36,8.67,2.0,4.9,8.5,4.75,1.4,4.61,7.72,1.72,4.8,4.75,1.4,1.77,1.38,1.95,1.38,2.08,AEK,Asteras Tripolis,AEK_Asteras Tripolis_2020
154,1.91,1.93,1.2,-1.75,6.0,1.82,15.0,1.72,17.81,1.18,15.0,1.9,7.27,1.22,1.93,2.01,2.1,15.0,2.08,13.5,1.97,1.89,6.0,1.18,17.65,2.07,7.5,17.0,6.0,1.22,6.32,14.35,1.75,6.0,5.75,1.19,1.74,1.18,1.93,1.16,2.03,PAOK,Lamia,PAOK_Lamia_2020
155,1.78,,2.4,-0.25,2.88,2.41,3.4,2.3,3.52,2.38,3.35,2.03,2.87,2.4,1.84,2.13,1.64,3.1,1.58,3.3,1.85,2.0,2.85,2.37,3.52,1.6,3.0,3.25,2.87,2.5,2.86,3.27,2.33,2.9,3.0,2.35,2.38,2.4,,2.39,1.58,Volos NFC,Apollon,Volos NFC_Apollon_2020
156,1.79,2.02,2.4,-0.25,3.0,2.33,3.5,2.25,3.6,2.37,3.45,2.02,2.81,2.4,1.84,2.16,1.67,3.1,1.63,3.6,1.87,2.0,2.8,2.37,3.59,1.61,3.0,3.0,2.75,2.5,2.82,3.34,2.26,2.9,3.0,2.25,2.28,2.45,1.83,2.41,1.61,Giannina,OFI Crete,Giannina_OFI Crete_2020
157,1.92,1.9,1.5,-1.0,3.9,1.96,7.5,1.9,7.5,1.51,6.0,1.88,3.92,1.57,1.88,1.96,1.95,6.5,1.93,6.5,2.07,1.95,4.0,1.5,6.99,1.9,4.25,7.0,4.0,1.59,3.95,6.28,1.88,4.0,3.9,1.48,1.89,1.5,1.95,1.52,1.89,Olympiakos,Aris,Olympiakos_Aris_2020
158,1.97,,5.5,0.75,3.2,2.45,1.72,2.37,1.83,5.27,1.75,1.82,3.17,5.75,2.04,1.92,1.62,1.7,1.56,1.75,2.05,1.81,3.25,5.5,1.77,1.55,3.48,1.73,3.2,5.9,3.22,1.73,2.37,3.2,3.3,5.0,2.44,5.5,,5.75,1.56,Panetolikos,Panathinaikos,Panetolikos_Panathinaikos_2020
159,2.05,1.77,2.45,0.0,2.88,2.4,3.0,2.3,3.12,2.54,2.95,1.76,2.97,2.6,2.07,1.82,1.67,2.9,1.61,3.0,2.11,1.79,2.9,2.4,3.02,1.6,3.2,3.0,3.2,2.71,2.91,2.96,2.25,3.0,3.1,2.5,2.32,2.55,2.1,2.62,1.62,Larisa,Lamia,Larisa_Lamia_2020
160,1.74,2.08,2.45,-0.25,2.88,2.3,3.1,2.2,3.2,2.48,3.1,2.1,2.87,2.55,1.7,2.17,1.7,3.0,1.63,3.1,1.8,2.17,2.95,2.4,3.17,1.65,3.05,3.1,3.0,2.6,2.89,3.08,2.21,2.95,3.0,2.4,2.27,2.5,1.73,2.6,1.64,Apollon,OFI Crete,Apollon_OFI Crete_2020
161,1.93,1.88,6.0,1.0,3.9,2.02,1.5,2.0,1.57,5.93,1.53,1.88,4.05,6.0,1.97,1.94,1.92,1.53,1.81,1.5,2.03,1.87,4.0,5.75,1.54,1.85,4.5,1.53,4.5,6.5,3.99,1.52,1.95,4.0,3.9,6.0,2.01,6.5,1.98,6.28,1.83,Asteras Tripolis,PAOK,Asteras Tripolis_PAOK_2020
162,1.75,2.05,1.57,-1.0,,2.35,6.5,2.25,7.41,1.57,6.5,2.07,3.49,1.6,1.71,2.16,1.66,6.5,1.61,6.25,1.8,2.15,3.7,1.55,7.41,1.61,3.8,,3.75,1.62,3.59,6.27,2.26,3.7,3.5,1.55,2.31,,1.75,1.57,1.61,Aris,Atromitos,Aris_Atromitos_2020
163,1.77,2.1,2.45,-0.25,3.0,2.84,3.2,2.7,3.2,2.39,3.05,2.04,3.22,2.45,1.79,2.17,1.48,3.13,1.44,2.95,1.8,2.06,2.9,2.45,3.08,1.44,3.22,3.1,3.0,2.55,3.06,3.02,2.74,3.15,2.9,2.5,2.78,2.4,1.77,2.41,1.43,Lamia,Giannina,Lamia_Giannina_2020
164,1.76,2.1,2.45,-0.25,3.0,2.68,3.1,2.6,3.13,2.39,3.0,2.05,3.28,2.45,1.79,2.13,1.5,3.1,1.49,3.0,1.81,2.06,3.1,2.45,3.04,1.47,3.3,3.0,3.1,2.5,3.1,2.98,2.57,3.15,2.9,2.35,2.61,2.45,1.77,2.41,1.48,Larisa,Panetolikos,Larisa_Panetolikos_2020
165,1.84,1.98,2.8,0.0,3.1,2.51,2.55,2.4,2.69,2.71,2.65,1.96,3.29,2.75,1.91,2.06,1.59,2.63,1.55,2.55,1.93,1.93,3.2,2.7,2.67,1.53,3.29,2.6,3.2,2.8,3.14,2.57,2.42,3.2,3.0,2.7,2.46,2.75,1.88,2.7,1.54,Panathinaikos,AEK,Panathinaikos_AEK_2020
166,2.0,1.8,9.0,1.5,4.75,1.8,1.28,1.75,1.37,8.39,1.37,1.8,4.82,8.25,2.05,1.87,2.15,1.33,2.08,1.33,2.08,1.8,4.75,8.0,1.36,2.05,5.1,1.33,5.0,9.25,4.81,1.33,1.72,4.9,4.8,8.75,1.75,9.0,2.05,8.86,2.07,Volos NFC,Olympiakos,Volos NFC_Olympiakos_2020
167,1.81,2.05,1.75,-0.75,3.4,2.29,4.75,2.15,4.92,1.75,4.5,2.01,3.64,1.8,1.79,2.08,1.69,4.6,1.64,4.4,1.87,2.06,3.6,1.7,4.54,1.66,3.65,4.8,3.4,1.83,3.52,4.53,2.19,3.6,3.5,1.75,2.27,1.75,1.8,1.79,1.64,OFI Crete,Larisa,OFI Crete_Larisa_2020
168,1.75,2.13,3.0,0.0,2.8,2.5,2.5,2.35,2.62,3.04,2.55,2.08,2.93,3.1,1.74,2.17,1.63,2.55,1.58,2.6,1.9,2.14,2.75,3.4,2.57,1.57,3.0,2.6,2.75,3.4,2.87,2.51,2.37,2.95,2.9,3.0,2.38,3.1,1.75,3.14,1.56,Atromitos,Asteras Tripolis,Atromitos_Asteras Tripolis_2020
169,2.02,1.8,3.13,0.25,2.9,2.68,2.25,2.5,2.47,3.16,2.4,1.78,2.98,3.25,2.01,1.83,1.55,2.45,1.5,2.45,2.14,1.83,2.95,3.5,2.39,1.5,3.14,2.4,3.0,3.5,2.95,2.39,2.52,3.0,2.9,3.0,2.61,3.2,2.0,3.38,1.5,Giannina,Panathinaikos,Giannina_Panathinaikos_2020
170,1.77,2.02,1.17,-2.0,6.5,1.63,15.0,1.61,16.04,1.17,14.0,2.02,7.31,1.2,1.74,2.11,2.41,15.0,2.3,13.5,1.88,2.09,6.5,1.16,15.81,2.25,7.5,15.0,7.0,1.21,6.72,13.61,1.59,6.5,6.5,1.17,1.61,1.18,1.83,1.16,2.28,Olympiakos,Lamia,Olympiakos_Lamia_2020
171,1.8,2.02,2.0,-0.5,3.2,2.43,4.0,2.25,4.38,2.01,3.8,2.01,3.31,2.05,1.82,2.05,1.68,3.9,1.64,4.0,1.85,2.03,3.25,2.0,3.9,1.61,3.38,3.7,3.2,2.08,3.18,3.79,2.26,3.25,3.13,1.91,2.26,2.05,1.83,2.03,1.61,Panetolikos,Volos NFC,Panetolikos_Volos NFC_2020
172,1.84,2.0,1.75,-0.75,3.4,2.26,5.0,2.2,5.0,1.74,4.8,1.97,3.61,1.75,1.81,2.05,1.71,4.75,1.67,4.1,1.91,2.04,3.6,1.7,4.77,1.65,3.8,4.75,3.8,1.8,3.52,4.61,2.17,3.6,3.4,1.78,2.21,1.78,1.85,1.76,1.66,PAOK,Aris,PAOK_Aris_2020
173,1.96,,1.36,-1.25,4.75,1.92,9.0,1.8,9.0,1.34,8.25,1.85,5.15,1.37,1.95,1.9,2.03,8.5,1.95,8.0,2.03,1.88,4.75,1.33,8.88,2.0,5.75,9.0,5.0,1.38,4.87,8.0,1.82,4.7,4.6,1.34,1.86,1.33,,1.33,1.93,AEK,Apollon,AEK_Apollon_2020
174,1.75,2.1,2.1,-0.5,3.1,2.59,3.6,2.5,4.05,2.06,3.75,2.07,3.02,2.15,1.74,2.15,1.57,3.8,1.52,4.0,1.82,2.11,3.0,2.0,4.01,1.5,3.24,3.9,3.1,2.15,3.03,3.83,2.48,3.15,3.0,2.0,2.54,2.05,1.77,2.12,1.51,Lamia,Larisa,Lamia_Larisa_2020
175,1.75,2.05,2.05,-0.5,2.88,2.66,3.5,2.5,4.25,2.07,4.1,2.08,2.89,2.1,1.74,2.15,1.55,4.0,1.49,4.0,1.84,2.12,2.95,2.05,4.24,1.5,3.2,4.0,3.1,2.15,2.92,3.97,2.52,2.95,3.0,2.05,2.62,2.1,1.75,2.13,1.5,Apollon,Panetolikos,Apollon_Panetolikos_2020
176,1.92,1.93,1.36,-1.25,4.4,2.01,7.5,1.95,10.0,1.36,8.5,1.89,4.9,1.4,1.93,1.99,1.93,8.5,1.9,9.0,1.96,1.9,4.5,1.36,9.31,1.85,5.03,9.0,4.33,1.4,4.59,8.22,1.92,4.6,4.5,1.34,1.92,1.36,1.93,1.34,1.86,Aris,OFI Crete,Aris_OFI Crete_2020
177,2.05,1.77,2.05,-0.25,2.8,2.75,3.5,2.5,4.42,2.09,4.2,1.77,2.81,2.15,2.08,1.82,1.56,4.1,1.45,4.0,2.11,1.78,2.75,2.0,4.39,1.5,3.2,4.2,3.2,2.15,2.88,4.01,2.56,2.9,2.9,2.15,2.75,2.1,2.1,2.14,1.49,Asteras Tripolis,Giannina,Asteras Tripolis_Giannina_2020
178,1.69,2.15,2.55,-0.25,2.7,2.9,2.8,2.7,3.51,2.58,3.35,2.16,2.55,2.6,1.7,2.25,1.48,3.1,1.44,3.25,1.78,2.19,2.55,2.6,3.51,1.44,2.81,3.3,2.8,2.75,2.62,3.25,2.71,2.7,2.8,2.6,2.81,2.55,1.73,2.68,1.43,Lamia,Atromitos,Lamia_Atromitos_2020
179,1.96,1.85,6.0,1.0,3.9,2.01,1.5,1.95,1.58,5.86,1.55,1.85,4.08,6.0,1.99,1.92,1.93,1.53,1.85,1.5,2.03,1.85,3.9,5.75,1.56,1.85,4.1,1.53,3.8,6.5,3.96,1.52,1.93,4.0,3.9,6.25,1.96,6.5,2.0,5.86,1.85,Larisa,Olympiakos,Larisa_Olympiakos_2020
180,1.83,1.98,3.6,0.25,3.0,2.69,2.1,2.5,2.21,3.6,2.15,1.98,3.1,3.65,1.82,2.03,1.54,2.15,1.5,2.1,1.93,2.02,3.1,3.4,2.15,1.5,3.22,2.15,3.1,3.81,3.05,2.12,2.52,3.1,3.0,3.5,2.6,3.7,1.88,3.8,1.5,Panathinaikos,PAOK,Panathinaikos_PAOK_2020
181,2.02,1.85,4.6,0.75,3.3,2.21,1.65,2.1,1.85,4.58,1.83,1.79,3.37,4.7,2.04,1.87,1.78,1.8,1.72,1.83,2.06,1.79,3.3,5.25,1.81,1.7,3.62,1.8,3.4,5.25,3.37,1.78,2.12,3.35,3.4,4.4,2.13,4.75,2.0,4.93,1.7,Volos NFC,AEK,Volos NFC_AEK_2020
182,1.76,2.08,2.0,-0.5,3.2,2.31,3.6,2.2,3.7,2.06,3.6,2.06,3.34,2.1,1.75,2.1,1.76,3.7,1.62,3.4,1.83,2.1,3.4,2.0,3.59,1.65,3.5,3.7,3.3,2.12,3.29,3.49,2.2,3.35,3.25,2.05,2.3,2.05,1.73,2.11,1.65,Apollon,Larisa,Apollon_Larisa_2020
183,1.8,2.02,2.38,-0.25,3.1,2.45,3.1,2.25,3.25,2.35,3.15,2.02,3.13,2.35,1.83,2.08,1.68,3.0,1.6,2.9,1.89,2.01,3.1,2.25,3.24,1.61,3.24,3.0,3.1,2.45,3.1,3.04,2.26,3.15,3.13,2.45,2.35,2.4,1.83,2.37,1.62,Volos NFC,OFI Crete,Volos NFC_OFI Crete_2020
184,2.0,1.83,2.15,-0.25,3.1,2.48,3.3,2.25,3.84,2.12,3.7,1.81,3.14,2.15,2.05,1.9,1.64,3.7,1.56,3.4,2.06,1.8,3.2,2.15,3.84,1.61,3.3,3.7,3.1,2.23,3.12,3.56,2.31,3.15,3.0,2.1,2.42,2.1,2.02,2.12,1.59,Giannina,Atromitos,Giannina_Atromitos_2020
185,2.08,1.77,2.5,0.0,3.0,2.63,3.1,2.5,3.1,2.47,2.95,1.75,3.2,2.5,2.11,1.81,1.55,2.9,1.51,3.0,2.16,1.76,2.95,2.5,2.97,1.5,3.2,3.0,2.87,2.7,3.06,2.93,2.49,3.15,3.0,2.45,2.55,2.5,2.1,2.49,1.51,Panetolikos,Lamia,Panetolikos_Lamia_2020
186,1.75,2.1,3.0,0.0,3.0,2.65,2.37,2.5,2.57,2.9,2.55,2.07,3.06,3.0,1.76,2.11,1.55,2.5,1.49,2.45,1.82,2.1,3.1,2.8,2.55,1.5,3.2,2.55,3.2,3.02,3.03,2.48,2.53,3.05,2.9,2.85,2.62,2.9,1.77,3.02,1.5,Asteras Tripolis,Panathinaikos,Asteras Tripolis_Panathinaikos_2020
187,1.94,1.88,1.67,-0.75,3.6,2.1,4.75,1.95,5.6,1.65,5.5,1.86,3.6,1.67,1.93,1.91,1.92,5.25,1.85,5.25,2.0,1.9,3.7,1.6,5.54,1.85,3.88,5.25,3.8,1.75,3.61,5.16,1.93,3.65,3.5,1.62,1.98,1.67,1.98,1.68,1.85,Olympiakos,Aris,Olympiakos_Aris_2020
188,1.78,2.05,1.8,-0.75,3.4,2.26,4.5,2.25,4.85,1.76,4.7,2.03,3.66,1.77,1.8,2.15,1.71,4.6,1.65,4.5,1.85,2.05,3.5,1.75,4.67,1.61,3.67,4.5,3.3,1.85,3.48,4.47,2.2,3.6,3.4,1.75,2.24,1.8,1.8,1.77,1.64,PAOK,AEK,PAOK_AEK_2020
189,1.95,,1.85,-0.5,3.0,2.52,5.25,2.35,5.37,1.85,5.0,1.86,2.98,1.9,1.95,1.92,1.61,4.5,1.57,4.75,2.04,1.88,3.1,1.8,5.36,1.57,3.2,5.25,3.1,1.9,3.05,4.88,2.35,3.1,3.2,1.83,2.4,1.83,,1.88,1.56,Atromitos,Apollon,Atromitos_Apollon_2020
190,1.9,1.93,2.25,-0.25,3.1,2.43,3.25,2.35,3.41,2.21,3.25,1.91,3.3,2.25,1.92,1.98,1.63,3.3,1.6,3.3,1.95,1.92,3.2,2.2,3.32,1.57,3.3,3.3,3.25,2.31,3.18,3.25,2.3,3.25,3.1,2.15,2.34,2.25,1.93,2.24,1.59,OFI Crete,Giannina,OFI Crete_Giannina_2020
191,1.91,1.9,1.9,-0.5,3.2,2.41,4.5,2.3,4.5,1.9,4.3,1.9,3.36,1.9,1.93,1.99,1.63,4.2,1.57,4.33,1.98,1.91,3.1,1.85,4.33,1.6,3.4,4.2,3.25,1.99,3.26,4.15,2.34,3.3,3.25,1.9,2.4,1.91,1.95,1.91,1.57,Lamia,Volos NFC,Lamia_Volos NFC_2020
192,1.83,2.0,1.95,-0.5,3.25,2.55,4.0,2.4,4.1,1.98,3.85,1.99,3.35,2.0,1.83,2.04,1.6,4.1,1.56,3.8,1.9,2.01,3.3,1.95,3.92,1.53,3.4,4.0,3.25,2.04,3.25,3.8,2.4,3.3,3.13,1.95,2.44,1.95,1.85,2.01,1.55,Larisa,Panetolikos,Larisa_Panetolikos_2020
193,1.81,2.02,3.6,0.25,3.1,2.46,2.1,2.35,2.2,3.58,2.15,2.01,3.2,3.65,1.83,2.06,1.61,2.1,1.56,2.15,1.86,2.02,2.95,3.8,2.14,1.57,3.28,2.15,3.1,3.97,3.12,2.11,2.37,3.2,3.1,3.6,2.44,3.6,1.83,3.68,1.56,Panathinaikos,PAOK,Panathinaikos_PAOK_2020
194,1.8,2.05,1.55,-1.0,3.75,2.45,6.5,2.35,7.08,1.53,6.5,2.02,4.13,1.57,1.79,2.12,1.63,6.5,1.58,6.0,1.85,2.07,3.75,1.57,6.7,1.57,4.2,6.5,3.6,1.59,3.81,6.28,2.33,3.75,3.6,1.55,2.37,1.53,1.8,1.5,1.58,Aris,Asteras Tripolis,Aris_Asteras Tripolis_2020
195,1.96,1.85,3.1,0.25,3.1,2.29,2.3,2.2,2.38,3.06,2.35,1.84,3.34,3.1,2.01,1.94,1.69,2.3,1.65,2.3,2.04,1.83,3.25,3.2,2.34,1.65,3.35,2.35,3.2,3.35,3.22,2.29,2.2,3.25,3.2,3.0,2.24,3.1,2.0,3.1,1.64,AEK,Olympiakos,AEK_Olympiakos_2020
196,1.91,1.95,2.2,-0.25,3.1,2.39,3.3,2.3,3.4,2.2,3.35,1.9,3.32,2.2,1.9,1.99,1.64,3.3,1.6,3.2,1.97,1.93,3.3,2.2,3.28,1.6,3.33,3.4,3.2,2.29,3.21,3.26,2.3,3.25,3.13,2.15,2.35,2.2,1.9,2.25,1.6,Volos NFC,Panetolikos,Volos NFC_Panetolikos_2020
197,1.78,,2.38,-0.25,3.0,2.65,3.0,2.5,3.22,2.39,3.15,2.04,3.06,2.45,1.77,2.17,1.54,3.13,1.49,3.0,1.85,2.09,3.0,2.4,3.14,1.5,3.2,3.1,3.2,2.5,3.05,3.07,2.55,3.1,3.0,2.4,2.63,2.4,,2.47,1.5,Apollon,OFI Crete,Apollon_OFI Crete_2020
198,1.79,2.1,2.38,-0.25,3.0,2.48,3.0,2.4,3.2,2.36,3.1,2.04,3.16,2.4,1.79,2.14,1.6,3.13,1.56,3.1,1.87,2.06,3.2,2.4,3.12,1.53,3.2,3.2,3.2,2.45,3.1,3.06,2.41,3.1,3.0,2.25,2.43,2.38,1.77,2.43,1.54,Atromitos,Larisa,Atromitos_Larisa_2020
199,1.99,1.83,2.15,-0.25,3.1,2.39,3.6,2.25,4.04,2.14,3.8,1.83,2.96,2.15,2.04,1.88,1.64,3.6,1.61,3.8,2.06,1.81,2.9,2.1,4.04,1.61,3.25,3.7,3.2,2.19,2.98,3.72,2.28,3.0,3.1,2.1,2.32,2.1,2.02,2.15,1.61,Aris,AEK,Aris_AEK_2020
200,1.97,1.85,4.5,0.75,3.5,2.07,1.72,2.0,1.8,4.42,1.77,1.83,3.7,4.5,2.05,1.93,1.85,1.75,1.78,1.72,2.05,1.81,3.75,4.75,1.79,1.8,3.82,1.78,3.6,4.75,3.63,1.74,2.0,3.7,3.6,4.4,2.04,4.5,2.0,4.43,1.8,Asteras Tripolis,PAOK,Asteras Tripolis_PAOK_2020
201,1.94,1.9,1.5,-1.0,4.0,2.01,6.0,1.95,6.75,1.48,6.5,1.87,4.5,1.53,1.97,1.96,1.94,6.5,1.88,6.0,2.03,1.86,4.2,1.5,6.66,1.85,4.6,6.5,4.2,1.53,4.21,6.16,1.93,4.1,4.0,1.48,1.93,1.5,1.95,1.46,1.85,Olympiakos,Panathinaikos,Olympiakos_Panathinaikos_2020
202,1.99,1.83,2.15,-0.25,2.9,2.45,,,3.88,2.13,3.75,1.81,3.03,2.15,2.02,1.86,1.62,3.75,1.55,,2.05,1.82,,,3.78,,3.1,3.8,,2.2,3.0,3.72,2.36,3.05,2.9,,2.4,2.15,2.02,2.14,1.57,Giannina,Lamia,Giannina_Lamia_2020
203,1.85,1.98,1.95,-0.5,3.4,2.31,4.0,2.25,4.0,1.95,3.7,1.95,3.62,1.97,1.84,2.02,1.68,3.8,1.64,3.6,1.93,2.0,3.6,1.9,3.64,1.61,3.82,3.75,3.4,2.03,3.53,3.61,2.23,3.55,3.4,1.91,2.26,1.95,1.88,2.0,1.63,OFI Crete,Atromitos,OFI Crete_Atromitos_2020
204,1.92,,1.9,-0.5,3.2,2.8,4.33,2.7,4.5,1.88,4.4,1.89,3.38,1.9,1.93,1.98,1.49,4.5,1.44,4.2,1.95,1.9,3.5,1.9,4.32,1.44,3.5,4.33,3.2,1.95,3.25,4.28,2.69,3.3,3.1,1.8,2.79,1.91,,1.9,1.44,Panetolikos,Apollon,Panetolikos_Apollon_2020
205,1.9,1.95,2.8,0.0,2.9,2.43,2.8,2.25,2.83,2.74,2.8,1.91,3.04,2.75,1.93,1.98,1.67,2.7,1.63,2.8,1.96,1.91,2.75,2.8,2.79,1.61,3.12,2.75,2.87,2.9,2.92,2.74,2.27,3.0,2.9,2.8,2.27,2.75,1.9,2.77,1.61,Volos NFC,Giannina,Volos NFC_Giannina_2020
206,2.01,1.83,2.6,0.0,2.9,2.56,2.9,2.4,2.93,2.53,2.9,1.8,3.09,2.6,2.04,1.86,1.57,2.8,1.52,2.8,2.08,1.81,3.1,2.5,2.93,1.53,3.25,2.9,3.1,2.61,3.05,2.84,2.46,3.05,3.0,2.5,2.55,2.6,2.02,2.6,1.52,Panathinaikos,Aris,Panathinaikos_Aris_2020
207,1.84,2.0,1.53,-1.0,3.9,2.07,6.0,2.05,6.25,1.52,6.25,1.96,4.2,1.55,1.85,2.03,1.84,6.0,1.79,5.75,1.89,2.0,4.2,1.57,5.81,1.75,4.3,5.8,3.75,1.59,4.01,5.79,2.01,3.95,3.9,1.5,2.04,1.55,1.85,1.52,1.77,AEK,Asteras Tripolis,AEK_Asteras Tripolis_2020
208,1.77,2.08,2.45,-0.25,3.2,2.13,3.1,2.07,3.12,2.38,3.0,2.03,3.22,2.45,1.81,2.09,1.79,3.0,1.75,2.9,1.82,2.04,3.0,2.37,3.12,1.72,3.38,2.9,3.2,2.5,3.14,2.97,2.06,3.15,3.0,2.5,2.09,2.4,1.73,2.39,1.73,PAOK,Olympiakos,PAOK_Olympiakos_2020
209,1.83,2.0,2.38,-0.25,2.88,3.25,3.4,3.1,3.45,2.33,3.4,1.97,2.98,2.35,1.85,2.04,1.41,3.4,1.37,3.3,1.88,1.99,2.9,2.45,3.37,1.36,2.99,3.3,2.75,2.45,2.88,3.34,3.03,2.95,2.8,2.3,2.98,2.38,1.85,2.34,1.36,Lamia,Larisa,Lamia_Larisa_2020
210,1.86,1.98,1.22,-1.75,6.0,1.74,13.0,1.7,15.0,1.2,13.0,1.93,6.72,1.25,1.86,1.99,2.21,13.0,2.16,11.5,1.91,1.96,6.25,1.22,14.02,2.1,7.1,13.0,6.0,1.25,6.25,12.66,1.67,6.0,5.75,1.2,1.67,1.2,1.88,1.18,2.14,Olympiakos,Asteras Tripolis,Olympiakos_Asteras Tripolis_2020
211,2.01,1.7,2.9,0.25,3.2,2.38,2.5,2.3,2.5,3.03,2.35,1.79,3.35,3.05,2.01,1.85,1.65,2.4,1.61,2.35,2.15,1.83,3.1,2.8,2.34,1.6,3.36,2.35,3.2,3.3,3.23,2.33,2.29,3.3,3.2,3.0,2.32,3.0,2.1,3.1,1.6,Aris,PAOK,Aris_PAOK_2020
212,1.93,1.83,1.8,-0.5,3.3,2.38,4.33,2.25,4.4,1.87,4.1,1.86,3.52,1.9,1.91,1.92,1.66,4.4,1.61,4.1,2.04,1.92,3.4,1.85,4.04,1.61,3.58,4.2,3.4,1.93,3.42,4.07,2.28,3.5,3.4,1.85,2.32,1.88,2.02,1.92,1.6,AEK,Panathinaikos,AEK_Panathinaikos_2020
213,1.88,2.0,2.88,0.0,2.88,2.89,2.5,2.7,2.9,2.67,2.7,1.94,3.31,2.7,1.88,2.04,1.47,2.63,1.46,2.6,1.97,1.96,3.1,2.7,2.62,1.44,3.35,2.75,3.1,2.88,3.09,2.67,2.7,3.15,2.9,2.7,2.74,2.8,1.85,2.73,1.44,Giannina,Panetolikos,Giannina_Panetolikos_2020
214,1.89,1.93,2.2,-0.25,3.1,2.45,3.3,2.35,3.4,2.23,3.3,1.92,3.25,2.25,1.93,1.97,1.63,3.3,1.58,3.1,1.98,1.91,3.1,2.15,3.38,1.57,3.26,3.25,3.1,2.31,3.15,3.22,2.35,3.2,3.13,2.3,2.37,2.25,1.93,2.24,1.57,Larisa,OFI Crete,Larisa_OFI Crete_2020
215,1.81,2.02,2.4,-0.25,2.88,2.63,3.3,2.4,3.85,2.38,3.45,2.01,2.72,2.45,1.81,2.05,1.55,3.25,1.54,3.5,1.88,2.03,2.75,2.3,3.62,1.53,2.89,3.2,2.62,2.5,2.72,3.47,2.48,2.8,2.88,2.3,2.48,2.45,1.83,2.46,1.51,Atromitos,Lamia,Atromitos_Lamia_2020
216,1.89,1.98,1.5,-1.0,3.8,2.55,7.0,2.3,7.5,1.48,7.0,1.92,4.25,1.53,1.89,2.0,1.62,7.5,1.6,7.0,1.94,1.94,4.0,1.45,7.33,1.6,4.33,7.0,3.8,1.54,3.93,6.82,2.37,3.9,3.7,1.45,2.34,1.5,1.88,1.46,1.57,PAOK,Panathinaikos,PAOK_Panathinaikos_2020
217,2.0,,,0.75,,1.89,,,1.87,4.21,1.77,1.79,3.81,4.3,2.01,1.83,2.01,,1.96,,2.04,1.81,,,1.76,,3.86,,,4.33,3.72,1.77,1.82,3.85,,,1.83,,,4.25,1.96,Asteras Tripolis,Aris,Asteras Tripolis_Aris_2020
218,1.89,1.95,1.53,-1.0,3.9,1.98,6.0,1.85,7.03,1.51,6.0,1.92,4.19,1.55,1.92,2.03,2.0,6.0,1.98,6.25,1.96,1.92,4.1,1.53,6.98,1.95,4.33,5.8,4.0,1.56,4.05,6.03,1.86,4.2,3.9,1.48,1.84,1.55,1.9,1.48,1.92,Olympiakos,AEK,Olympiakos_AEK_2020
219,1.72,,2.4,-0.25,2.9,2.43,3.0,2.4,3.32,2.5,3.1,2.11,2.75,2.65,1.72,2.2,1.63,3.0,1.58,3.1,1.79,2.16,2.75,2.3,3.32,1.53,3.25,3.1,3.0,2.7,2.85,3.08,2.32,2.85,3.1,2.55,2.37,2.45,,2.6,1.58,Apollon,Volos NFC,Apollon_Volos NFC_2020
