Div,Date,HomeTeam,AwayTeam,FTHG,FTAG,FTR,HTHG,HTAG,HTR,Referee,HS,AS,HST,AST,HF,AF,HC,AC,HY,AY,HR,AR,B365H,B365D,B365A,BWH,BWD,BWA,GBH,GBD,GBA,IWH,IWD,IWA,LBH,LBD,LBA,SBH,SBD,SBA,WHH,WHD,WHA,SJH,SJD,SJA,VCH,VCD,VCA,BSH,BSD,BSA,Bb1X2,BbMxH,BbAvH,BbMxD,BbAvD,BbMxA,BbAvA,BbOU,BbMx>2.5,BbAv>2.5,BbMx<2.5,BbAv<2.5,BbAH,BbAHh,BbMxAHH,BbAvAHH,BbMxAHA,BbAvAHA
SC0,2010-08-14,Aberdeen,Hamilton,4,0,H,2,0,H,D McDonald,7,10,3,3,22,12,4,5,1,1,0,0,2.0,3.4,3.75,1.9,3.25,3.6,1.9,3.25,3.75,2.0,3.2,3.3,1.91,3.4,4.0,1.95,3.25,3.6,2.05,3.3,3.6,2.0,3.4,3.4,2.0,3.2,3.75,1.91,3.3,3.6,36,2.16,2.0,3.44,3.28,3.9,3.61,29,2.3,2.19,1.75,1.61,17,0.0,1.55,1.44,2.75,2.6
SC0,2010-08-14,Hearts,St Johnstone,1,1,D,1,1,D,S O'Reilly,8,6,1,3,12,12,9,4,2,2,0,1,1.91,3.4,4.0,1.88,3.25,3.7,1.8,3.4,4.0,1.85,3.3,3.7,1.83,3.5,4.33,1.85,3.4,3.75,1.91,3.4,4.0,1.83,3.4,4.0,1.91,3.25,4.0,1.8,3.4,4.0,36,2.03,1.88,3.49,3.34,4.33,3.96,33,2.17,2.06,1.78,1.7,16,0.0,1.44,1.38,3.0,2.84
SC0,2010-08-14,Inverness C,Celtic,0,1,A,0,0,D,C Murray,8,22,3,15,11,7,1,12,0,0,0,0,8.0,4.5,1.4,7.0,4.4,1.35,7.0,4.1,1.4,6.5,4.0,1.4,8.0,4.33,1.4,8.0,4.2,1.35,8.0,4.5,1.4,8.0,4.0,1.4,7.0,4.6,1.4,7.5,4.0,1.4,34,8.0,7.5,4.84,4.25,1.46,1.41,27,1.65,1.61,2.3,2.19,17,0.0,6.86,5.72,1.14,1.11
SC0,2010-08-14,Rangers,Kilmarnock,2,1,H,1,0,H,W Collum,20,7,12,3,14,8,12,6,0,1,0,0,1.2,6.0,15.0,1.17,6.0,11.0,1.2,5.5,12.0,1.2,5.2,11.0,1.2,6.0,15.0,1.18,6.0,12.0,1.2,6.0,15.0,1.2,5.5,15.0,1.2,5.5,15.0,1.2,5.5,12.0,35,1.23,1.2,6.5,5.77,17.0,13.57,29,1.62,1.59,2.35,2.23,14,0.0,1.04,1.03,13.0,10.42
SC0,2010-08-14,St Mirren,Dundee United,1,1,D,0,0,D,B Winter,3,14,2,5,11,15,4,11,2,3,0,0,3.6,3.2,2.1,2.9,3.25,2.2,2.9,3.3,2.2,2.9,3.2,2.2,3.1,3.4,2.2,2.95,3.25,2.2,3.3,3.2,2.25,3.0,3.4,2.2,3.4,3.25,2.1,3.0,3.2,2.2,36,3.62,3.2,3.45,3.27,2.25,2.16,29,2.35,2.24,1.7,1.58,18,0.0,2.52,2.29,1.65,1.56
SC0,2010-08-15,Motherwell,Hibernian,2,3,A,1,1,D,C Thomson,15,15,10,10,8,13,5,7,0,2,0,0,2.38,3.25,3.0,2.4,3.25,2.7,2.4,3.2,2.7,2.3,3.2,2.7,2.5,3.3,2.75,2.45,3.25,2.6,2.4,3.2,3.0,2.38,3.25,2.8,2.3,3.2,3.0,2.4,3.2,2.7,36,2.5,2.38,3.44,3.23,3.15,2.85,29,2.25,2.14,1.8,1.64,23,0.0,1.8,1.7,2.25,2.07
SC0,2010-08-21,Hamilton,Hearts,0,4,A,0,2,A,S Finnie,2,8,1,4,14,11,7,6,1,2,1,1,2.75,3.3,2.5,2.55,3.25,2.45,2.7,3.25,2.4,2.6,3.2,2.4,2.8,3.5,2.38,2.55,3.2,2.5,2.75,3.2,2.6,2.88,3.25,2.38,2.75,3.3,2.4,2.75,3.3,2.38,34,2.92,2.74,3.3,3.23,2.63,2.46,26,2.38,2.22,1.7,1.6,27,0.0,2.1,1.97,1.9,1.79
SC0,2010-08-21,St Johnstone,Aberdeen,0,1,A,0,0,D,S McLean,6,9,2,4,15,14,5,4,2,3,0,0,2.38,3.3,2.9,2.35,3.25,2.65,2.3,3.25,2.8,2.4,3.2,2.6,2.4,3.4,2.8,2.4,3.2,2.7,2.4,3.2,3.0,2.38,3.4,2.63,2.4,3.25,2.75,2.38,3.25,2.8,35,2.5,2.37,3.4,3.25,3.1,2.83,27,2.22,2.1,1.72,1.67,22,0.0,1.76,1.71,2.2,2.05
SC0,2010-08-22,Celtic,St Mirren,4,0,H,2,0,H,E Norris,16,1,8,1,7,6,12,0,1,2,0,0,1.2,6.0,15.0,1.17,6.5,10.0,1.18,6.0,12.0,1.17,5.7,12.0,1.17,7.0,15.0,1.2,5.75,11.0,1.2,6.0,15.0,1.2,5.5,15.0,1.17,6.5,15.0,1.17,6.0,15.0,33,1.21,1.18,7.0,6.08,16.5,13.76,25,1.67,1.6,2.31,2.2,14,0.0,1.05,1.03,13.0,10.64
SC0,2010-08-22,Dundee United,Inverness C,0,4,A,0,1,A,A Muir,5,9,3,6,7,8,9,4,0,0,0,0,1.67,3.6,5.25,1.55,3.6,5.35,1.62,3.6,5.0,1.7,3.4,4.3,1.57,3.75,6.0,1.65,3.5,4.75,1.73,3.5,5.0,1.67,3.5,5.0,1.62,3.6,5.5,1.57,3.75,5.5,35,1.74,1.66,3.77,3.56,5.5,5.07,29,2.16,2.02,1.8,1.73,16,0.0,1.25,1.22,4.33,3.87
SC0,2010-08-22,Hibernian,Rangers,0,3,A,0,0,D,I Brines,11,9,7,7,17,12,4,5,2,2,1,1,4.75,3.6,1.73,4.4,3.4,1.7,4.33,3.4,1.75,4.5,3.5,1.65,5.0,3.5,1.73,4.33,3.4,1.73,4.5,3.5,1.8,4.33,3.4,1.8,4.75,3.4,1.75,4.33,3.5,1.73,32,5.0,4.57,3.76,3.5,1.8,1.74,28,1.82,1.74,2.1,2.01,16,0.0,3.71,3.34,1.33,1.28
SC0,2010-08-22,Kilmarnock,Motherwell,0,1,A,0,1,A,M Tumilty,8,3,2,3,7,20,9,2,2,3,0,0,2.63,3.3,2.6,2.45,3.25,2.55,2.5,3.25,2.6,2.5,3.2,2.5,2.5,3.5,2.62,2.5,3.2,2.55,2.7,3.2,2.62,2.6,3.2,2.6,2.5,3.3,2.62,2.5,3.25,2.6,34,2.73,2.55,3.3,3.21,2.84,2.64,26,2.3,2.17,1.75,1.63,25,0.0,1.94,1.85,2.0,1.89
SC0,2010-08-28,Aberdeen,Kilmarnock,0,1,A,0,0,D,B Winter,10,19,5,12,6,9,6,6,1,1,0,0,1.95,3.4,3.8,1.8,3.4,3.85,1.91,3.3,3.6,1.85,3.2,3.8,1.83,3.5,4.33,1.9,3.25,3.75,1.91,3.4,4.0,1.83,3.5,4.0,1.85,3.3,4.0,1.8,3.5,4.0,35,1.96,1.88,3.56,3.37,4.33,3.98,24,2.22,2.09,1.73,1.67,17,0.0,1.44,1.37,3.25,2.89
SC0,2010-08-28,Inverness C,Hamilton,0,1,A,0,1,A,J McKendrick,2,8,1,4,13,14,6,5,2,1,0,0,1.91,3.4,4.0,1.85,3.35,3.65,1.9,3.4,3.6,1.9,3.2,3.6,1.91,3.4,4.0,1.8,3.6,3.75,1.91,3.4,4.0,1.91,3.4,3.75,1.85,3.4,4.0,1.91,3.3,4.0,35,1.91,1.84,3.71,3.41,4.5,4.07,26,2.16,2.05,1.77,1.7,18,0.0,1.5,1.38,3.2,2.85
SC0,2010-08-28,Rangers,St Johnstone,2,1,H,1,1,D,C Murray,15,6,10,3,13,14,1,3,3,2,0,0,1.22,6.0,13.0,1.18,5.5,12.5,1.2,5.5,11.0,1.2,5.2,11.0,1.22,6.0,12.0,1.2,5.5,12.0,1.2,6.0,15.0,1.2,6.0,12.0,1.2,5.5,15.0,1.22,5.5,13.0,34,1.25,1.21,6.5,5.61,17.0,12.85,23,1.55,1.51,2.6,2.42,15,0.0,1.05,1.03,13.0,9.76
SC0,2010-08-29,Hearts,Dundee United,1,1,D,1,0,H,C Thomson,14,7,7,5,14,13,8,9,1,2,0,0,2.2,3.4,3.2,2.25,3.25,2.8,2.25,3.25,2.85,2.1,3.2,3.1,2.25,3.3,3.1,2.1,3.25,3.2,2.2,3.3,3.3,2.2,3.2,3.25,2.2,3.25,3.12,2.1,3.3,3.3,35,2.3,2.19,3.4,3.25,3.63,3.15,22,2.2,2.1,1.7,1.66,19,0.0,1.65,1.56,2.5,2.28
SC0,2010-08-29,Motherwell,Celtic,0,1,A,0,0,D,D McDonald,5,18,2,6,11,13,3,5,1,2,1,0,6.0,3.8,1.57,6.0,3.6,1.5,5.0,3.6,1.6,5.0,3.7,1.55,6.0,3.75,1.57,5.75,3.6,1.53,6.0,3.8,1.57,5.5,3.75,1.57,6.0,3.8,1.53,6.0,3.75,1.57,34,6.25,5.76,4.2,3.74,1.63,1.57,26,1.79,1.71,2.18,2.04,16,0.0,4.77,4.21,1.23,1.19
SC0,2010-08-29,St Mirren,Hibernian,1,0,H,0,0,D,S O'Reilly,4,7,2,1,11,13,0,5,3,1,0,0,3.1,3.3,2.3,2.9,3.25,2.2,2.85,3.25,2.25,2.6,3.2,2.4,3.1,3.4,2.25,2.85,3.25,2.25,3.0,3.25,2.38,3.0,3.25,2.25,3.1,3.2,2.25,3.0,3.3,2.25,35,3.3,3.0,3.4,3.24,2.4,2.27,26,2.25,2.1,1.75,1.68,23,0.0,2.32,2.15,1.75,1.65
SC0,2010-09-11,Celtic,Hearts,3,0,H,2,0,H,W Collum,12,6,8,3,10,12,3,4,0,1,0,0,1.33,5.0,9.0,1.35,4.5,7.0,1.35,4.25,8.0,1.35,4.2,7.5,1.33,5.0,9.0,1.35,4.2,8.0,1.33,4.8,9.0,1.4,4.0,8.0,1.33,5.0,10.0,1.36,4.2,8.5,27,1.4,1.36,5.09,4.41,10.0,8.53,19,1.62,1.59,2.38,2.22,12,0.0,1.13,1.09,7.0,6.31
SC0,2010-09-11,Dundee United,Aberdeen,3,1,H,3,1,H,M Tumilty,7,4,4,4,8,14,9,10,0,4,0,0,2.1,3.3,3.5,2.1,3.25,3.1,2.1,3.25,3.2,2.0,3.2,3.3,2.0,3.5,3.6,2.1,3.25,3.2,2.1,3.25,3.6,2.0,3.4,3.4,2.1,3.4,3.6,2.0,3.4,3.4,28,2.13,2.07,3.45,3.28,3.9,3.41,19,2.2,2.11,1.69,1.65,13,0.0,1.57,1.5,2.63,2.45
SC0,2010-09-11,Hamilton,Rangers,1,2,A,0,1,A,A Muir,6,7,3,6,17,18,4,6,2,2,0,0,8.0,4.5,1.4,6.25,4.25,1.4,7.5,4.0,1.4,6.5,4.0,1.4,9.0,4.5,1.36,7.5,4.0,1.4,8.0,4.5,1.4,8.0,4.0,1.4,10.0,4.6,1.36,8.0,4.0,1.4,28,10.0,7.92,4.75,4.26,1.42,1.39,23,1.78,1.69,2.2,2.1,14,0.0,7.0,5.88,1.16,1.11
SC0,2010-09-11,Hibernian,Inverness C,1,1,D,1,0,H,C Allan,9,11,4,2,11,6,5,7,2,1,0,0,1.83,3.5,4.33,1.7,3.45,4.3,1.8,3.4,4.0,1.8,3.2,4.0,1.8,3.5,4.5,1.8,3.4,4.0,1.83,3.4,4.5,1.83,3.5,4.0,1.85,3.5,4.2,1.75,3.5,4.33,29,1.92,1.82,3.61,3.41,4.5,4.16,25,2.06,1.98,1.84,1.77,13,0.0,1.4,1.33,3.4,3.08
SC0,2010-09-11,Kilmarnock,St Mirren,2,1,H,1,0,H,S McLean,22,6,8,2,8,11,5,4,1,2,0,1,2.1,3.3,3.5,2.0,3.25,3.3,2.05,3.25,3.25,2.2,3.2,2.9,2.1,3.3,3.5,2.1,3.25,3.2,2.15,3.2,3.5,2.0,3.4,3.4,2.2,3.25,3.5,2.0,3.4,3.4,29,2.25,2.11,3.4,3.24,3.61,3.34,21,2.41,2.27,1.6,1.56,14,0.0,1.57,1.5,2.63,2.44
SC0,2010-09-11,St Johnstone,Motherwell,0,2,A,0,2,A,I Brines,6,6,1,2,13,10,7,1,0,0,0,0,2.38,3.25,3.0,2.3,3.25,2.7,2.3,3.25,2.8,2.4,3.2,2.6,2.4,3.3,2.9,2.35,3.25,2.7,2.4,3.3,2.9,2.38,3.5,2.63,2.38,3.25,3.1,2.3,3.4,2.75,29,2.45,2.35,3.5,3.25,3.18,2.88,26,2.12,2.01,1.82,1.75,18,0.0,1.76,1.7,2.25,2.09
SC0,2010-09-18,Hibernian,Hamilton,1,1,D,1,1,D,E Norris,8,6,3,3,13,12,5,8,1,1,0,0,1.8,3.5,4.5,1.67,3.5,4.5,1.75,3.4,4.25,1.8,3.2,4.0,1.8,3.5,4.5,1.75,3.4,4.2,1.91,3.4,4.0,1.73,3.5,4.5,1.83,3.5,4.4,1.8,3.4,4.5,29,1.88,1.79,3.6,3.44,5.0,4.37,26,2.1,2.0,1.83,1.77,12,0.0,1.33,1.31,3.4,3.2
SC0,2010-09-18,Inverness C,Hearts,1,3,A,1,1,D,I Brines,11,11,8,8,11,9,5,9,2,2,0,0,2.63,3.25,2.63,2.5,3.25,2.55,2.5,3.2,2.6,2.55,3.1,2.55,2.6,3.4,2.6,2.55,3.2,2.5,2.6,3.2,2.7,2.5,3.25,2.63,2.5,3.12,2.88,2.5,3.25,2.75,29,2.65,2.48,3.3,3.22,2.9,2.72,22,2.24,2.14,1.72,1.65,22,0.0,1.91,1.8,2.11,1.99
SC0,2010-09-18,Motherwell,Aberdeen,1,1,D,1,0,H,S O'Reilly,9,5,4,2,14,9,2,2,1,0,0,0,2.2,3.3,3.25,2.15,3.25,3.0,2.15,3.25,3.1,2.3,3.1,2.8,2.2,3.4,3.2,2.2,3.2,3.0,2.15,3.3,3.4,2.1,3.4,3.2,2.2,3.25,3.4,2.1,3.25,3.4,28,2.28,2.17,3.45,3.26,3.65,3.22,22,2.23,2.12,1.72,1.66,13,0.0,1.67,1.55,2.5,2.33
SC0,2010-09-18,Rangers,Dundee United,4,0,H,1,0,H,D McDonald,17,5,12,2,6,12,4,5,0,2,0,0,1.36,4.5,8.5,1.35,4.5,7.0,1.35,4.33,8.0,1.37,4.2,7.5,1.36,4.5,9.0,1.35,4.2,8.0,1.36,4.8,8.0,1.44,4.5,6.0,1.4,4.75,7.5,1.44,4.2,7.0,29,1.46,1.4,4.79,4.31,9.0,7.43,21,1.65,1.6,2.37,2.22,12,0.0,1.14,1.12,6.5,5.73
SC0,2010-09-18,St Johnstone,St Mirren,2,1,H,2,1,H,J McKendrick,9,4,6,1,13,14,2,3,0,2,0,0,2.0,3.4,3.75,2.05,3.25,3.2,2.0,3.25,3.4,2.1,3.1,3.2,2.1,3.4,3.4,2.05,3.3,3.2,2.1,3.2,3.6,2.1,3.2,3.4,2.0,3.3,4.0,2.0,3.3,3.6,28,2.1,2.03,3.4,3.28,3.95,3.54,21,2.28,2.15,1.7,1.64,13,0.0,1.5,1.46,2.74,2.57
SC0,2010-09-19,Kilmarnock,Celtic,1,2,A,1,1,D,C Thomson,2,6,1,3,10,10,2,10,3,2,0,0,7.5,4.5,1.4,6.25,4.25,1.4,7.0,4.25,1.4,6.5,4.0,1.4,8.0,4.33,1.4,7.5,4.0,1.4,8.0,4.5,1.4,7.0,4.0,1.44,8.0,4.6,1.4,7.0,4.33,1.44,29,8.85,7.53,4.74,4.25,1.44,1.41,21,1.75,1.68,2.2,2.08,12,0.0,6.0,5.5,1.15,1.12
SC0,2010-09-25,Celtic,Hibernian,2,1,H,1,0,H,C Murray,12,4,6,1,11,7,9,0,1,1,0,0,1.3,5.0,10.0,1.3,4.75,7.75,1.3,4.5,9.0,1.27,4.8,9.0,1.3,5.5,9.0,1.29,4.6,9.5,1.3,5.0,11.0,1.29,5.0,9.0,1.3,5.0,10.0,1.3,4.75,9.0,28,1.33,1.29,5.5,4.9,11.0,9.59,22,1.57,1.55,2.4,2.32,12,0.0,1.1,1.07,9.0,7.35
SC0,2010-09-25,Dundee United,St Johnstone,1,0,H,0,0,D,B Winter,7,5,3,1,11,9,7,5,3,7,0,0,1.91,3.4,4.0,1.72,3.4,4.25,1.85,3.3,4.0,1.85,3.2,3.8,1.91,3.4,4.0,1.85,3.25,4.0,2.0,3.2,4.0,1.73,3.5,4.5,1.95,3.4,3.8,1.83,3.4,4.0,29,2.05,1.89,3.5,3.34,4.5,3.97,28,2.0,1.9,1.95,1.84,13,0.0,1.4,1.37,3.0,2.9
SC0,2010-09-25,Hamilton,Kilmarnock,2,2,D,2,0,H,C Allan,8,6,6,3,12,15,9,4,5,0,0,0,2.3,3.2,3.2,2.3,3.25,2.7,2.3,3.25,2.8,2.3,3.1,2.8,2.3,3.4,3.0,2.3,3.25,2.8,2.4,3.2,3.0,2.25,3.25,3.0,2.38,3.12,3.2,2.25,3.2,3.0,29,2.42,2.32,3.4,3.22,3.4,2.97,23,2.25,2.15,1.7,1.64,18,0.0,1.72,1.65,2.28,2.17
SC0,2010-09-25,Hearts,Motherwell,0,2,A,0,0,D,M Tumilty,6,14,1,11,20,10,6,5,2,1,0,0,2.1,3.3,3.5,1.9,3.3,3.6,2.0,3.2,3.5,2.0,3.2,3.3,2.0,3.3,3.75,2.1,3.25,3.2,2.2,3.2,3.4,2.0,3.25,3.6,2.1,3.3,3.5,1.91,3.3,3.75,29,2.19,2.05,3.4,3.26,3.75,3.51,26,2.25,2.14,1.7,1.66,14,0.0,1.54,1.46,2.75,2.54
SC0,2010-09-25,St Mirren,Inverness C,1,2,A,0,1,A,S Finnie,8,10,4,3,9,16,8,7,1,2,0,0,2.5,3.2,2.88,2.2,3.25,2.9,2.25,3.25,2.9,2.3,3.1,2.8,2.25,3.4,3.1,2.3,3.25,2.8,2.5,3.1,2.9,2.38,3.2,2.88,2.5,3.2,2.88,2.4,3.2,2.75,29,2.52,2.37,3.3,3.17,3.2,2.92,23,2.32,2.18,1.7,1.62,18,0.0,1.79,1.71,2.16,2.07
SC0,2010-09-26,Aberdeen,Rangers,2,3,A,2,1,H,W Collum,6,13,4,8,20,9,4,4,2,1,1,0,5.5,3.8,1.62,5.25,3.8,1.53,5.0,3.6,1.62,4.8,3.6,1.6,6.0,3.75,1.57,5.25,3.6,1.57,5.5,3.75,1.62,5.5,3.75,1.57,6.0,4.0,1.57,5.0,3.5,1.67,29,6.45,5.57,4.16,3.69,1.67,1.59,27,1.92,1.8,2.06,1.95,14,0.0,4.4,4.02,1.25,1.21
SC0,2010-10-02,Celtic,Hamilton,3,1,H,1,1,D,S O'Reilly,15,8,7,6,11,10,9,5,1,1,0,0,1.17,7.0,15.0,1.15,6.0,13.0,1.17,6.0,13.0,1.15,6.0,13.0,1.17,7.0,15.0,1.15,6.5,13.0,1.17,6.5,17.0,1.18,6.0,13.0,1.18,7.0,15.0,1.17,6.5,17.0,29,1.2,1.17,7.0,6.48,17.1,14.19,20,1.5,1.43,2.8,2.63,12,0.0,1.07,1.03,15.0,11.53
SC0,2010-10-02,Hearts,Rangers,1,2,A,1,0,H,C Thompson,9,20,6,12,20,12,4,9,5,1,0,0,5.0,3.75,1.67,4.8,3.5,1.62,5.0,3.5,1.65,4.5,3.5,1.65,5.5,3.75,1.62,4.75,3.5,1.65,5.5,3.75,1.62,5.0,3.5,1.67,5.5,3.8,1.62,5.5,3.75,1.62,30,6.0,5.33,4.09,3.67,1.67,1.62,25,1.8,1.72,2.15,2.05,15,0.0,4.4,3.9,1.25,1.22
SC0,2010-10-02,Inverness C,Aberdeen,2,0,H,1,0,H,C Murray,8,7,3,2,6,14,4,4,1,3,0,0,2.4,3.3,2.88,2.4,3.25,2.6,2.35,3.25,2.75,2.4,3.2,2.6,2.4,3.3,2.88,2.4,3.1,2.75,2.38,3.3,2.9,2.4,3.25,2.75,2.5,3.25,2.88,2.5,3.25,2.75,30,2.59,2.43,3.36,3.24,2.9,2.78,22,2.22,2.09,1.72,1.68,24,0.0,1.87,1.77,2.2,2.02
SC0,2010-10-02,Kilmarnock,Dundee United,1,2,A,0,1,A,J McKendrick,20,13,9,11,7,16,7,3,1,3,1,0,2.75,3.3,2.5,2.55,3.25,2.45,2.65,3.25,2.45,2.6,3.1,2.5,2.8,3.3,2.5,2.5,3.2,2.55,2.9,3.3,2.38,2.75,3.25,2.4,2.88,3.2,2.5,2.75,3.25,2.5,30,2.96,2.73,3.3,3.21,2.6,2.48,20,2.25,2.15,1.7,1.63,24,0.0,2.11,2.0,1.85,1.78
SC0,2010-10-02,Motherwell,St Mirren,3,1,H,1,0,H,I Brines,12,11,10,4,12,18,6,2,1,4,0,0,1.67,3.75,5.0,1.6,3.4,5.25,1.67,3.5,4.75,1.7,3.4,4.3,1.73,3.5,5.0,1.65,3.4,5.0,1.67,3.5,5.5,1.67,3.5,5.0,1.62,3.6,6.0,1.67,3.5,5.5,30,1.73,1.66,3.82,3.52,6.0,5.12,20,2.2,2.13,1.7,1.64,15,0.0,1.33,1.23,4.2,3.8
SC0,2010-10-02,St Johnstone,Hibernian,2,0,H,0,0,D,D McDonald,13,8,5,2,5,9,6,2,0,2,0,0,2.4,3.4,2.8,2.4,3.25,2.6,2.4,3.25,2.75,2.4,3.2,2.6,2.4,3.3,2.88,2.3,3.2,2.8,2.38,3.3,2.9,2.38,3.2,2.88,2.4,3.3,2.88,2.38,3.25,2.9,30,2.5,2.39,3.4,3.24,3.0,2.83,24,2.18,2.07,1.76,1.7,20,0.0,1.77,1.71,2.2,2.08
SC0,2010-10-16,Aberdeen,Hearts,0,1,A,0,0,D,M Tumilty,5,14,2,6,13,14,3,7,3,4,0,0,2.5,3.2,2.88,2.25,3.25,2.8,2.35,3.2,2.8,2.3,3.1,2.8,2.38,3.4,2.88,2.35,3.2,2.75,2.5,3.1,2.9,2.38,3.3,2.75,2.6,3.25,2.75,2.5,3.25,2.75,31,2.64,2.41,3.36,3.22,3.1,2.84,23,2.2,2.08,1.75,1.69,19,0.0,1.87,1.77,2.08,2.04
SC0,2010-10-16,Hibernian,Kilmarnock,2,1,H,2,1,H,I Brines,5,8,3,3,12,14,4,7,1,1,0,0,2.0,3.4,3.7,1.88,3.35,3.55,1.95,3.3,3.5,2.0,3.2,3.3,2.0,3.4,3.75,1.9,3.25,3.75,2.05,3.2,3.75,2.0,3.3,3.5,2.0,3.5,3.75,2.05,3.3,3.6,30,2.05,1.98,3.57,3.34,4.0,3.64,25,2.25,2.13,1.73,1.67,13,-0.5,2.04,2.0,1.91,1.85
SC0,2010-10-16,Inverness C,St Johnstone,1,1,D,0,1,A,A Muir,9,8,6,2,14,18,7,6,2,3,0,0,2.25,3.25,3.2,2.1,3.25,3.05,2.2,3.25,3.0,2.2,3.1,3.0,2.2,3.3,3.25,2.2,3.25,2.95,2.3,3.2,3.1,2.2,3.3,3.0,2.25,3.3,3.2,2.25,3.3,3.1,30,2.41,2.25,3.36,3.24,3.3,3.07,25,2.25,2.13,1.75,1.67,15,0.0,1.71,1.63,2.35,2.22
SC0,2010-10-16,Rangers,Motherwell,4,1,H,0,1,A,S Finnie,17,11,8,4,4,8,5,3,2,1,0,0,1.36,4.5,9.0,1.3,4.75,7.75,1.33,4.5,8.25,1.37,4.0,7.5,1.3,5.0,10.0,1.3,4.75,8.0,1.36,4.5,9.0,1.33,4.5,9.0,1.36,4.75,9.0,1.33,4.75,9.0,31,1.4,1.34,5.14,4.61,10.0,8.5,22,1.65,1.62,2.25,2.2,11,-1.25,1.89,1.84,2.06,2.02
SC0,2010-10-16,St Mirren,Hamilton,2,2,D,0,1,A,W Collum,3,5,3,4,16,16,6,8,5,3,0,0,2.4,3.3,2.88,2.3,3.1,2.8,2.3,3.2,2.8,2.3,3.1,2.8,2.3,3.3,3.0,2.3,3.2,2.8,2.5,3.1,2.9,2.38,3.2,2.88,2.6,3.25,2.75,2.4,3.2,2.9,31,2.5,2.38,3.42,3.21,3.0,2.88,25,2.25,2.09,1.75,1.69,19,0.0,1.83,1.75,2.12,2.06
SC0,2010-10-17,Dundee United,Celtic,1,2,A,1,1,D,D McDonald,12,25,8,14,12,11,9,11,4,4,0,0,5.0,3.75,1.67,4.6,3.5,1.65,4.75,3.6,1.65,4.3,3.4,1.7,5.0,3.5,1.73,5.0,3.4,1.65,4.5,3.75,1.73,4.5,3.5,1.73,4.75,4.0,1.67,5.0,3.5,1.73,28,5.24,4.91,4.06,3.61,1.75,1.68,26,1.74,1.68,2.25,2.11,12,0.75,2.05,1.98,1.92,1.89
SC0,2010-10-23,Aberdeen,Hibernian,4,2,H,2,0,H,C Thomson,6,14,4,8,10,11,4,8,0,2,0,0,2.38,3.2,3.0,2.25,3.25,2.8,2.3,3.2,2.8,2.3,3.1,2.8,2.38,3.3,2.9,2.3,3.2,2.8,2.5,3.0,3.0,2.38,3.25,2.8,2.4,3.25,3.1,2.38,3.25,2.8,31,2.46,2.35,3.3,3.22,3.12,2.91,27,2.23,2.12,1.75,1.67,16,0.0,1.75,1.68,2.22,2.12
SC0,2010-10-23,Hamilton,St Johnstone,1,2,A,0,1,A,M Tumilty,4,4,3,2,12,10,4,4,3,3,0,0,2.5,3.25,2.8,2.3,3.25,2.7,2.4,3.2,2.7,2.3,3.1,2.8,2.38,3.4,2.88,2.3,3.2,2.8,2.6,3.0,2.9,2.38,3.25,2.8,2.6,3.25,2.88,2.38,3.25,2.8,31,2.6,2.42,3.37,3.23,2.95,2.8,27,2.2,2.11,1.76,1.68,20,0.0,1.85,1.77,2.11,2.04
SC0,2010-10-23,Hearts,St Mirren,3,0,H,2,0,H,C Murray,9,5,5,3,13,14,8,2,0,2,0,0,1.57,3.75,6.0,1.62,3.5,4.75,1.6,3.6,5.0,1.65,3.5,4.5,1.67,3.5,5.5,1.6,3.6,5.0,1.67,3.5,5.5,1.62,3.5,5.5,1.62,4.0,6.0,1.57,3.5,6.0,31,1.67,1.6,4.1,3.66,6.0,5.49,27,2.22,2.11,1.75,1.68,12,-0.75,1.88,1.8,2.16,2.08
SC0,2010-10-23,Kilmarnock,Inverness C,1,2,A,0,1,A,E Norris,11,8,6,5,14,6,6,9,3,2,0,0,2.3,3.3,3.1,2.3,3.25,2.7,2.3,3.2,2.8,2.3,3.1,2.8,2.38,3.4,2.88,2.3,3.2,2.8,2.4,3.2,3.0,2.38,3.25,2.8,2.38,3.4,3.1,2.38,3.25,2.8,31,2.4,2.34,3.46,3.25,3.12,2.89,28,2.16,2.07,1.79,1.71,18,0.0,1.73,1.69,2.25,2.13
SC0,2010-10-23,Motherwell,Dundee United,2,1,H,1,0,H,S McLean,10,1,5,0,7,21,10,3,2,2,0,0,2.4,3.25,2.9,2.3,3.25,2.7,2.3,3.2,2.8,2.3,3.1,2.8,2.4,3.4,2.8,2.3,3.2,2.8,2.5,3.0,3.0,2.38,3.25,2.8,2.38,3.4,3.1,2.38,3.25,2.8,31,2.5,2.36,3.42,3.25,3.14,2.87,28,2.06,1.98,1.88,1.78,19,0.0,1.75,1.7,2.21,2.11
SC0,2010-10-24,Celtic,Rangers,1,3,A,1,0,H,W Collum,15,7,7,4,16,15,11,1,3,2,0,0,2.3,3.2,3.1,2.2,3.25,2.9,2.2,3.2,3.0,2.2,3.1,3.0,2.25,3.4,3.1,2.2,3.2,3.0,2.38,3.1,3.5,2.38,3.2,2.88,2.25,3.25,3.5,2.2,3.3,3.0,31,2.38,2.24,3.35,3.24,3.54,3.12,29,2.07,1.96,1.86,1.8,18,0.0,1.67,1.6,2.41,2.25
SC0,2010-10-30,Dundee United,Hibernian,1,0,H,0,0,D,S Finnie,8,2,5,0,12,14,3,6,1,1,0,0,2.05,3.3,3.6,2.0,3.25,3.3,2.0,3.25,3.4,2.0,3.2,3.3,2.0,3.5,3.6,2.0,3.25,3.4,2.05,3.3,3.6,2.0,3.25,3.4,2.05,3.6,3.6,2.0,3.3,3.5,29,2.0,1.95,3.75,3.4,4.06,3.68,27,1.92,1.81,2.08,1.95,13,-0.5,1.95,1.92,1.98,1.95
SC0,2010-10-30,Motherwell,Hamilton,0,1,A,0,1,A,C Thomson,7,10,1,5,14,13,10,2,1,3,0,0,1.8,3.5,4.5,1.65,3.5,4.6,1.67,3.6,4.5,1.65,3.5,4.5,1.73,3.5,5.0,1.67,3.4,4.75,1.73,3.6,4.75,1.67,3.5,4.5,1.8,3.6,4.75,1.67,3.5,5.0,29,1.85,1.75,3.75,3.49,5.0,4.59,28,1.93,1.84,2.0,1.92,13,-0.75,2.12,2.09,1.84,1.8
SC0,2010-10-30,Rangers,Inverness C,1,1,D,1,0,H,I Brines,20,7,13,2,11,13,14,2,2,2,0,0,1.2,6.0,15.0,1.18,6.0,11.0,1.2,6.0,10.0,1.22,5.0,11.0,1.22,6.0,13.0,1.2,5.75,11.0,1.22,5.5,15.0,1.2,5.5,11.0,1.22,6.5,15.0,1.2,5.5,13.0,28,1.25,1.21,6.5,5.83,15.0,12.67,22,1.57,1.52,2.5,2.42,12,-1.75,1.99,1.92,1.98,1.95
SC0,2010-10-30,St Johnstone,Celtic,0,3,A,0,2,A,C Murray,6,19,2,8,14,10,1,5,2,1,1,0,8.0,4.5,1.4,6.75,4.5,1.35,6.5,4.25,1.4,6.0,3.9,1.45,8.0,4.5,1.4,8.0,4.2,1.35,7.0,4.33,1.44,7.0,4.0,1.4,8.5,4.6,1.4,7.0,4.33,1.4,28,8.5,7.32,4.61,4.31,1.47,1.41,21,1.62,1.58,2.38,2.27,13,1.25,1.87,1.84,2.08,2.03
SC0,2010-10-30,St Mirren,Aberdeen,2,1,H,1,0,H,C Allan,4,3,2,1,13,17,4,5,0,3,0,0,3.1,3.3,2.3,2.7,3.25,2.3,2.75,3.2,2.35,2.7,3.1,2.4,2.88,3.4,2.38,2.8,3.2,2.3,2.9,3.3,2.38,2.63,3.25,2.38,3.25,3.4,2.3,2.75,3.4,2.38,28,3.31,2.95,3.42,3.28,2.4,2.3,28,2.14,2.0,1.85,1.77,18,0.0,2.35,2.18,1.73,1.66
SC0,2010-10-31,Hearts,Kilmarnock,0,3,A,0,1,A,S O'Reilly,12,14,5,7,9,6,6,5,3,2,0,0,1.73,3.5,5.0,1.7,3.4,4.4,1.67,3.6,4.5,1.65,3.5,4.5,1.73,3.5,5.0,1.65,3.4,5.0,1.73,3.5,5.0,1.67,3.5,4.5,1.73,3.75,5.25,1.67,3.5,5.0,29,1.75,1.69,3.82,3.55,5.2,4.88,28,2.07,1.96,1.92,1.8,13,-0.75,1.95,1.9,2.01,1.97
SC0,2010-11-06,Celtic,Aberdeen,9,0,H,4,0,H,A Muir,16,4,8,3,7,11,8,1,1,2,1,1,1.22,6.0,13.0,1.22,5.5,9.0,1.22,5.5,10.0,1.2,5.2,11.0,1.22,6.0,13.0,1.2,5.75,11.0,1.2,6.0,15.0,1.25,5.0,12.0,1.22,6.5,15.0,1.22,5.75,13.0,34,1.25,1.22,6.6,5.72,16.0,12.74,24,1.54,1.5,2.63,2.48,12,-2.0,2.15,2.09,1.82,1.79
SC0,2010-11-06,Hamilton,Dundee United,0,1,A,0,0,D,C Murray,4,10,1,6,17,7,5,5,2,0,0,0,2.6,3.4,2.6,2.7,3.25,2.3,2.75,3.3,2.3,2.6,3.2,2.4,2.62,3.3,2.5,2.8,3.2,2.3,2.6,3.4,2.62,2.88,3.4,2.25,2.75,3.5,2.6,2.8,3.3,2.4,34,2.88,2.73,3.51,3.29,2.63,2.45,31,2.02,1.93,1.92,1.83,19,0.0,2.06,2.0,1.88,1.78
SC0,2010-11-06,Inverness C,Motherwell,1,2,A,0,2,A,M Tumilty,10,11,5,7,9,16,4,7,0,0,0,0,2.75,3.2,2.6,2.45,3.25,2.55,2.55,3.25,2.55,2.4,3.2,2.6,2.5,3.3,2.8,2.5,3.2,2.55,2.8,3.1,2.6,2.5,3.25,2.63,2.88,3.3,2.6,2.62,3.25,2.62,34,2.88,2.61,3.38,3.21,2.75,2.6,30,2.19,2.05,1.78,1.72,22,0.0,2.05,1.91,1.93,1.87
SC0,2010-11-06,St Johnstone,Kilmarnock,0,3,A,0,1,A,I Brines,7,9,1,6,13,9,3,3,3,2,0,0,2.1,3.4,3.4,2.05,3.3,3.15,2.1,3.25,3.2,2.1,3.1,3.2,2.1,3.4,3.4,2.1,3.25,3.2,2.2,3.2,3.3,2.05,3.5,3.25,2.15,3.6,3.4,2.1,3.3,3.4,34,2.19,2.1,3.6,3.34,3.5,3.3,30,2.16,2.07,1.79,1.71,12,-0.25,1.9,1.84,2.08,2.03
SC0,2010-11-07,Hibernian,Hearts,0,2,A,0,1,A,W Collum,6,9,3,4,13,13,4,6,2,2,1,0,2.75,3.3,2.5,2.45,3.25,2.55,2.55,3.25,2.55,2.5,3.2,2.5,2.62,3.3,2.6,2.5,3.2,2.55,2.8,3.1,2.6,2.6,3.25,2.6,2.88,3.3,2.6,2.6,3.3,2.6,34,2.88,2.64,3.4,3.23,2.7,2.56,32,2.09,1.97,1.85,1.79,22,0.0,2.06,1.94,1.91,1.84
SC0,2010-11-07,St Mirren,Rangers,1,3,A,0,0,D,C Thomson,10,18,6,12,16,13,3,3,2,2,0,0,10.0,5.0,1.3,7.75,4.75,1.3,9.0,4.33,1.33,8.5,4.4,1.3,12.0,5.0,1.28,8.5,4.33,1.33,9.0,4.5,1.36,9.0,4.5,1.33,11.0,5.0,1.33,9.5,4.75,1.33,34,11.0,9.16,5.24,4.74,1.37,1.32,25,1.65,1.58,2.4,2.25,12,1.5,1.85,1.79,2.12,2.06
SC0,2010-11-09,Aberdeen,Inverness C,1,2,A,0,1,A,J McKendrick,12,9,5,2,16,11,6,4,5,0,0,0,2.38,3.25,3.0,2.2,3.3,2.85,2.35,3.1,2.75,2.2,3.2,2.9,2.5,3.3,2.8,2.3,3.2,2.8,2.5,3.25,2.8,2.63,3.2,2.63,2.5,3.3,3.0,2.38,3.2,2.88,34,2.82,2.54,3.35,3.21,2.9,2.68,31,2.19,2.01,1.85,1.75,23,0.0,2.0,1.83,2.13,1.96
SC0,2010-11-10,Dundee United,St Mirren,1,2,A,0,1,A,E Norris,5,8,3,3,9,10,5,1,2,3,0,0,1.6,3.8,5.75,1.55,3.5,5.5,1.6,3.6,5.0,1.55,3.7,5.0,1.62,3.75,5.5,1.62,3.5,5.0,1.57,4.0,5.5,1.57,4.0,5.0,1.62,4.0,5.5,1.53,4.0,5.5,33,1.63,1.58,4.18,3.79,6.0,5.4,31,1.88,1.8,2.05,1.96,12,-0.75,1.83,1.8,2.11,2.07
SC0,2010-11-10,Hearts,Celtic,2,0,H,1,0,H,C Thomson,9,6,5,2,18,17,5,4,2,5,0,1,6.0,3.8,1.57,5.3,3.6,1.55,5.5,3.6,1.57,4.8,3.6,1.6,6.0,3.75,1.57,6.0,3.6,1.53,6.0,3.75,1.57,5.0,3.75,1.62,6.5,4.0,1.53,5.5,4.0,1.57,34,6.52,5.8,4.14,3.78,1.62,1.56,27,1.68,1.64,2.23,2.17,13,1.0,1.9,1.86,2.04,2.0
SC0,2010-11-10,Kilmarnock,Hamilton,3,0,H,1,0,H,W Collum,13,7,6,4,9,15,3,2,2,4,0,0,2.1,3.4,3.4,2.0,3.3,3.25,2.0,3.25,3.4,2.0,3.2,3.3,2.1,3.3,3.5,2.1,3.25,3.2,2.1,3.3,3.5,2.0,3.4,3.4,2.2,3.4,3.4,2.05,3.4,3.4,34,2.24,2.1,3.44,3.31,3.55,3.33,32,2.05,1.93,1.91,1.82,14,0.0,1.63,1.54,2.5,2.39
SC0,2010-11-10,Motherwell,St Johnstone,4,0,H,3,0,H,C Allan,10,6,8,4,13,12,2,7,0,1,0,0,1.83,3.5,4.33,1.8,3.4,3.8,1.75,3.5,4.2,1.7,3.4,4.3,1.83,3.5,4.33,1.8,3.4,4.0,1.83,3.5,4.33,1.73,3.5,4.5,1.91,3.5,4.33,1.83,3.5,4.0,33,1.94,1.84,3.58,3.43,4.6,4.1,30,2.11,2.02,1.82,1.73,15,-0.5,1.94,1.9,2.0,1.95
SC0,2010-11-10,Rangers,Hibernian,0,3,A,0,2,A,S O'Reilly,13,7,13,6,11,11,17,4,1,2,0,0,1.22,5.5,15.0,1.16,6.0,12.5,1.2,5.5,12.0,1.2,5.2,11.0,1.22,6.0,13.0,1.18,5.75,12.0,1.22,5.5,15.0,1.25,5.5,10.0,1.22,6.0,17.0,1.22,5.5,12.0,33,1.25,1.2,6.6,5.76,17.0,13.28,27,1.51,1.44,2.75,2.63,12,-2.0,1.99,1.96,1.95,1.91
SC0,2010-11-13,Dundee United,Kilmarnock,1,1,D,1,1,D,A Muir,6,5,1,1,4,2,9,7,2,3,0,0,2.0,3.5,3.6,2.0,3.3,3.25,1.9,3.4,3.6,1.85,3.2,3.8,1.91,3.4,4.0,1.85,3.4,3.75,1.95,3.5,3.75,2.0,3.4,3.5,2.0,3.5,3.8,1.91,3.5,3.75,33,2.13,1.99,3.6,3.38,3.8,3.57,31,2.05,1.91,1.91,1.84,14,-0.5,2.14,2.05,1.91,1.81
SC0,2010-11-13,Hamilton,Inverness C,1,3,A,1,0,H,S McLean,2,3,1,3,9,15,3,5,2,2,0,0,2.6,3.25,2.7,2.4,3.25,2.6,2.6,3.25,2.5,2.6,3.2,2.4,2.62,3.3,2.62,2.6,3.25,2.45,2.7,3.1,2.7,2.75,3.4,2.38,2.75,3.3,2.62,2.62,3.3,2.5,33,2.8,2.6,3.4,3.24,2.85,2.59,30,2.15,2.01,1.82,1.76,23,0.0,1.95,1.88,2.04,1.92
SC0,2010-11-13,Hibernian,Motherwell,2,1,H,2,1,H,D McDonald,12,5,7,2,11,13,4,5,3,4,0,0,2.63,3.3,2.63,2.45,3.3,2.5,2.5,3.25,2.6,2.5,3.2,2.5,2.62,3.3,2.62,2.4,3.25,2.65,2.8,3.1,2.6,2.6,3.2,2.6,2.75,3.4,2.6,2.5,3.3,2.62,33,2.88,2.61,3.42,3.24,2.75,2.58,31,2.03,1.9,1.95,1.85,22,0.0,2.02,1.9,2.1,1.89
SC0,2010-11-13,Rangers,Aberdeen,2,0,H,2,0,H,C Murray,19,4,9,1,9,14,5,2,3,2,0,0,1.17,7.0,15.0,1.15,6.0,13.5,1.18,6.0,12.0,1.2,5.2,11.0,1.17,7.0,15.0,1.12,7.5,13.0,1.2,6.0,15.0,1.2,6.0,12.0,1.2,7.0,17.0,1.17,6.5,15.0,32,1.2,1.17,7.5,6.35,17.5,14.62,22,1.5,1.44,3.0,2.63,12,-2.0,1.96,1.92,1.99,1.95
SC0,2010-11-13,St Johnstone,Hearts,0,2,A,0,0,D,M Tumilty,8,13,2,7,9,15,2,4,3,2,0,0,3.0,3.25,2.38,2.55,3.2,2.5,2.6,3.25,2.5,2.6,3.2,2.4,3.0,3.25,2.38,2.8,3.25,2.3,2.9,3.1,2.5,2.88,3.25,2.38,3.0,3.25,2.5,2.75,3.3,2.4,32,3.1,2.83,3.34,3.22,2.5,2.4,26,2.18,2.08,1.75,1.68,22,0.0,2.17,2.05,1.8,1.75
SC0,2010-11-14,St Mirren,Celtic,0,1,A,0,0,D,I Brines,6,22,2,10,9,12,4,8,2,1,0,0,9.5,5.5,1.29,8.0,5.5,1.25,10.0,5.0,1.25,7.5,4.2,1.35,9.0,5.0,1.33,8.5,5.5,1.25,9.0,5.5,1.3,8.0,5.5,1.29,11.0,5.5,1.3,9.0,5.5,1.29,32,12.6,9.42,5.68,5.29,1.33,1.28,22,1.66,1.59,2.38,2.23,12,1.5,2.04,2.01,1.96,1.86
SC0,2010-11-20,Aberdeen,St Johnstone,0,1,A,0,0,D,W Collum,14,10,4,6,15,10,6,6,1,3,1,0,2.3,3.4,3.0,2.2,3.1,3.0,2.2,3.2,3.0,2.2,3.2,2.9,2.2,3.3,3.2,2.15,3.2,3.1,2.3,3.3,3.1,2.25,3.25,3.0,2.3,3.5,3.1,2.3,3.2,3.0,36,2.4,2.23,3.54,3.3,3.32,3.06,34,2.17,2.03,1.82,1.74,17,0.0,1.64,1.6,2.38,2.25
SC0,2010-11-20,Celtic,Dundee United,1,1,D,1,0,H,M Tumilty,14,3,7,2,7,9,6,6,1,3,0,0,1.25,5.5,12.0,1.22,5.5,9.0,1.25,5.0,10.0,1.25,5.0,9.0,1.29,5.5,9.5,1.25,5.2,9.0,1.29,5.5,9.5,1.3,5.0,9.0,1.29,5.5,12.0,1.29,5.0,10.0,35,1.3,1.27,5.7,5.23,12.0,10.19,27,1.57,1.53,2.5,2.4,14,-1.5,1.89,1.84,2.08,2.01
SC0,2010-11-20,Hearts,Hamilton,2,0,H,1,0,H,I Brines,15,6,10,5,18,16,3,6,1,0,0,0,1.57,4.0,5.5,1.5,3.75,5.75,1.53,3.75,5.5,1.55,3.7,5.0,1.53,4.0,6.0,1.55,3.6,5.5,1.53,4.0,6.0,1.53,3.75,6.0,1.57,4.0,6.0,1.53,4.0,6.0,36,1.6,1.54,4.22,3.84,6.5,5.85,35,2.0,1.89,1.93,1.86,13,0.0,1.23,1.19,4.5,4.32
SC0,2010-11-20,Inverness C,Hibernian,4,2,H,1,0,H,S Conroy,10,7,5,3,5,3,5,4,1,0,0,1,2.2,3.4,3.2,2.25,3.25,2.8,2.2,3.2,3.0,2.2,3.2,2.9,2.3,3.25,3.1,2.25,3.3,2.8,2.25,3.3,3.2,2.25,3.25,3.0,2.3,3.5,3.12,2.2,3.3,3.1,36,2.35,2.25,3.54,3.29,3.25,3.03,35,2.05,1.94,1.91,1.82,17,0.0,1.7,1.61,2.35,2.24
SC0,2010-11-20,Kilmarnock,Rangers,2,3,A,1,1,D,E Norris,13,11,6,3,15,12,7,3,3,1,1,0,7.0,4.33,1.44,7.0,4.0,1.4,6.5,4.0,1.44,5.5,3.8,1.5,7.0,4.33,1.44,7.0,4.2,1.4,6.0,4.0,1.55,6.0,4.0,1.5,7.0,4.2,1.53,6.5,4.0,1.5,35,8.0,6.7,4.33,4.02,1.55,1.47,31,1.76,1.67,2.25,2.13,15,0.0,5.5,4.92,1.2,1.14
SC0,2010-11-20,St Mirren,Motherwell,1,1,D,1,0,H,A Muir,8,13,2,3,18,16,5,5,3,4,1,0,3.2,3.4,2.2,3.0,3.2,2.15,3.1,3.25,2.15,2.7,3.2,2.3,3.1,3.3,2.25,3.0,3.2,2.2,3.2,3.3,2.25,3.0,3.25,2.25,3.5,3.4,2.1,3.2,3.2,2.2,36,3.6,3.2,3.48,3.27,2.3,2.18,35,2.05,1.94,1.9,1.82,14,0.0,2.38,2.27,1.62,1.57
SC0,2010-11-27,Celtic,Inverness C,2,2,D,1,0,H,A Hamer,11,7,3,4,10,11,5,11,0,1,0,0,1.25,5.5,12.0,1.2,6.0,9.0,1.25,5.0,10.0,1.25,4.8,9.5,1.29,5.5,10.0,1.2,5.5,12.0,1.22,6.0,12.0,1.29,5.5,8.0,1.25,5.5,13.0,1.25,5.5,10.0,36,1.29,1.23,6.65,5.8,15.0,11.06,27,1.55,1.5,2.65,2.48,15,-1.75,1.91,1.86,2.05,2.01
SC0,2010-11-27,Hamilton,St Mirren,0,0,D,0,0,D,M Levi,5,4,1,1,17,11,13,4,3,1,0,0,2.1,3.3,3.5,2.1,3.3,3.0,2.1,3.2,3.2,2.25,3.1,2.9,2.2,3.5,3.1,2.1,3.25,3.2,2.15,3.3,3.4,2.25,3.25,3.0,2.1,3.5,3.6,2.1,3.3,3.3,35,2.25,2.12,3.5,3.28,3.71,3.34,35,2.06,1.97,1.89,1.79,15,-0.25,1.86,1.82,2.11,2.05
SC0,2010-11-27,Hibernian,St Johnstone,0,0,D,0,0,D,C Lautiar,5,3,3,1,15,14,3,3,0,0,0,0,2.0,3.4,3.75,1.8,3.4,3.85,1.9,3.25,3.75,1.9,3.2,3.6,1.95,3.5,3.75,1.9,3.25,3.75,2.05,3.4,3.6,2.0,3.25,3.6,2.05,3.5,3.75,1.95,3.3,3.75,36,2.1,1.98,3.55,3.32,4.0,3.71,36,2.02,1.92,1.91,1.83,17,-0.5,2.1,2.04,1.87,1.82
SC0,2010-11-27,Kilmarnock,Aberdeen,2,0,H,1,0,H,E Hacmon,9,5,6,3,8,13,4,7,1,1,0,0,1.8,3.5,4.5,1.85,3.35,3.7,1.8,3.3,4.1,1.85,3.3,3.7,1.91,3.4,4.0,1.83,3.25,4.0,1.8,3.6,4.4,1.91,3.25,4.0,1.85,3.6,4.5,1.83,3.4,4.2,36,1.91,1.83,3.61,3.42,4.68,4.2,36,2.02,1.93,1.92,1.82,17,-0.5,1.88,1.84,2.08,2.01
SC0,2010-12-11,Hearts,Aberdeen,5,0,H,2,0,H,M Tumilty,13,4,7,3,11,9,4,5,3,2,0,0,1.53,3.8,6.5,1.5,3.6,6.0,1.5,3.75,6.0,1.45,3.9,6.0,1.53,3.8,6.5,1.53,3.5,6.0,1.5,4.0,7.0,1.5,3.6,7.0,1.53,4.0,7.0,1.53,3.75,6.0,35,1.57,1.51,4.2,3.78,7.46,6.49,31,2.25,2.1,1.78,1.69,15,-1.0,1.97,1.91,2.01,1.95
SC0,2010-12-11,Inverness C,Rangers,1,1,D,1,0,H,C Murray,8,9,4,3,17,5,2,8,3,3,0,0,6.0,4.0,1.53,5.5,3.8,1.5,6.0,3.75,1.5,5.0,3.7,1.55,6.0,3.75,1.57,6.0,3.75,1.5,6.0,4.0,1.53,5.5,4.0,1.53,6.5,4.33,1.53,6.0,3.75,1.53,35,7.0,6.11,4.33,3.83,1.57,1.53,32,1.95,1.79,2.1,1.97,16,1.0,1.95,1.92,1.98,1.95
SC0,2010-12-11,St Mirren,St Johnstone,1,2,A,0,0,D,S Finnie,7,12,4,7,17,12,2,4,1,4,0,0,2.63,3.25,2.63,2.4,3.25,2.6,2.5,3.2,2.6,2.4,3.1,2.7,2.5,3.3,2.75,2.5,3.25,2.55,2.7,3.1,2.7,2.5,3.2,2.75,2.75,3.25,2.75,2.5,3.25,2.6,35,2.82,2.6,3.3,3.18,2.75,2.64,25,2.28,2.19,1.65,1.62,24,0.0,1.99,1.9,1.96,1.9
SC0,2010-12-14,Motherwell,Hearts,1,2,A,1,1,D,S O'Reilly,3,9,1,2,12,10,1,0,2,0,1,0,2.63,3.3,2.6,2.5,3.25,2.5,2.6,3.2,2.5,2.5,3.1,2.6,2.6,3.4,2.6,2.55,3.2,2.5,2.7,3.25,2.6,2.63,3.25,2.5,2.88,3.5,2.5,2.62,3.4,2.5,33,2.95,2.71,3.53,3.27,2.63,2.5,31,2.06,1.99,1.88,1.79,26,0.0,2.14,1.99,1.85,1.81
SC0,2010-12-18,Hearts,Inverness C,1,1,D,1,1,D,B Winter,12,7,3,5,9,13,8,2,1,2,0,0,1.73,3.75,4.5,1.72,3.45,4.25,1.7,3.5,4.5,1.8,3.2,4.0,1.8,3.5,4.5,1.7,3.4,4.5,1.73,3.75,4.5,1.8,3.6,4.0,1.73,3.6,4.75,1.73,3.6,4.5,32,1.8,1.74,3.76,3.53,4.94,4.53,31,2.11,2.01,1.89,1.76,14,-0.75,2.03,1.98,1.92,1.88
SC0,2010-12-18,Kilmarnock,Hibernian,2,1,H,2,0,H,C Thomson,7,7,6,5,3,17,8,6,3,2,0,1,2.1,3.4,3.4,2.05,3.3,3.1,2.1,3.3,3.1,2.1,3.1,3.2,2.2,3.4,3.2,2.1,3.25,3.2,2.1,3.4,3.4,2.2,3.4,3.0,2.05,3.4,3.6,2.1,3.3,3.3,32,2.12,2.08,3.5,3.33,3.75,3.34,31,2.05,1.97,1.89,1.79,14,-0.5,2.12,2.08,1.83,1.77
SC0,2010-12-21,Celtic,Kilmarnock,1,1,D,0,0,D,W Collum,12,2,6,1,11,6,16,4,0,3,0,0,1.25,5.5,12.0,1.18,6.5,9.0,1.2,6.0,10.0,1.22,5.0,10.0,1.22,6.0,13.0,1.25,5.25,9.0,1.22,6.0,13.0,1.25,5.5,10.0,1.25,6.0,13.0,1.2,6.0,12.0,36,1.29,1.23,6.5,5.78,13.21,11.48,24,1.57,1.5,2.6,2.46,17,-1.75,2.13,2.08,1.83,1.79
SC0,2010-12-26,Celtic,St Johnstone,2,0,H,0,0,D,C Murray,12,3,6,1,12,8,10,0,2,2,0,0,1.2,6.5,13.0,1.16,6.5,11.0,1.2,6.0,10.0,1.25,4.8,9.5,1.22,6.0,12.0,1.18,5.75,12.0,1.2,6.0,15.0,1.25,5.5,10.0,1.22,6.5,15.0,1.2,6.0,15.0,35,1.25,1.2,7.0,6.07,15.5,12.48,26,1.57,1.5,2.6,2.45,18,-1.75,1.92,1.88,2.04,1.99
SC0,2010-12-26,Hibernian,Aberdeen,1,2,A,1,1,D,S O'Reilly,12,9,7,7,12,12,4,2,0,1,0,0,1.8,3.5,4.5,1.75,3.45,4.0,1.8,3.4,4.0,1.65,3.5,4.5,1.83,3.4,4.33,1.8,3.4,4.0,1.83,3.4,4.5,1.73,3.5,4.5,1.83,3.75,4.4,1.8,3.5,4.33,38,1.87,1.81,3.72,3.45,4.5,4.31,36,2.11,2.01,1.83,1.77,21,-0.5,1.87,1.81,2.09,2.04
SC0,2010-12-26,Inverness C,St Mirren,1,2,A,1,1,D,C Thomson,9,10,2,7,9,8,7,5,1,2,0,0,1.67,3.75,5.0,1.62,3.55,4.75,1.67,3.6,4.5,1.65,3.5,4.5,1.73,3.5,5.0,1.65,3.4,5.0,1.73,3.6,4.8,1.67,3.5,5.0,1.73,4.0,4.75,1.67,3.75,5.0,38,1.73,1.68,3.93,3.58,5.27,4.96,36,2.04,1.94,1.91,1.82,18,-0.75,1.94,1.9,2.0,1.97
SC0,2010-12-26,Motherwell,Rangers,1,4,A,0,2,A,I Brines,10,14,4,13,10,9,3,3,1,1,0,0,5.5,3.75,1.62,5.25,3.9,1.5,5.25,3.75,1.57,4.3,3.4,1.7,6.0,3.75,1.57,5.5,3.6,1.55,5.5,4.0,1.57,5.0,4.0,1.57,6.0,4.0,1.62,5.5,3.75,1.62,37,6.0,5.61,4.04,3.8,1.65,1.58,27,1.72,1.62,2.38,2.19,18,1.0,1.9,1.85,2.05,2.01
SC0,2010-12-29,Celtic,Motherwell,1,0,H,1,0,H,S Finnie,7,0,2,0,8,10,6,5,3,3,1,0,1.29,5.25,10.0,1.25,5.0,9.0,1.3,4.75,8.5,1.3,4.4,8.5,1.29,5.5,9.0,1.3,4.6,8.5,1.33,4.5,11.0,1.36,4.5,8.0,1.29,5.5,11.0,1.3,4.75,10.0,34,1.36,1.3,5.62,4.99,11.0,9.59,24,1.55,1.5,2.63,2.45,18,-1.5,1.95,1.92,1.98,1.92
SC0,2010-12-29,Hamilton,Aberdeen,0,1,A,0,0,D,C Thomson,6,5,2,4,10,13,4,2,2,1,0,0,2.5,3.3,2.75,2.3,3.25,2.7,2.5,3.2,2.6,2.5,3.2,2.5,2.4,3.4,2.8,2.38,3.2,2.7,2.5,3.2,2.88,2.63,3.2,2.63,2.4,3.25,3.0,2.4,3.25,2.8,35,2.63,2.44,3.4,3.22,3.08,2.79,26,2.2,2.1,1.8,1.66,24,0.0,1.83,1.74,2.19,2.09
SC0,2010-12-29,Hibernian,Dundee United,2,2,D,1,2,A,S O'Reilly,12,6,10,3,12,18,11,3,2,2,0,1,2.5,3.3,2.75,2.35,3.25,2.65,2.5,3.2,2.6,2.5,3.2,2.5,2.6,3.4,2.6,2.5,3.2,2.55,2.6,3.1,2.8,2.63,3.25,2.38,2.5,3.25,2.88,2.5,3.25,2.7,35,2.64,2.51,3.4,3.22,2.91,2.71,27,2.17,2.08,1.73,1.68,25,0.0,1.9,1.81,2.08,2.0
SC0,2010-12-29,Inverness C,Kilmarnock,1,3,A,0,1,A,W Collum,8,14,4,8,5,7,8,6,4,1,0,0,2.25,3.25,3.2,2.0,3.25,3.3,2.1,3.2,3.2,2.2,3.2,2.9,2.2,3.4,3.2,2.1,3.2,3.2,2.25,3.1,3.4,2.25,3.25,3.0,2.25,3.4,3.25,2.1,3.3,3.3,35,2.3,2.18,3.44,3.26,3.4,3.2,33,1.98,1.9,1.98,1.86,16,-0.25,1.99,1.94,2.11,1.93
SC0,2010-12-29,St Mirren,Hearts,0,2,A,0,0,D,C Allan,10,15,5,10,15,17,3,15,1,2,1,0,4.0,3.4,1.91,3.85,3.4,1.8,3.6,3.4,1.9,3.5,3.3,1.9,3.6,3.5,1.91,3.75,3.25,1.9,4.0,3.4,1.91,3.5,3.4,1.91,4.33,3.6,1.85,3.75,3.4,1.91,35,4.45,3.97,3.65,3.41,1.92,1.87,33,2.05,1.95,1.88,1.81,18,0.5,2.06,1.97,1.93,1.87
SC0,2011-01-01,Aberdeen,Dundee United,1,1,D,1,0,H,W Collum,6,10,1,5,6,11,5,4,2,3,0,0,2.75,3.3,2.5,2.8,3.2,2.3,2.6,3.2,2.5,2.55,3.1,2.55,2.62,3.25,2.62,2.7,3.2,2.4,2.88,3.2,2.5,2.5,3.25,2.5,2.88,3.4,2.5,2.62,3.3,2.5,36,2.86,2.7,3.33,3.22,2.7,2.54,30,2.21,2.1,1.76,1.68,27,0.0,2.07,1.96,1.91,1.85
SC0,2011-01-01,Hamilton,Motherwell,0,0,D,0,0,D,S O'Reilly,14,6,7,2,18,13,4,5,2,1,0,0,3.0,3.4,2.3,3.05,3.25,2.1,3.0,3.2,2.2,2.8,3.1,2.3,2.88,3.4,2.38,2.88,3.2,2.25,3.0,3.25,2.38,2.88,3.4,2.25,3.1,3.4,2.38,2.88,3.3,2.3,36,3.15,2.95,3.4,3.19,2.54,2.36,30,2.25,2.11,1.75,1.68,25,0.0,2.2,2.11,1.79,1.72
SC0,2011-01-01,Hearts,Hibernian,1,0,H,0,0,D,C Murray,20,5,9,1,13,17,8,4,1,3,0,0,1.62,4.0,5.0,1.54,3.6,5.4,1.65,3.5,4.75,1.65,3.5,4.5,1.67,3.75,5.0,1.67,3.4,4.75,1.62,3.8,5.5,1.67,3.5,5.0,1.62,4.0,5.5,1.67,3.6,5.0,34,1.7,1.61,4.2,3.77,5.85,5.34,33,2.0,1.88,1.98,1.89,16,-1.0,2.16,2.1,1.82,1.78
SC0,2011-01-02,Rangers,Celtic,0,2,A,0,0,D,C Thompson,8,10,1,2,15,11,4,8,2,4,0,0,2.0,3.3,3.75,2.0,3.2,3.4,2.0,3.25,3.4,2.1,3.2,3.1,2.1,3.3,3.5,2.05,3.2,3.3,2.05,3.4,3.5,2.0,3.4,3.75,2.05,3.4,4.0,2.0,3.4,3.5,36,2.1,2.02,3.53,3.31,4.0,3.61,35,2.07,1.95,1.91,1.81,16,-0.25,1.78,1.75,2.2,2.14
SC0,2011-01-02,St Johnstone,Inverness C,1,0,H,0,0,D,G Salmond,14,7,7,6,14,13,5,5,0,0,0,0,2.6,3.25,2.7,2.55,3.05,2.55,2.5,3.2,2.6,2.4,3.1,2.7,2.62,3.3,2.62,2.6,3.2,2.5,2.5,3.2,2.88,2.5,3.25,2.5,2.62,3.3,2.75,2.6,3.3,2.5,36,2.71,2.58,3.44,3.22,2.78,2.65,28,2.25,2.09,1.75,1.68,27,0.0,1.94,1.87,2.04,1.94
SC0,2011-01-03,St Mirren,Kilmarnock,0,2,A,0,0,D,B Winter,11,14,2,10,12,10,7,7,2,1,0,0,2.88,3.4,2.38,2.8,3.2,2.25,2.75,3.3,2.3,2.8,3.1,2.3,2.5,3.25,2.4,2.75,3.4,2.25,3.2,3.2,2.3,2.63,3.4,2.38,3.2,3.4,2.3,3.0,3.3,2.25,34,3.25,2.98,3.44,3.27,2.5,2.29,27,2.2,2.08,1.75,1.69,23,0.0,2.32,2.22,1.71,1.64
SC0,2011-01-12,Dundee United,Motherwell,2,0,H,0,0,D,I Brines,10,4,8,2,4,6,5,0,1,0,0,0,2.1,3.4,3.4,2.1,3.25,3.05,2.05,3.2,3.4,2.0,3.2,3.3,2.1,3.3,3.5,2.0,3.25,3.4,2.1,3.3,3.5,2.1,3.25,3.4,2.2,3.5,3.4,2.1,3.3,3.3,34,2.21,2.11,3.54,3.29,3.5,3.33,33,2.13,2.04,1.81,1.74,15,-0.25,1.93,1.88,2.03,1.98
SC0,2011-01-12,Hamilton,Celtic,1,1,D,1,0,H,W Collum,4,13,3,5,12,10,2,6,0,2,2,1,11.0,5.0,1.29,9.0,5.0,1.25,9.5,4.75,1.28,8.5,4.4,1.3,11.0,5.0,1.29,9.0,4.75,1.29,11.0,5.0,1.3,10.0,5.0,1.29,11.0,5.25,1.3,10.0,5.0,1.3,34,12.0,10.39,5.5,4.94,1.31,1.29,26,1.63,1.59,2.3,2.24,17,1.5,2.04,1.99,1.9,1.85
SC0,2011-01-15,Aberdeen,St Mirren,2,0,H,0,0,D,C Murray,16,7,9,0,9,11,3,2,2,1,0,0,1.83,3.5,4.33,1.8,3.4,3.85,1.75,3.4,4.25,1.75,3.3,4.2,1.8,3.5,4.5,1.75,3.25,4.5,1.91,3.5,4.0,1.8,3.5,4.0,1.83,3.6,4.6,1.73,3.5,4.5,34,1.83,1.79,3.64,3.46,5.02,4.44,33,2.06,1.98,1.86,1.8,17,-0.5,1.82,1.78,2.19,2.09
SC0,2011-01-15,Hibernian,Celtic,0,3,A,0,1,A,C Thomson,4,11,1,8,16,8,3,10,3,1,0,0,8.0,4.5,1.4,7.0,4.0,1.4,6.5,4.0,1.44,6.0,3.9,1.45,8.0,4.0,1.44,7.0,3.75,1.45,7.0,4.4,1.44,7.0,4.0,1.44,8.0,4.6,1.44,7.0,4.33,1.4,34,8.1,7.31,4.66,4.24,1.47,1.43,26,1.73,1.63,2.31,2.19,17,1.25,1.9,1.86,2.06,2.01
SC0,2011-01-15,Kilmarnock,St Johnstone,1,1,D,1,0,H,S McLean,7,11,4,5,6,14,5,7,1,1,0,0,2.0,3.4,3.75,1.8,3.4,3.85,1.8,3.4,4.0,1.8,3.2,4.0,1.91,3.5,3.8,1.85,3.4,3.75,1.91,3.5,4.0,1.8,3.4,4.0,2.0,3.5,3.8,1.83,3.4,4.0,34,2.1,1.95,3.5,3.34,4.1,3.84,33,2.06,1.99,1.86,1.78,19,-0.5,2.11,2.04,1.86,1.82
SC0,2011-01-15,Motherwell,Inverness C,0,0,D,0,0,D,E Norris,5,7,2,5,13,11,4,5,1,1,0,0,2.1,3.4,3.4,2.0,3.25,3.3,2.0,3.3,3.3,2.0,3.2,3.3,2.1,3.4,3.4,2.0,3.25,3.4,2.05,3.4,3.5,2.0,3.25,3.5,2.2,3.5,3.4,2.1,3.3,3.25,33,2.25,2.1,3.5,3.32,3.5,3.36,33,2.06,1.98,1.86,1.79,16,-0.5,2.21,2.16,1.77,1.73
SC0,2011-01-15,Rangers,Hamilton,4,0,H,3,0,H,B Winter,25,3,14,2,6,13,12,1,0,1,0,0,1.15,7.0,17.0,1.15,6.25,12.5,1.13,7.0,13.0,1.15,6.0,13.0,1.17,7.0,15.0,1.12,6.5,17.0,1.17,6.5,17.0,1.13,7.0,19.0,1.2,7.0,17.0,1.14,7.0,15.0,33,1.2,1.16,7.5,6.88,19.0,15.16,24,1.54,1.48,2.65,2.51,16,-1.75,1.88,1.83,2.12,2.05
SC0,2011-01-18,Kilmarnock,Hearts,1,2,A,1,0,H,S Conroy,4,10,2,4,6,9,4,11,1,2,0,0,2.88,3.3,2.4,2.65,3.25,2.35,2.7,3.25,2.4,2.5,3.2,2.5,2.7,3.4,2.5,2.55,3.2,2.5,2.8,3.2,2.5,2.75,3.25,2.38,2.88,3.3,2.5,2.8,3.3,2.4,37,3.0,2.78,3.49,3.28,2.53,2.44,35,2.21,2.08,1.78,1.71,28,0.0,2.11,2.03,1.9,1.78
SC0,2011-01-18,Rangers,Inverness C,1,0,H,1,0,H,C Thomson,17,6,7,5,8,17,4,2,1,2,0,0,1.22,6.0,12.0,1.2,5.85,9.5,1.22,5.5,10.0,1.22,5.0,10.0,1.22,6.0,11.0,1.2,5.5,12.0,1.2,6.0,15.0,1.22,6.0,11.0,1.22,6.0,12.0,1.22,5.5,13.0,26,1.25,1.22,6.2,5.75,13.0,11.93,17,1.54,1.5,2.62,2.48,16,-1.75,1.96,1.92,1.99,1.95
SC0,2011-01-22,Celtic,Aberdeen,1,0,H,1,0,H,I Brines,9,4,4,0,10,16,7,8,1,1,0,0,1.25,5.75,11.0,1.2,5.8,9.5,1.25,5.0,10.0,1.22,5.0,10.0,1.25,6.0,10.0,1.22,5.25,10.5,1.29,5.5,10.0,1.29,5.5,8.0,1.25,6.5,13.0,1.25,5.5,12.0,31,1.29,1.24,6.5,5.72,13.05,10.62,25,1.53,1.49,2.64,2.47,15,-1.75,1.95,1.9,2.0,1.96
SC0,2011-01-22,Hearts,Rangers,1,0,H,0,0,D,M Tumilty,4,18,1,11,10,11,2,6,3,2,0,0,3.75,3.4,2.0,3.6,3.4,1.85,4.0,3.4,1.8,4.0,3.2,1.8,4.0,3.5,1.91,3.5,3.3,1.95,3.75,3.3,2.0,3.5,3.4,2.0,3.8,3.5,2.0,3.75,3.5,1.95,31,4.2,3.72,3.55,3.37,2.08,1.96,32,1.96,1.82,2.0,1.93,17,0.5,1.9,1.86,2.04,1.99
SC0,2011-01-22,Inverness C,Hamilton,1,1,D,1,1,D,S Finnie,7,6,3,1,14,6,4,0,2,3,0,0,1.91,3.3,4.2,1.85,3.2,3.9,1.9,3.25,3.75,1.8,3.2,4.0,1.8,3.5,4.5,1.83,3.4,3.8,2.0,3.2,4.0,1.73,3.5,4.5,1.95,3.4,4.2,1.91,3.4,4.0,31,2.0,1.89,3.5,3.32,4.5,4.01,32,2.16,2.04,1.81,1.73,17,-0.5,2.0,1.94,1.97,1.9
SC0,2011-01-22,Kilmarnock,Dundee United,1,1,D,1,0,H,G Salmond,22,8,8,2,14,12,3,5,1,2,1,2,2.25,3.25,3.2,2.35,3.25,2.65,2.35,3.25,2.75,2.2,3.1,3.0,2.38,3.4,2.88,2.4,3.2,2.7,2.4,3.2,3.0,2.38,3.4,2.63,2.38,3.3,3.12,2.3,3.3,3.0,31,2.41,2.33,3.4,3.23,3.2,2.91,32,2.13,2.02,1.82,1.74,20,0.0,1.73,1.67,2.29,2.17
SC0,2011-01-22,Motherwell,Hibernian,2,0,H,2,0,H,A Muir,5,9,2,2,17,20,4,2,1,4,0,0,2.0,3.4,3.75,2.0,3.25,3.3,1.9,3.25,3.75,1.9,3.3,3.5,2.0,3.4,3.75,2.0,3.25,3.4,2.05,3.2,3.75,1.83,3.5,4.0,2.0,3.5,3.8,1.91,3.4,4.0,32,2.06,1.98,3.56,3.31,4.0,3.68,33,2.04,1.94,1.87,1.81,17,-0.5,2.06,2.01,1.88,1.84
SC0,2011-01-22,St Johnstone,St Mirren,0,0,D,0,0,D,W Collum,7,6,4,4,13,15,6,2,0,2,0,0,1.8,3.6,4.33,1.75,3.45,4.0,1.8,3.4,4.0,1.8,3.2,4.0,1.8,3.5,4.5,1.73,3.3,4.5,1.83,3.5,4.2,1.83,3.5,4.0,1.8,3.8,4.6,1.75,3.6,4.5,32,1.83,1.77,3.85,3.49,4.84,4.33,33,2.19,2.04,1.82,1.73,14,-0.75,2.02,1.97,1.94,1.9
SC0,2011-01-26,Celtic,Hearts,4,0,H,1,0,H,E Norris,9,0,5,0,12,14,3,3,4,3,0,0,1.44,4.33,7.0,1.45,4.0,5.9,1.45,4.0,6.5,1.45,3.9,6.0,1.5,4.0,7.0,1.5,3.75,6.0,1.5,4.0,7.0,1.57,3.75,5.5,1.53,4.2,7.0,1.5,4.0,6.5,36,1.57,1.49,4.33,3.95,7.0,6.41,30,1.83,1.71,2.13,2.05,17,-1.0,2.02,1.93,2.08,1.92
SC0,2011-01-26,Hibernian,Rangers,0,2,A,0,2,A,S O'Reily,6,3,4,3,15,17,2,3,5,2,0,0,7.0,4.33,1.44,6.0,4.0,1.45,6.5,4.0,1.45,5.5,3.8,1.5,7.0,4.33,1.44,7.0,3.75,1.45,7.0,4.0,1.5,7.0,4.0,1.44,7.5,4.5,1.44,6.5,4.0,1.5,37,7.54,6.8,4.53,4.08,1.5,1.45,31,1.78,1.7,2.25,2.07,18,1.0,2.13,2.07,1.91,1.79
SC0,2011-01-26,Inverness C,Aberdeen,0,2,A,0,1,A,S Conroy,8,10,4,5,4,11,8,7,0,1,1,0,2.25,3.25,3.2,2.25,3.25,2.8,2.25,3.25,2.9,2.3,3.2,2.7,2.25,3.4,3.1,2.3,3.2,2.8,2.3,3.4,3.0,2.2,3.25,3.1,2.4,3.3,3.12,2.3,3.3,3.0,36,2.5,2.32,3.4,3.22,3.1,2.94,32,2.17,2.05,1.8,1.72,25,0.0,1.8,1.7,2.25,2.12
SC0,2011-01-26,St Johnstone,Motherwell,1,0,H,0,0,D,C Murray,6,9,2,1,6,13,7,3,3,2,0,0,2.5,3.3,2.75,2.35,3.25,2.65,2.4,3.25,2.7,2.4,3.1,2.7,2.5,3.4,2.7,2.45,3.25,2.6,2.5,3.2,2.8,2.4,3.2,2.8,2.5,3.4,2.88,2.5,3.25,2.75,37,2.6,2.46,3.4,3.2,2.92,2.76,26,2.26,2.17,1.67,1.62,27,0.0,1.91,1.79,2.11,2.02
SC0,2011-01-26,St Mirren,Dundee United,1,1,D,1,0,H,C Thomson,10,14,5,5,11,12,7,6,2,3,0,0,3.0,3.25,2.38,2.65,3.25,2.35,2.75,3.3,2.3,2.8,3.1,2.3,2.8,3.4,2.4,2.8,3.3,2.25,3.1,3.25,2.3,3.0,3.25,2.25,3.2,3.4,2.3,2.88,3.25,2.38,37,3.15,2.96,3.41,3.24,2.4,2.31,26,2.25,2.14,1.73,1.64,23,0.0,2.33,2.21,1.69,1.64
SC0,2011-01-29,Hamilton,Kilmarnock,1,1,D,0,1,A,B Winter,9,16,3,10,10,9,6,8,1,1,0,1,2.7,3.25,2.38,2.75,2.95,2.45,2.8,3.25,2.4,2.8,3.1,2.3,2.88,3.4,2.38,2.7,3.25,2.38,2.8,3.2,2.5,2.88,3.4,2.25,2.88,3.25,2.5,2.8,3.3,2.4,33,3.04,2.78,3.4,3.22,2.68,2.44,27,2.31,2.2,1.73,1.61,27,0.0,2.16,2.05,1.81,1.76
SC0,2011-01-29,Hearts,St Johnstone,1,0,H,1,0,H,C Allan,10,6,5,4,15,9,2,2,2,1,0,0,1.62,3.5,5.25,1.55,3.5,5.5,1.57,3.6,5.5,1.65,3.5,4.5,1.62,3.75,5.5,1.55,3.5,5.75,1.62,3.6,6.0,1.53,3.75,6.0,1.67,3.6,5.25,1.62,3.6,5.75,35,1.73,1.63,3.75,3.54,6.0,5.49,33,2.23,2.08,1.83,1.7,15,-0.75,1.97,1.93,1.98,1.94
SC0,2011-01-30,Dundee United,Hibernian,3,0,H,1,0,H,I Brines,12,11,4,4,8,14,3,8,1,1,0,0,1.73,3.5,4.33,1.65,3.5,4.5,1.75,3.4,4.33,1.7,3.4,4.3,1.8,3.5,4.5,1.65,3.4,5.0,1.75,3.5,5.0,1.67,3.5,5.0,1.73,3.6,5.0,1.67,3.6,5.0,35,1.76,1.71,3.75,3.48,5.2,4.77,30,2.29,2.11,1.8,1.68,16,-0.75,2.02,1.97,1.93,1.9
SC0,2011-02-01,Aberdeen,Celtic,0,3,A,0,1,A,A Muir,7,14,4,6,18,10,3,8,4,1,1,0,7.5,4.2,1.44,6.35,4.0,1.42,6.25,4.0,1.45,6.0,3.9,1.45,7.0,4.33,1.44,7.5,4.0,1.4,7.0,4.0,1.5,7.0,4.0,1.44,8.0,4.5,1.44,7.5,4.2,1.44,37,9.0,7.11,4.65,4.15,1.49,1.44,34,1.85,1.73,2.2,2.05,19,1.0,2.1,2.05,1.86,1.81
SC0,2011-02-01,St Johnstone,Hamilton,2,0,H,1,0,H,E Norris,8,4,6,4,9,7,4,8,1,1,0,0,1.83,3.5,4.33,1.75,3.4,4.1,1.9,3.3,3.75,1.75,3.3,4.2,1.83,3.4,4.33,1.8,3.4,4.0,1.83,3.3,4.5,1.73,3.5,4.5,1.91,3.5,4.2,1.83,3.4,4.33,37,1.99,1.88,3.62,3.4,4.5,3.99,27,2.35,2.2,1.7,1.6,20,-0.5,2.0,1.93,1.97,1.91
SC0,2011-02-02,Hibernian,St Mirren,2,0,H,0,0,D,M Tumilty,15,5,6,4,15,11,4,2,4,2,0,0,2.05,3.5,3.4,1.9,3.25,3.6,1.95,3.3,3.5,2.0,3.2,3.3,2.0,3.4,3.75,2.0,3.25,3.4,2.0,3.4,3.75,2.0,3.4,3.4,2.0,3.75,3.6,2.0,3.4,3.6,34,2.13,2.01,3.6,3.32,3.8,3.53,32,2.14,2.03,1.8,1.74,16,-0.5,2.13,2.08,1.85,1.78
SC0,2011-02-02,Motherwell,Kilmarnock,0,1,A,0,0,D,S O'Reilly,16,8,9,3,8,14,6,2,1,3,0,1,2.3,3.3,3.1,2.25,3.2,2.85,2.25,3.25,2.9,2.2,3.1,3.0,2.25,3.4,3.1,2.2,3.25,2.95,2.3,3.3,3.1,2.25,3.4,2.88,2.38,3.5,3.0,2.25,3.3,3.1,34,2.38,2.28,3.53,3.27,3.1,2.98,31,2.12,2.02,1.83,1.74,15,-0.25,2.05,2.0,1.91,1.87
SC0,2011-02-02,Rangers,Hearts,1,0,H,1,0,H,B Winter,6,4,4,3,8,19,3,1,0,6,0,0,1.5,4.0,7.0,1.45,4.0,5.9,1.45,4.0,6.25,1.5,3.8,5.5,1.53,4.0,6.0,1.45,3.75,7.0,1.53,4.0,6.0,1.5,4.0,6.0,1.5,4.5,7.0,1.53,3.75,6.5,34,1.53,1.48,4.5,3.95,7.5,6.6,29,1.82,1.72,2.12,2.03,17,-1.0,1.88,1.83,2.07,2.02
SC0,2011-02-12,Hamilton,Hearts,0,2,A,0,1,A,S O'Reilly,3,10,2,6,12,13,3,7,2,1,0,0,4.0,3.4,1.91,3.9,3.35,1.8,4.0,3.4,1.8,4.0,3.2,1.8,4.33,3.5,1.8,4.0,3.4,1.8,4.0,3.4,1.73,4.0,3.5,1.83,4.0,3.5,1.95,4.2,3.5,1.83,37,4.37,4.06,3.62,3.43,1.92,1.85,29,2.3,2.15,1.7,1.63,19,0.5,2.07,1.99,1.89,1.81
SC0,2011-02-12,Hibernian,Kilmarnock,2,1,H,0,0,D,S Conroy,6,11,2,4,17,8,2,6,4,2,1,0,2.5,3.3,2.75,2.35,3.2,2.7,2.45,3.25,2.7,2.4,3.1,2.7,2.5,3.4,2.7,2.4,3.2,2.7,2.5,3.1,2.5,2.5,3.25,2.63,2.5,3.4,2.88,2.5,3.3,2.75,36,2.62,2.48,3.39,3.19,2.92,2.77,34,2.25,2.12,1.72,1.66,27,0.0,1.85,1.78,2.13,2.03
SC0,2011-02-12,Rangers,Motherwell,6,0,H,3,0,H,A Muir,19,6,12,4,12,13,5,5,1,3,0,0,1.25,5.5,12.0,1.22,5.25,10.0,1.25,5.0,10.0,1.25,4.8,9.5,1.22,6.0,12.0,1.22,5.25,11.0,1.2,5.0,11.0,1.25,5.5,10.0,1.29,5.5,12.0,1.25,5.5,11.0,37,1.29,1.24,6.0,5.43,13.0,10.9,34,1.8,1.68,2.16,2.09,19,-1.5,1.94,1.88,2.03,1.96
SC0,2011-02-12,St Mirren,Inverness C,3,3,D,2,2,D,B Madden,15,7,8,5,13,11,7,1,2,1,0,0,2.7,3.25,2.6,2.45,3.2,2.6,2.6,3.1,2.6,2.6,3.1,2.5,2.5,3.3,2.75,2.5,3.25,2.55,2.5,3.1,2.5,2.63,3.25,2.5,2.75,3.4,2.62,2.62,3.2,2.62,36,2.74,2.62,3.4,3.21,2.74,2.6,29,2.25,2.19,1.67,1.61,27,0.0,1.96,1.9,1.99,1.9
SC0,2011-02-13,Dundee United,Celtic,1,3,A,0,2,A,M Tumilty,7,12,3,5,11,5,4,5,1,3,0,0,5.5,3.75,1.62,5.4,3.6,1.55,5.0,3.6,1.6,4.8,3.6,1.6,5.0,4.0,1.62,5.5,3.5,1.57,5.0,3.5,1.57,5.0,3.75,1.62,5.5,4.0,1.62,5.5,3.75,1.62,36,5.79,5.41,4.15,3.75,1.63,1.6,33,1.82,1.74,2.13,2.02,15,1.0,1.84,1.79,2.13,2.07
SC0,2011-02-15,Aberdeen,Motherwell,1,2,A,1,1,D,S McLean,9,15,3,7,9,12,6,5,2,4,1,0,2.2,3.3,3.25,2.2,3.1,3.0,2.2,3.25,3.0,2.3,3.1,2.8,2.3,3.2,3.2,2.2,3.25,2.95,2.15,3.25,3.5,2.25,3.25,3.0,2.15,3.4,3.5,2.25,3.3,3.0,34,2.25,2.19,3.42,3.3,3.56,3.2,29,2.28,2.14,1.73,1.66,20,0.0,1.62,1.56,2.56,2.39
SC0,2011-02-19,Aberdeen,Kilmarnock,5,0,H,2,0,H,G Salmond,7,6,5,3,19,9,5,5,2,3,0,0,2.6,3.2,2.7,2.3,3.2,2.75,2.3,3.3,2.75,2.3,3.1,2.8,2.4,3.3,2.88,2.35,3.25,2.7,2.7,3.1,2.7,2.38,3.25,2.75,2.6,3.3,2.88,2.6,3.25,2.62,32,2.68,2.51,3.4,3.21,2.88,2.74,29,2.17,2.06,1.8,1.72,25,0.0,1.94,1.84,2.15,1.96
SC0,2011-02-19,Hearts,Dundee United,2,1,H,1,1,D,C Murray,8,6,4,2,16,9,4,3,2,3,1,0,1.8,3.6,4.33,1.7,3.45,4.25,1.75,3.4,4.25,1.75,3.3,4.2,1.8,3.5,4.5,1.73,3.4,4.33,1.83,3.25,4.8,1.73,3.5,4.5,1.8,3.75,4.75,1.73,3.6,4.75,31,1.88,1.8,3.75,3.48,4.75,4.37,21,2.15,2.1,1.7,1.66,17,-0.5,1.88,1.82,2.13,2.04
SC0,2011-02-19,Inverness C,St Johnstone,2,0,H,1,0,H,W Collum,9,6,4,3,11,10,3,5,0,0,0,0,2.5,3.3,2.8,2.35,3.0,2.85,2.25,3.2,2.9,2.2,3.1,3.0,2.3,3.3,3.1,2.3,3.25,2.8,2.5,3.2,2.8,2.38,3.2,2.88,2.6,3.4,2.75,2.5,3.25,2.75,32,2.63,2.47,3.37,3.2,3.0,2.81,23,2.25,2.19,1.67,1.62,25,0.0,1.89,1.79,2.15,2.01
SC0,2011-02-19,Motherwell,Hamilton,1,0,H,1,0,H,C Allan,12,5,6,1,13,17,3,1,1,3,0,0,1.67,3.75,5.0,1.65,3.5,4.6,1.67,3.5,4.75,1.65,3.5,4.5,1.73,3.5,5.0,1.7,3.4,4.5,1.83,3.25,4.8,1.62,3.75,5.0,1.8,3.6,5.0,1.73,3.6,4.75,32,1.89,1.75,3.75,3.49,5.0,4.68,29,2.21,2.09,1.77,1.7,16,-0.75,2.17,2.11,1.86,1.78
SC0,2011-02-20,Celtic,Rangers,3,0,H,2,0,H,I Brines,8,9,6,2,7,18,6,7,1,5,0,0,2.1,3.4,3.4,2.05,3.25,3.2,2.1,3.25,3.2,2.2,3.1,3.0,2.1,3.4,3.4,2.05,3.25,3.25,2.15,3.1,3.6,2.1,3.4,3.2,2.05,3.5,3.75,2.05,3.3,3.6,30,2.15,2.08,3.45,3.31,3.65,3.45,28,2.11,2.03,1.83,1.75,14,-0.5,2.14,2.09,1.81,1.78
SC0,2011-02-20,St Mirren,Hibernian,0,1,A,0,0,D,E Norris,6,12,2,5,14,14,2,7,0,2,0,0,2.5,3.3,2.75,2.45,3.2,2.6,2.45,3.2,2.65,2.4,3.1,2.7,2.62,3.3,2.62,2.4,3.2,2.7,2.7,3.1,2.7,2.5,3.25,2.63,2.75,3.3,2.62,2.5,3.25,2.75,32,2.77,2.6,3.37,3.2,2.75,2.65,29,2.2,2.09,1.77,1.7,25,0.0,1.98,1.89,1.97,1.91
SC0,2011-02-22,Aberdeen,Hamilton,1,0,H,1,0,H,S Finnie,11,10,2,3,15,15,4,2,2,2,0,0,1.67,3.75,5.0,1.62,3.5,4.75,1.7,3.5,4.5,1.6,3.6,4.8,1.73,3.5,5.0,1.65,3.5,4.75,1.73,3.5,5.0,1.67,3.5,5.0,1.67,4.0,5.25,1.67,3.6,5.25,36,1.75,1.68,4.11,3.66,5.57,5.0,27,2.25,2.12,1.73,1.67,17,-0.75,1.93,1.87,2.05,1.99
SC0,2011-02-22,St Johnstone,Dundee United,0,0,D,0,0,D,J McKendrick,7,7,0,0,11,9,4,10,2,2,0,0,2.63,3.3,2.63,2.5,3.15,2.55,2.5,3.2,2.6,2.4,3.2,2.6,2.5,3.4,2.7,2.5,3.25,2.55,2.5,3.1,2.9,2.5,3.25,2.63,2.75,3.25,2.75,2.5,3.25,2.75,36,2.8,2.58,3.4,3.21,2.78,2.67,25,2.42,2.3,1.67,1.56,27,0.0,1.99,1.88,2.0,1.92
SC0,2011-02-23,Motherwell,St Mirren,0,1,A,0,0,D,S Conroy,9,9,2,6,11,14,3,1,2,2,0,0,1.73,3.5,5.0,1.65,3.5,4.6,1.7,3.5,4.5,1.65,3.5,4.5,1.67,3.75,5.0,1.65,3.4,5.0,1.73,3.5,5.0,1.73,3.5,4.5,1.7,3.8,5.25,1.7,3.5,5.0,33,1.73,1.68,3.99,3.58,5.44,4.97,26,2.25,2.1,1.76,1.68,16,-0.75,1.95,1.91,1.99,1.96
SC0,2011-02-26,Aberdeen,Hearts,0,0,D,0,0,D,M Tumilty,10,8,6,4,8,13,8,4,0,2,0,0,3.2,3.25,2.25,2.95,3.1,2.25,2.9,3.25,2.25,2.6,3.2,2.4,2.9,3.3,2.38,2.85,3.25,2.25,3.2,3.2,2.25,3.0,3.25,2.25,3.4,3.4,2.25,3.1,3.3,2.25,37,3.46,3.13,3.38,3.23,2.38,2.23,25,2.2,2.11,1.7,1.65,19,0.0,2.42,2.28,1.68,1.58
SC0,2011-02-26,Hamilton,Dundee United,1,1,D,1,0,H,A Muir,1,5,0,2,17,9,2,5,2,1,0,0,3.75,3.4,2.0,3.3,3.1,2.05,3.4,3.25,2.0,3.0,3.1,2.2,3.4,3.4,2.1,3.25,3.25,2.05,3.6,3.2,2.1,3.5,3.4,2.0,4.0,3.4,2.0,3.4,3.3,2.1,37,4.0,3.58,3.52,3.32,2.1,2.02,26,2.3,2.17,1.67,1.62,17,0.5,1.89,1.82,2.07,1.98
SC0,2011-02-26,Hibernian,Inverness C,2,0,H,0,0,D,C Thomson,17,5,9,4,11,9,4,5,0,0,0,0,2.25,3.3,3.2,2.25,3.1,2.95,2.25,3.25,2.9,2.3,3.1,2.8,2.2,3.3,3.3,2.3,3.2,2.8,2.25,3.2,3.2,2.2,3.25,3.0,2.25,3.5,3.3,2.3,3.3,3.0,37,2.3,2.23,3.44,3.24,3.37,3.13,25,2.15,2.09,1.7,1.67,16,-0.25,1.98,1.92,2.0,1.95
SC0,2011-02-26,Kilmarnock,St Mirren,2,0,H,2,0,H,C Murray,9,11,6,5,15,14,4,6,2,2,0,0,1.7,3.6,5.0,1.65,3.4,4.75,1.7,3.4,4.5,1.75,3.3,4.2,1.67,3.4,4.33,1.7,3.4,4.5,1.75,3.4,5.0,1.67,3.5,5.0,1.73,3.6,5.5,1.7,3.75,4.75,38,1.75,1.7,3.75,3.54,5.3,4.87,33,2.14,2.03,1.81,1.74,15,-0.75,2.02,1.98,1.94,1.9
SC0,2011-02-27,Motherwell,Celtic,2,0,H,1,0,H,E Norris,9,13,6,7,22,21,4,5,4,2,0,0,7.0,4.33,1.44,6.0,4.2,1.42,6.0,4.2,1.45,6.0,3.9,1.45,7.0,4.33,1.44,8.0,3.8,1.4,7.5,3.8,1.5,8.0,4.0,1.4,8.5,4.6,1.4,8.0,4.33,1.4,35,8.58,7.52,4.69,4.24,1.45,1.42,30,1.9,1.77,2.1,2.0,16,1.0,2.29,2.19,1.78,1.71
SC0,2011-02-27,Rangers,St Johnstone,4,0,H,2,0,H,S McLean,17,6,9,3,11,9,2,2,0,1,0,0,1.22,6.0,12.0,1.18,5.75,11.0,1.25,5.0,10.0,1.2,5.2,11.0,1.22,6.0,12.0,1.2,5.75,11.0,1.25,5.0,15.0,1.25,5.0,12.0,1.25,6.0,15.0,1.25,5.5,12.0,35,1.26,1.23,6.5,5.74,15.0,12.05,24,1.7,1.65,2.27,2.14,17,-1.5,1.87,1.82,2.12,2.04
SC0,2011-03-01,Hamilton,Hibernian,1,2,A,0,1,A,G Salmond,4,4,3,3,14,12,8,7,1,0,0,0,3.1,3.2,2.3,2.95,3.0,2.3,2.8,3.25,2.3,2.7,3.2,2.3,3.2,3.3,2.25,2.8,3.2,2.3,3.0,3.25,2.38,2.88,3.25,2.25,3.4,3.25,2.3,3.0,3.25,2.3,37,3.44,3.11,3.4,3.24,2.4,2.27,23,2.38,2.26,1.62,1.57,23,0.0,2.42,2.26,1.7,1.62
SC0,2011-03-01,Inverness C,Dundee United,0,2,A,0,0,D,S McLean,9,13,2,4,18,11,3,5,2,0,0,0,2.8,3.25,2.5,2.65,3.0,2.5,2.6,3.2,2.5,2.5,3.2,2.5,2.88,3.3,2.4,2.65,3.25,2.4,2.8,3.2,2.5,2.88,3.2,2.38,2.88,3.2,2.6,2.8,3.2,2.5,39,3.05,2.82,3.3,3.16,2.63,2.48,25,2.42,2.23,1.66,1.6,28,0.0,2.13,2.06,1.83,1.76
SC0,2011-03-02,St Johnstone,Aberdeen,0,0,D,0,0,D,C Thomson,15,7,7,5,14,14,9,4,2,1,0,0,2.5,3.25,2.8,2.3,3.1,2.8,2.4,3.2,2.7,2.4,3.2,2.6,2.5,3.2,2.88,2.4,3.2,2.7,2.5,3.1,2.9,2.38,3.25,2.75,2.62,3.2,2.88,2.5,3.2,2.8,37,2.69,2.49,3.3,3.15,2.92,2.81,24,2.5,2.3,1.63,1.56,26,0.0,1.89,1.8,2.06,2.01
SC0,2011-03-05,Celtic,Hamilton,2,0,H,1,0,H,S O'Reilly,11,4,7,1,15,7,7,2,2,3,0,0,1.14,7.5,17.0,1.14,6.75,12.0,1.15,6.5,13.0,1.12,6.5,14.0,1.17,7.0,15.0,1.15,6.5,13.0,1.14,7.5,17.0,1.14,7.0,15.0,1.14,8.0,23.0,1.14,7.0,19.0,37,1.17,1.14,8.6,7.01,25.0,18.42,24,1.5,1.45,2.77,2.6,16,-2.0,1.75,1.71,2.25,2.19
SC0,2011-03-05,Hearts,Kilmarnock,0,2,A,0,0,D,S McLean,13,11,6,5,14,9,8,3,3,2,0,1,1.8,3.5,4.5,1.65,3.4,4.75,1.65,3.5,4.75,1.65,3.5,4.5,1.73,3.5,5.0,1.7,3.4,4.5,1.8,3.4,4.75,1.67,3.5,4.5,1.83,3.6,4.6,1.7,3.6,5.0,39,1.86,1.76,3.6,3.45,5.0,4.55,27,2.2,2.12,1.7,1.65,16,-0.5,1.86,1.8,2.11,2.05
SC0,2011-03-05,Inverness C,Motherwell,3,0,H,1,0,H,I Brines,7,2,6,1,13,8,1,3,0,0,0,0,2.5,3.25,2.8,2.45,3.0,2.7,2.45,3.25,2.6,2.4,3.1,2.7,2.5,3.3,2.75,2.45,3.25,2.6,2.62,3.1,2.75,2.5,3.25,2.5,2.75,3.25,2.75,2.6,3.25,2.62,39,2.77,2.58,3.35,3.17,2.8,2.67,26,2.3,2.2,1.65,1.61,25,0.0,1.95,1.88,2.0,1.92
SC0,2011-03-05,St Johnstone,Hibernian,1,1,D,0,0,D,C Allan,10,7,2,5,9,9,7,3,3,2,0,0,2.38,3.2,3.0,2.25,3.0,3.0,2.4,3.1,2.75,2.2,3.2,2.9,2.3,3.4,3.0,2.4,3.1,2.75,2.5,3.1,2.9,2.25,3.25,2.88,2.6,3.25,2.88,2.5,3.2,2.8,39,2.61,2.44,3.4,3.17,3.0,2.83,26,2.4,2.25,1.65,1.58,25,0.0,1.88,1.77,2.1,2.03
SC0,2011-03-06,St Mirren,Rangers,0,1,A,0,1,A,W Collum,8,8,2,3,14,13,6,5,1,0,0,0,9.0,5.0,1.33,6.75,4.5,1.35,8.0,4.5,1.33,8.0,4.2,1.33,9.0,5.0,1.33,7.0,4.5,1.36,8.0,4.5,1.4,7.0,5.0,1.36,9.0,5.0,1.36,7.5,4.5,1.4,36,9.25,8.19,5.0,4.63,1.4,1.36,31,1.76,1.69,2.25,2.1,16,1.25,2.01,1.97,1.94,1.9
SC0,2011-03-07,Dundee United,Aberdeen,3,1,H,2,0,H,B Winter,10,5,4,5,6,9,6,9,0,2,0,0,2.0,3.3,3.8,1.95,3.1,3.7,1.95,3.3,3.5,2.0,3.2,3.3,2.0,3.4,3.75,1.95,3.25,3.6,2.1,3.2,3.75,2.0,3.4,3.25,2.1,3.3,3.75,2.0,3.4,3.6,37,2.15,2.03,3.5,3.29,3.85,3.59,25,2.25,2.19,1.67,1.61,18,-0.5,2.17,2.09,1.84,1.77
SC0,2011-03-10,Dundee United,Hamilton,2,1,H,1,1,D,W Collum,8,11,5,3,12,6,8,7,0,1,0,0,1.5,4.0,7.0,1.53,3.5,5.75,1.5,3.75,6.0,1.5,3.8,5.5,1.57,3.75,6.0,1.53,3.6,6.0,1.5,4.0,6.5,1.53,3.75,6.0,1.5,4.0,7.0,1.5,3.75,7.0,31,1.55,1.5,4.05,3.83,7.67,6.53,16,2.25,2.17,1.67,1.61,18,-1.0,1.96,1.91,1.99,1.95
SC0,2011-03-13,Rangers,Kilmarnock,2,1,H,1,0,H,A Muir,19,5,7,0,12,5,13,11,3,2,0,0,1.29,5.5,9.5,1.25,5.25,8.25,1.28,5.0,9.0,1.25,4.8,9.5,1.29,5.5,9.5,1.29,4.6,9.5,1.33,4.5,11.0,1.3,5.0,9.0,1.33,5.5,10.0,1.29,5.25,10.0,36,1.33,1.29,5.63,5.13,11.5,9.71,23,1.67,1.6,2.3,2.22,21,-1.5,2.03,1.95,1.92,1.88
SC0,2011-03-16,Dundee United,Hearts,2,0,H,0,0,D,I Brines,5,5,3,1,7,12,8,2,3,2,0,0,2.63,3.25,2.63,2.45,3.1,2.65,2.4,3.2,2.7,2.4,3.2,2.6,2.5,3.4,2.7,2.5,3.2,2.6,2.62,3.1,2.8,2.5,3.25,2.63,2.62,3.25,2.75,2.5,3.2,2.75,36,2.7,2.56,3.4,3.19,2.8,2.68,26,2.25,2.15,1.68,1.63,26,0.0,1.93,1.86,2.01,1.95
SC0,2011-03-19,Dundee United,Inverness C,1,0,H,1,0,H,G Salmond,5,4,2,2,8,14,6,6,0,2,0,0,1.73,3.6,4.75,1.7,3.4,4.4,1.72,3.5,4.25,1.8,3.2,4.0,1.73,3.25,4.2,1.8,3.4,4.0,1.8,3.4,4.75,1.83,3.5,4.0,1.75,3.5,4.75,1.8,3.4,4.2,38,1.83,1.77,3.65,3.45,4.91,4.42,26,2.2,2.08,1.73,1.67,17,-0.5,1.83,1.78,2.16,2.08
SC0,2011-03-19,Hamilton,St Johnstone,0,0,D,0,0,D,B Madden,9,7,3,1,11,13,5,3,2,1,1,0,2.75,3.3,2.5,2.75,2.95,2.45,2.6,3.2,2.5,2.5,3.2,2.5,2.8,3.3,2.5,2.6,3.2,2.5,2.75,3.0,2.75,2.75,3.25,2.4,2.88,3.2,2.5,2.6,3.25,2.5,37,2.85,2.71,3.3,3.16,2.72,2.54,26,2.4,2.26,1.67,1.58,27,0.0,2.03,1.94,1.92,1.85
SC0,2011-03-19,Hearts,St Mirren,3,2,H,0,1,A,S Finnie,16,11,7,6,13,13,4,3,0,3,0,0,1.53,3.8,6.5,1.5,3.7,5.75,1.5,3.75,6.0,1.45,3.9,6.0,1.44,3.75,6.0,1.5,3.75,6.0,1.55,3.8,6.5,1.53,3.75,6.0,1.5,4.0,7.0,1.53,3.75,6.0,37,1.57,1.52,4.09,3.8,7.14,6.31,36,2.21,2.07,1.8,1.72,19,-1.0,2.01,1.96,1.96,1.89
SC0,2011-03-19,Kilmarnock,Motherwell,3,1,H,2,1,H,M Tumilty,18,11,12,5,6,13,8,5,1,4,0,0,2.25,3.25,3.2,2.1,3.1,3.2,2.2,3.25,3.0,2.1,3.1,3.2,2.25,3.25,3.2,2.2,3.2,3.0,2.25,3.2,3.3,2.2,3.25,3.0,2.3,3.3,3.12,2.25,3.25,3.0,37,2.37,2.25,3.4,3.2,3.37,3.1,27,2.25,2.13,1.7,1.65,23,0.0,1.7,1.63,2.36,2.23
SC0,2011-04-02,Motherwell,Aberdeen,2,1,H,1,0,H,S McLean,8,6,4,4,7,10,5,8,2,3,0,0,2.25,3.25,3.2,2.1,3.0,3.3,2.2,3.25,3.0,1.9,3.3,3.5,2.25,3.25,3.25,2.25,3.25,2.85,2.38,3.2,3.0,2.2,3.0,3.4,2.38,3.2,3.25,2.3,3.3,3.0,38,2.38,2.26,3.4,3.2,3.4,3.13,29,2.38,2.21,1.67,1.6,22,0.0,1.7,1.61,2.3,2.21
SC0,2011-04-02,Rangers,Dundee United,2,3,A,1,1,D,S Conroy,9,8,6,3,9,11,6,2,1,2,0,0,1.36,4.75,8.0,1.3,4.75,7.75,1.35,4.75,7.0,1.3,4.4,8.5,1.36,4.8,8.0,1.36,4.2,7.5,1.36,4.5,9.0,1.33,4.5,9.0,1.4,4.75,8.5,1.36,4.75,8.5,38,1.41,1.37,4.8,4.56,9.5,8.1,27,1.73,1.66,2.25,2.1,17,-1.25,2.0,1.94,1.96,1.92
SC0,2011-04-02,St Johnstone,Kilmarnock,0,0,D,0,0,D,S Finnie,6,3,1,1,8,7,6,2,1,1,0,0,2.63,3.25,2.63,2.45,3.0,2.7,2.5,3.2,2.6,2.55,3.1,2.55,2.6,3.3,2.62,2.5,3.2,2.55,2.7,3.1,2.7,2.63,3.0,2.63,2.75,3.2,2.75,2.6,3.2,2.7,38,2.76,2.6,3.3,3.16,2.8,2.66,29,2.3,2.18,1.7,1.61,26,0.0,1.95,1.88,2.0,1.91
SC0,2011-04-02,St Mirren,Hamilton,3,1,H,0,1,A,W Collum,4,3,3,2,19,17,3,5,2,1,0,1,2.2,3.25,3.25,2.0,3.1,3.5,2.1,3.25,3.2,2.0,3.2,3.3,2.1,3.3,3.5,2.1,3.25,3.2,2.3,3.1,3.3,2.2,3.0,3.4,2.2,3.2,3.6,2.15,3.25,3.4,38,2.3,2.15,3.39,3.2,3.7,3.36,28,2.5,2.29,1.65,1.56,18,-0.25,1.92,1.85,2.07,2.01
SC0,2011-04-03,Hibernian,Hearts,2,2,D,1,1,D,I Brines,18,7,9,4,12,6,3,6,2,2,0,1,2.9,3.25,2.4,2.7,3.0,2.45,2.6,3.2,2.5,2.7,3.1,2.4,2.7,3.25,2.6,2.55,3.2,2.5,2.8,3.1,2.6,2.88,3.0,2.5,3.0,3.2,2.5,2.75,3.2,2.6,38,3.03,2.81,3.25,3.14,2.63,2.5,29,2.3,2.22,1.65,1.59,26,0.0,2.14,2.03,1.85,1.77
SC0,2011-04-05,St Johnstone,Rangers,0,2,A,0,1,A,C Allan,6,10,5,5,6,9,4,3,2,1,0,0,6.5,4.5,1.44,6.5,4.4,1.37,6.5,4.25,1.4,6.0,3.9,1.45,7.5,4.5,1.4,7.5,4.0,1.4,8.0,4.0,1.44,7.0,4.33,1.4,7.5,4.5,1.44,7.0,4.5,1.4,38,8.0,7.15,4.5,4.18,1.52,1.45,38,1.93,1.81,2.1,1.96,21,1.0,2.15,2.06,1.87,1.8
SC0,2011-04-06,Celtic,Hibernian,3,1,H,3,0,H,E Norris,14,4,7,1,7,13,4,5,2,4,0,0,1.29,5.25,10.0,1.22,5.5,9.25,1.25,5.0,10.0,1.27,4.6,9.0,1.25,5.5,12.0,1.29,4.6,9.5,1.29,5.5,9.5,1.25,5.5,10.0,1.29,5.5,13.0,1.29,5.0,10.0,34,1.3,1.27,5.89,5.19,13.0,10.58,22,1.62,1.54,2.5,2.34,19,-1.5,1.86,1.81,2.09,2.04
SC0,2011-04-06,Motherwell,Dundee United,2,1,H,2,0,H,S O'Reilly,5,12,4,8,7,16,2,8,0,0,0,0,2.5,3.25,2.8,2.4,3.0,2.75,2.5,3.2,2.6,2.5,3.2,2.5,2.5,3.3,2.75,2.4,3.25,2.65,2.62,3.1,2.8,2.5,3.25,2.63,2.6,3.25,2.88,2.4,3.3,2.75,36,2.62,2.48,3.4,3.22,2.93,2.76,26,2.25,2.11,1.7,1.66,26,0.0,1.87,1.79,2.08,2.01
SC0,2011-04-06,St Mirren,Aberdeen,3,2,H,1,0,H,G Salmond,7,11,6,3,17,13,3,8,2,1,0,0,2.6,3.2,2.75,2.4,3.0,2.75,2.5,3.2,2.6,2.5,3.2,2.5,2.5,3.3,2.75,2.45,3.25,2.6,2.62,3.1,2.75,2.5,3.25,2.63,2.62,3.2,2.88,2.5,3.25,2.7,36,2.67,2.53,3.3,3.16,3.0,2.74,25,2.38,2.2,1.67,1.61,26,0.0,1.88,1.82,2.07,1.98
SC0,2011-04-09,Aberdeen,Hibernian,0,1,A,0,1,A,B Madden,13,4,4,2,9,11,8,2,1,2,0,0,2.4,3.3,2.9,2.25,3.1,2.9,2.25,3.25,2.9,2.2,3.1,3.0,2.38,3.25,3.0,2.25,3.2,2.88,2.5,3.1,2.9,2.3,3.4,2.75,2.5,3.25,3.0,2.25,3.3,3.1,38,2.68,2.44,3.4,3.23,3.1,2.82,29,2.2,2.08,1.79,1.68,26,0.0,1.91,1.82,2.1,2.0
SC0,2011-04-09,Celtic,St Mirren,1,0,H,0,0,D,C Murray,11,6,2,1,7,9,6,3,0,1,0,0,1.17,7.0,15.0,1.15,6.5,11.5,1.16,6.5,12.0,1.15,6.0,13.0,1.17,7.0,15.0,1.15,6.0,15.0,1.18,6.0,19.0,1.17,7.0,11.0,1.17,8.0,19.0,1.14,7.0,19.0,38,1.18,1.15,8.24,7.08,23.0,15.28,26,1.57,1.5,2.62,2.46,19,-2.0,1.87,1.82,2.08,2.03
SC0,2011-04-09,Dundee United,St Johnstone,2,0,H,1,0,H,M Tumilty,8,5,2,2,10,9,7,5,3,3,0,1,1.67,3.75,5.0,1.6,3.5,5.0,1.62,3.5,5.0,1.65,3.5,4.5,1.62,3.75,5.5,1.65,3.4,5.0,1.73,3.3,5.5,1.62,3.6,5.0,1.73,3.75,5.25,1.67,3.6,5.4,38,1.73,1.67,3.8,3.57,5.6,5.09,28,2.25,2.12,1.7,1.65,17,-0.75,1.97,1.94,1.96,1.93
SC0,2011-04-09,Hearts,Motherwell,0,0,D,0,0,D,C Thomson,7,4,2,0,8,5,8,3,2,1,0,0,1.8,3.6,4.5,1.65,3.4,4.75,1.7,3.5,4.5,1.7,3.4,4.3,1.73,3.5,5.0,1.7,3.4,4.5,1.83,3.25,4.8,1.67,3.4,5.0,1.83,3.5,4.75,1.73,3.6,4.75,38,1.87,1.77,3.75,3.48,5.0,4.5,29,2.2,2.07,1.76,1.69,17,-0.5,1.89,1.84,2.08,2.02
SC0,2011-04-09,Kilmarnock,Inverness C,1,1,D,1,1,D,J McKendrick,6,6,5,2,6,13,7,4,0,1,0,0,2.0,3.3,3.75,1.85,3.25,3.8,1.9,3.3,3.75,1.85,3.2,3.8,1.91,3.6,3.75,2.0,3.25,3.4,2.1,3.2,3.6,1.83,3.5,3.75,2.1,3.3,3.8,1.91,3.4,4.0,38,2.11,1.99,3.6,3.33,4.0,3.67,32,2.21,2.1,1.75,1.68,19,-0.5,2.11,2.05,1.86,1.81
SC0,2011-04-10,Hamilton,Rangers,0,1,A,0,1,A,A Muir,6,10,1,7,9,10,3,2,1,3,0,0,9.5,5.5,1.29,9.0,5.0,1.25,9.0,5.0,1.27,8.5,4.4,1.3,10.0,5.5,1.29,8.5,5.5,1.25,10.0,5.0,1.25,9.0,5.5,1.29,10.0,5.5,1.3,10.0,5.4,1.29,37,12.0,9.83,5.6,5.25,1.3,1.27,34,1.78,1.7,2.17,2.07,20,1.5,2.03,1.98,1.92,1.86
SC0,2011-04-12,St Johnstone,Celtic,0,1,A,0,1,A,I Brines,4,12,2,7,11,17,3,5,2,1,0,0,10.0,5.0,1.3,8.75,4.4,1.3,8.0,4.5,1.33,8.5,4.4,1.3,9.0,5.0,1.33,9.0,4.5,1.3,9.0,4.5,1.36,8.0,4.5,1.36,12.0,5.0,1.3,8.5,5.0,1.33,38,12.0,9.69,5.29,4.78,1.36,1.32,35,1.96,1.85,2.02,1.9,18,1.2,2.21,2.15,1.79,1.75
SC0,2011-04-13,Aberdeen,Rangers,0,1,A,0,1,A,C Murray,8,10,3,5,16,9,1,7,1,2,0,0,7.0,4.0,1.5,6.0,4.0,1.44,6.0,3.75,1.5,6.0,3.9,1.45,6.5,4.0,1.5,6.5,3.6,1.5,5.5,3.75,1.5,5.5,4.0,1.53,7.5,4.33,1.44,6.5,3.75,1.53,36,8.0,6.72,4.52,3.95,1.53,1.48,28,1.88,1.75,2.07,1.98,18,1.0,2.08,2.03,1.9,1.82
SC0,2011-04-16,Inverness C,Hearts,1,1,D,1,0,H,C Allan,12,8,6,7,12,9,5,8,4,2,1,0,3.3,3.25,2.2,3.0,3.1,2.2,2.9,3.25,2.25,2.8,3.1,2.3,3.1,3.4,2.25,2.88,3.2,2.25,2.8,3.2,2.2,3.0,3.25,2.25,3.5,3.4,2.2,3.0,3.3,2.3,37,3.51,3.18,3.4,3.25,2.3,2.21,27,2.25,2.11,1.72,1.66,15,0.25,2.04,1.98,1.94,1.88
SC0,2011-04-16,Rangers,St Mirren,2,1,H,1,1,D,E Norris,10,5,3,3,11,14,4,3,0,2,0,0,1.17,7.0,15.0,1.16,6.25,11.5,1.2,5.5,12.0,1.17,5.7,12.0,1.2,6.0,15.0,1.18,6.0,12.0,1.17,5.5,12.0,1.17,7.0,12.0,1.2,7.0,15.0,1.2,6.0,15.0,35,1.2,1.18,7.0,6.37,20.0,13.82,25,1.68,1.6,2.3,2.22,16,-2.0,2.15,2.06,1.85,1.79
SC0,2011-04-17,Hibernian,Hamilton,1,2,A,0,2,A,B Winter,24,6,15,1,8,8,16,2,1,1,0,0,1.62,3.6,6.0,1.6,3.5,5.0,1.6,3.75,4.75,1.6,3.6,4.8,1.62,3.75,5.5,1.6,3.5,5.2,1.57,3.5,5.0,1.62,3.5,5.5,1.67,3.6,6.0,1.62,3.6,5.75,37,1.7,1.64,4.0,3.6,6.0,5.31,26,2.25,2.08,1.74,1.67,15,-0.75,1.94,1.9,2.02,1.97
SC0,2011-04-19,Dundee United,Rangers,0,4,A,0,1,A,W Collum,2,9,1,4,14,11,2,7,1,2,3,0,5.0,3.6,1.7,4.75,3.7,1.6,4.75,3.5,1.65,5.5,3.8,1.5,5.0,3.75,1.67,5.5,3.4,1.6,5.0,3.6,1.7,4.5,3.75,1.67,5.0,3.75,1.75,4.75,3.6,1.73,36,5.6,4.87,3.8,3.61,1.78,1.7,35,1.95,1.84,2.03,1.93,18,0.75,1.9,1.85,2.07,2.01
SC0,2011-04-20,Kilmarnock,Celtic,0,4,A,0,3,A,A Muir,4,16,4,9,6,5,1,8,2,2,0,0,8.0,4.5,1.4,6.25,4.4,1.38,7.0,4.2,1.4,7.5,4.2,1.35,7.0,4.33,1.44,7.5,4.0,1.4,7.5,4.2,1.44,6.0,4.5,1.44,8.5,4.75,1.4,8.0,4.33,1.4,33,8.54,7.57,4.81,4.3,1.44,1.41,25,1.75,1.67,2.23,2.09,17,1.25,1.9,1.86,2.06,1.99
SC0,2011-04-23,Dundee United,Kilmarnock,4,2,H,2,0,H,B Winter,16,10,6,9,11,7,7,6,3,3,0,0,1.91,3.4,4.0,1.8,3.4,3.8,1.9,3.4,3.6,1.9,3.2,3.6,2.0,3.5,3.6,1.9,3.25,3.75,2.05,3.2,3.75,1.91,3.4,3.5,1.95,3.5,4.0,1.85,3.4,3.8,31,2.0,1.92,3.5,3.37,4.2,3.78,25,2.15,1.98,1.86,1.74,13,0.0,1.45,1.41,2.9,2.72
SC0,2011-04-23,Hearts,Motherwell,3,3,D,2,0,H,W Collum,14,10,5,8,14,14,7,11,2,4,0,0,1.83,3.5,4.33,1.7,3.3,4.6,1.75,3.4,4.25,1.85,3.3,3.7,1.83,3.5,4.33,1.73,3.4,4.33,1.83,3.25,4.8,1.83,3.2,4.5,1.83,3.5,4.33,1.73,3.5,4.5,32,1.83,1.77,3.6,3.45,4.8,4.42,24,2.3,2.11,1.7,1.65,12,0.0,1.36,1.32,3.3,3.19
SC0,2011-04-24,Hibernian,St Mirren,1,1,D,1,1,D,A Muir,7,3,2,2,14,9,2,6,1,3,0,0,1.83,3.5,4.33,1.78,3.3,4.1,1.75,3.4,4.25,1.75,3.3,4.2,1.83,3.4,4.33,1.75,3.4,4.2,1.83,3.25,4.8,1.83,3.5,4.0,1.83,3.5,4.33,1.73,3.5,4.5,28,1.85,1.8,3.6,3.42,4.8,4.31,23,2.2,2.0,1.8,1.73,12,0.0,1.35,1.33,3.25,3.15
SC0,2011-04-24,Rangers,Celtic,0,0,D,0,0,D,C Thomson,13,13,4,9,14,21,8,8,2,3,0,0,2.5,3.3,2.75,2.3,3.2,2.75,2.35,3.25,2.75,2.3,3.2,2.8,2.38,3.3,2.9,2.38,3.2,2.7,2.6,3.2,2.75,2.4,3.25,2.75,2.5,3.3,2.75,2.4,3.3,2.8,32,2.6,2.42,3.5,3.24,2.9,2.74,25,2.0,1.88,2.0,1.85,15,-0.25,2.22,2.17,1.76,1.73
SC0,2011-04-25,Hamilton,Aberdeen,1,1,D,0,0,D,C Murray,15,15,9,9,12,11,8,6,1,1,0,0,2.75,3.3,2.5,2.6,3.15,2.45,2.65,3.25,2.4,2.8,3.3,2.2,2.6,3.3,2.62,2.6,3.25,2.45,2.8,3.1,2.62,2.88,3.2,2.38,2.75,3.3,2.5,2.5,3.25,2.62,25,3.1,2.72,3.35,3.23,2.63,2.47,22,2.35,2.14,1.7,1.64,21,0.0,2.02,1.94,1.91,1.82
SC0,2011-04-25,St Johnstone,Inverness C,0,3,A,0,1,A,B Madden,19,12,11,7,11,17,6,5,2,0,0,0,2.5,3.3,2.75,2.35,3.0,2.85,2.4,3.25,2.65,2.2,3.2,2.9,2.5,3.3,2.75,2.45,3.25,2.6,2.6,3.25,2.7,2.5,3.25,2.63,2.5,3.3,2.75,2.38,3.25,2.75,25,2.65,2.45,3.35,3.22,2.9,2.76,22,2.35,2.21,1.67,1.6,14,0.0,1.8,1.73,2.1,2.01
SC0,2011-04-30,Aberdeen,Inverness C,1,0,H,0,0,D,G Salmond,11,10,5,5,21,15,5,6,1,2,0,0,2.25,3.4,3.1,2.2,3.1,3.0,2.2,3.2,3.0,2.2,3.2,2.9,2.25,3.4,3.1,2.25,3.2,2.88,2.3,3.2,3.2,2.25,3.25,3.0,2.3,3.4,3.2,2.25,3.25,3.1,36,2.41,2.28,3.4,3.24,3.2,3.05,28,2.25,2.11,1.7,1.65,22,0.0,1.7,1.63,2.31,2.17
SC0,2011-04-30,Hibernian,St Johnstone,1,2,A,1,0,H,C Allan,7,9,3,3,18,12,6,4,2,1,0,0,2.0,3.5,3.6,2.0,3.2,3.4,2.0,3.25,3.4,2.1,3.1,3.2,2.0,3.5,3.6,2.0,3.2,3.5,2.05,3.25,3.8,1.91,3.4,3.75,2.0,3.4,4.0,2.0,3.4,3.6,35,2.1,2.0,3.5,3.32,4.0,3.63,28,2.25,2.13,1.7,1.64,17,-0.5,2.05,2.0,1.89,1.84
SC0,2011-04-30,Kilmarnock,Hearts,2,2,D,0,0,D,E Norris,14,6,6,2,11,20,4,4,5,3,0,0,2.63,3.3,2.63,2.45,3.1,2.65,2.5,3.2,2.6,2.5,3.2,2.5,2.62,3.3,2.62,2.55,3.2,2.55,2.8,3.2,2.5,2.7,3.2,2.5,2.75,3.4,2.62,2.7,3.3,2.5,35,2.88,2.65,3.42,3.22,2.7,2.57,29,2.21,2.08,1.75,1.67,26,0.0,2.02,1.92,1.92,1.85
SC0,2011-04-30,Motherwell,Rangers,0,5,A,0,1,A,M Tumilty,5,13,3,10,8,8,5,2,3,1,0,0,6.5,4.2,1.5,5.0,3.9,1.53,5.5,3.75,1.53,6.5,4.0,1.4,6.5,4.0,1.5,6.0,3.75,1.5,6.0,4.33,1.5,6.0,3.75,1.57,6.5,4.4,1.5,6.0,4.0,1.53,35,7.0,6.27,4.44,3.99,1.57,1.5,30,1.75,1.67,2.2,2.09,18,1.0,2.0,1.95,1.94,1.88
SC0,2011-05-01,Celtic,Dundee United,4,1,H,1,0,H,I Brines,22,7,15,3,6,8,10,4,0,1,0,0,1.25,5.5,12.0,1.25,5.25,8.25,1.3,4.5,9.0,1.25,5.0,9.0,1.3,5.0,10.0,1.25,5.0,10.0,1.3,5.5,9.5,1.3,5.0,9.0,1.3,5.25,12.0,1.29,4.75,12.0,34,1.31,1.28,5.5,4.96,12.0,10.35,26,1.63,1.57,2.4,2.26,18,-1.5,1.93,1.88,2.0,1.94
SC0,2011-05-02,St Mirren,Hamilton,0,1,A,0,0,D,C Thomson,9,19,6,11,15,14,7,2,1,2,1,1,2.0,3.5,3.6,1.91,3.2,3.7,1.95,3.4,3.4,2.0,3.2,3.3,2.1,3.5,3.25,2.1,3.2,3.2,2.1,3.25,3.6,2.0,3.4,3.6,2.05,3.4,3.75,2.05,3.4,3.5,35,2.1,2.01,3.5,3.34,3.81,3.6,27,2.25,2.14,1.7,1.64,18,-0.5,2.11,2.04,1.86,1.79
SC0,2011-05-04,Inverness C,Celtic,3,2,H,1,1,D,S O'Reilly,9,14,5,6,16,10,5,11,2,2,0,0,10.0,5.25,1.29,7.0,5.0,1.3,9.0,4.5,1.3,9.5,5.5,1.2,9.0,5.0,1.33,9.5,4.6,1.29,10.0,5.0,1.3,9.0,5.0,1.33,12.0,5.5,1.29,10.0,5.0,1.3,36,12.0,9.76,5.76,5.04,1.33,1.29,26,1.62,1.57,2.38,2.27,19,1.5,2.01,1.96,1.94,1.88
SC0,2011-05-07,Aberdeen,St Johnstone,0,2,A,0,1,A,J McKendrick,2,7,1,3,8,2,3,6,1,0,0,0,2.2,3.3,3.25,2.15,3.1,3.1,2.15,3.25,3.1,2.2,3.1,3.0,2.1,3.3,3.5,2.1,3.2,3.2,2.3,3.1,3.3,2.2,3.4,3.0,2.3,3.3,3.25,2.1,3.3,3.4,35,2.34,2.2,3.4,3.23,3.5,3.21,26,2.3,2.2,1.65,1.6,16,-0.25,2.02,1.93,1.98,1.92
SC0,2011-05-07,Dundee United,Motherwell,4,0,H,2,0,H,B Winter,14,1,8,0,6,12,5,5,0,2,0,0,1.85,3.6,4.0,1.85,3.3,3.75,1.85,3.4,3.75,1.8,3.2,4.0,1.91,3.4,4.0,1.9,3.3,3.75,1.95,3.3,4.0,1.83,3.5,4.0,2.0,3.5,4.0,1.91,3.4,4.0,35,2.05,1.92,3.6,3.4,4.3,3.87,33,2.05,1.96,1.9,1.79,18,-0.5,2.05,1.97,1.94,1.87
SC0,2011-05-07,Hamilton,Hibernian,1,0,H,1,0,H,M Tumilty,13,10,7,2,6,7,6,4,0,2,0,1,2.63,3.25,2.63,2.7,3.0,2.45,2.5,3.2,2.6,2.4,3.2,2.6,2.4,3.4,2.8,2.6,3.25,2.45,2.7,3.1,2.7,2.63,3.2,2.63,2.75,3.25,2.75,2.5,3.3,2.7,35,2.7,2.6,3.4,3.18,2.83,2.64,26,2.38,2.19,1.7,1.61,24,0.0,1.94,1.86,2.03,1.92
SC0,2011-05-07,Inverness C,St Mirren,1,0,H,0,0,D,B Madden,8,10,3,4,12,11,5,6,0,1,1,0,2.1,3.3,3.5,1.95,3.2,3.5,2.05,3.25,3.25,2.1,3.1,3.2,2.1,3.3,3.5,1.9,3.25,3.75,2.2,3.2,3.4,2.1,3.25,3.4,2.1,3.3,3.5,2.05,3.25,3.6,35,2.18,2.08,3.4,3.25,3.8,3.48,27,2.25,2.16,1.7,1.62,16,-0.25,1.93,1.87,2.05,1.98
SC0,2011-05-07,Rangers,Hearts,4,0,H,3,0,H,I Brines,16,6,9,2,14,8,10,0,4,3,0,1,1.3,5.0,10.0,1.3,4.75,7.75,1.3,4.75,8.0,1.25,5.0,9.0,1.33,5.0,9.0,1.3,4.5,9.0,1.33,4.8,10.0,1.33,4.5,9.0,1.33,5.25,10.0,1.33,4.75,9.0,35,1.36,1.32,5.3,4.85,11.0,9.2,27,1.73,1.62,2.3,2.17,14,-1.5,2.08,2.01,1.86,1.78
SC0,2011-05-08,Kilmarnock,Celtic,0,2,A,0,1,A,W Collum,3,9,1,2,11,17,2,5,2,2,0,0,10.0,5.0,1.3,7.75,4.75,1.3,8.0,4.75,1.3,8.0,4.6,1.3,10.0,5.0,1.3,9.0,4.5,1.3,9.0,4.5,1.36,9.0,5.0,1.33,11.0,5.5,1.3,9.0,4.75,1.33,34,11.61,9.59,5.65,4.92,1.36,1.3,24,1.62,1.55,2.5,2.3,19,1.5,1.98,1.9,1.98,1.92
SC0,2011-05-10,Aberdeen,St Mirren,0,1,A,0,0,D,E Norris,4,3,1,2,16,14,1,5,2,1,0,0,2.25,3.25,3.2,2.2,3.1,3.0,2.2,3.2,3.0,,,,2.2,3.4,3.2,2.1,3.25,3.2,2.2,3.25,3.25,2.25,3.25,3.2,2.4,3.25,3.2,2.1,3.3,3.3,37,2.54,2.31,3.4,3.2,3.3,3.07,28,2.25,2.17,1.67,1.62,24,0.0,1.82,1.7,2.38,2.15
SC0,2011-05-10,Rangers,Dundee United,2,0,H,2,0,H,C Murray,13,8,7,3,9,11,5,4,0,0,0,0,1.22,6.0,13.0,1.2,5.75,9.75,1.22,5.75,9.5,1.22,5.0,10.0,1.22,6.0,12.0,1.2,5.75,11.0,1.22,6.0,12.0,1.22,6.0,10.0,1.22,6.5,15.0,1.22,6.0,13.0,37,1.25,1.21,7.0,6.13,15.71,12.0,27,1.62,1.54,2.55,2.35,19,-1.5,1.77,1.71,2.23,2.15
SC0,2011-05-10,St Johnstone,Hamilton,1,0,H,1,0,H,S Conroy,7,6,4,3,4,9,7,2,0,1,0,1,2.1,3.4,3.4,2.1,3.0,3.3,2.2,3.2,3.0,,,,2.0,3.6,3.4,2.0,3.25,3.4,2.2,3.2,3.4,2.1,3.25,3.4,2.38,3.25,3.25,2.1,3.3,3.3,36,2.41,2.19,3.4,3.24,3.7,3.27,28,2.38,2.21,1.7,1.6,21,0.0,1.73,1.61,2.5,2.29
SC0,2011-05-11,Hearts,Celtic,0,3,A,0,1,A,C Thomson,4,13,2,9,19,14,3,5,3,2,1,1,7.0,4.33,1.44,5.75,4.1,1.44,6.25,4.0,1.45,6.0,3.9,1.45,6.0,4.0,1.53,6.5,4.0,1.44,7.0,4.5,1.44,6.5,4.5,1.44,7.5,4.6,1.44,6.0,4.2,1.5,34,7.5,6.69,4.64,4.22,1.53,1.45,31,1.77,1.69,2.21,2.07,16,1.0,2.16,2.07,1.83,1.78
SC0,2011-05-11,Inverness C,Hibernian,2,0,H,1,0,H,S Finnie,7,11,6,3,9,10,6,8,0,0,0,0,2.1,3.4,3.4,2.1,3.2,3.1,2.1,3.2,3.2,2.0,3.2,3.3,2.1,3.3,3.5,2.1,3.2,3.2,2.1,3.4,3.4,2.1,3.25,3.4,2.25,3.4,3.3,2.1,3.3,3.3,33,2.26,2.14,3.51,3.28,3.5,3.26,34,2.06,1.98,1.87,1.78,15,0.0,1.6,1.54,2.5,2.35
SC0,2011-05-11,Motherwell,Kilmarnock,1,1,D,1,0,H,C Allan,7,14,6,12,13,3,3,7,1,1,0,0,2.25,3.4,3.1,2.2,3.2,2.9,2.2,3.2,3.0,2.1,3.1,3.2,2.38,3.4,2.88,2.2,3.25,2.95,2.15,3.1,3.0,2.25,3.3,3.0,2.38,3.5,3.0,2.2,3.3,3.1,34,2.4,2.27,3.57,3.29,3.2,2.99,34,2.02,1.92,1.95,1.84,22,0.0,1.69,1.63,2.29,2.21
SC0,2011-05-14,Hamilton,Inverness C,1,2,A,0,1,A,I Brines,6,2,3,2,11,14,6,2,1,1,0,0,2.5,3.3,2.8,2.4,3.1,2.7,2.4,3.1,2.75,2.4,3.1,2.7,2.4,3.3,2.88,2.38,3.2,2.7,2.6,3.2,2.75,2.4,3.25,2.88,2.5,3.2,2.88,2.5,3.2,2.75,35,2.66,2.49,3.3,3.18,2.94,2.79,28,2.38,2.25,1.62,1.58,25,0.0,1.92,1.81,2.07,1.99
SC0,2011-05-14,Hibernian,Aberdeen,1,3,A,1,0,H,W Collum,15,11,7,10,11,10,5,7,2,0,0,0,2.38,3.25,3.0,2.2,3.1,3.0,2.3,3.1,2.9,2.2,3.1,3.0,2.25,3.3,3.2,2.3,3.2,2.8,2.3,3.2,3.2,2.38,3.2,2.88,2.25,3.2,3.25,2.25,3.2,3.1,34,2.38,2.28,3.4,3.21,3.4,3.07,29,2.3,2.17,1.7,1.62,20,0.0,1.7,1.62,2.36,2.22
SC0,2011-05-14,St Mirren,St Johnstone,0,0,D,0,0,D,C Murray,11,11,4,2,11,18,4,2,0,1,0,0,2.25,3.4,3.1,2.1,3.1,3.2,2.2,3.1,3.1,2.3,3.1,2.8,2.25,3.5,3.0,2.2,3.2,3.0,2.5,3.1,3.0,2.2,3.4,3.0,2.38,3.3,3.0,2.3,3.2,3.0,35,2.5,2.29,3.5,3.23,3.2,3.05,29,2.3,2.21,1.65,1.6,20,0.0,1.72,1.62,2.38,2.21
SC0,2011-05-15,Celtic,Motherwell,4,0,H,2,0,H,A Muir,22,6,15,1,7,13,9,3,1,1,0,0,1.17,7.0,15.0,1.15,6.25,12.5,1.18,6.0,11.0,1.2,5.2,11.0,1.17,7.0,15.0,1.15,6.5,13.0,1.2,6.0,15.0,1.2,6.0,13.0,1.17,7.0,19.0,1.17,6.5,15.0,34,1.2,1.17,7.74,6.73,21.0,14.4,28,1.55,1.48,2.75,2.49,14,-2.0,1.92,1.87,2.04,1.98
SC0,2011-05-15,Dundee United,Hearts,2,1,H,1,1,D,S O'Reilly,10,4,5,4,3,8,10,3,2,3,0,0,2.2,3.3,3.3,2.3,3.0,2.9,2.25,3.1,3.0,2.1,3.1,3.2,2.25,3.3,3.2,2.2,3.2,3.0,2.38,3.2,3.0,2.3,3.25,3.0,2.2,3.25,3.4,2.25,3.2,3.1,35,2.3,2.18,3.4,3.26,3.78,3.25,29,2.3,2.14,1.7,1.64,17,-0.25,1.95,1.84,2.11,2.02
SC0,2011-05-15,Kilmarnock,Rangers,1,5,A,0,3,A,C Thomson,14,15,10,10,16,14,3,8,2,2,0,0,10.0,6.0,1.25,8.5,5.25,1.25,9.0,4.75,1.28,11.0,5.2,1.2,12.0,5.5,1.25,9.5,4.6,1.29,9.0,5.5,1.3,10.0,5.0,1.3,10.5,5.5,1.29,9.0,5.0,1.3,35,12.0,9.56,6.0,5.35,1.31,1.28,28,1.6,1.54,2.42,2.33,14,1.5,1.97,1.93,1.96,1.91
