,BbMxA,BbMxD,BbAv<2.5,WHD,IWH,LBA,SJA,BbMxH,BWD,BbAvA,WHA,B365A,SJD,PSD,LBH,VCH,B365D,PSA,BbAvH,BbOU,B365H,BbAHh,BbMxAHA,WHH,BbMxAHH,BWA,BbAv>2.5,Bb1X2,BWH,IWA,BbMx>2.5,VCD,PSH,BbAvAHA,SJH,BbAH,BbAvAHH,VCA,IWD,LBD,BbAvD,BbMx<2.5,HomeTeam,AwayTeam,idGame
0,16.0,6.7,2.1,5.5,1.3,13.0,12.0,1.3,5.5,12.43,12.0,15.0,5.75,6.45,1.25,1.25,6.5,14.01,1.25,48,1.25,-1.5,2.2,1.25,1.81,12.0,1.72,50,1.25,9.0,1.77,6.25,1.26,2.1,1.25,24,1.78,10.5,5.0,6.0,5.96,2.26,Arsenal,Crystal Palace,Arsenal_Crystal Palace_2014
1,2.42,3.45,1.8,3.1,2.9,2.25,2.38,3.3,3.2,2.36,2.4,2.4,3.3,3.38,3.25,3.2,3.4,2.46,3.06,48,3.2,0.25,2.1,3.1,1.88,2.4,2.0,50,2.9,2.3,2.1,3.4,3.14,2.02,3.0,22,1.85,2.4,3.3,3.4,3.32,1.9,Leicester,Everton,Leicester_Everton_2014
2,11.03,5.5,2.13,4.5,1.33,10.0,8.0,1.38,4.75,9.32,9.0,11.0,5.0,5.1,1.36,1.36,5.0,10.6,1.34,48,1.36,-1.5,1.87,1.36,2.18,9.0,1.71,50,1.4,8.0,1.77,5.2,1.37,1.79,1.36,25,2.08,10.0,5.0,5.0,4.96,2.3,Man United,Swansea,Man United_Swansea_2014
3,3.2,3.4,1.58,3.0,2.3,3.1,2.88,2.6,3.1,3.02,2.9,3.1,3.25,3.26,2.4,2.55,3.3,3.22,2.47,46,2.5,0.0,2.25,2.6,1.8,2.85,2.36,50,2.5,2.9,2.52,3.2,2.48,2.14,2.5,24,1.73,3.12,3.3,3.25,3.18,1.65,QPR,Hull,QPR_Hull_2014
4,4.8,3.5,1.6,3.2,2.0,4.2,4.0,2.0,3.3,4.27,4.2,4.5,3.4,3.47,1.95,1.95,3.5,4.55,1.92,44,1.95,-0.5,2.02,1.95,1.95,3.9,2.31,50,1.95,3.6,2.42,3.3,1.95,1.96,1.95,23,1.91,4.75,3.3,3.4,3.38,1.67,Stoke,Aston Villa,Stoke_Aston Villa_2014
5,3.7,3.5,1.7,3.1,2.2,3.3,3.3,2.3,3.25,3.34,3.3,3.5,3.4,3.34,2.3,2.25,3.4,3.73,2.23,48,2.25,-0.25,2.02,2.3,1.94,3.1,2.14,50,2.3,3.1,2.29,3.3,2.21,1.97,2.2,22,1.91,3.6,3.3,3.3,3.31,1.76,West Brom,Sunderland,West Brom_Sunderland_2014
6,2.2,3.62,1.82,3.3,3.1,2.1,2.05,4.05,3.4,2.03,2.05,2.05,3.4,3.55,3.6,4.0,3.6,2.06,3.74,47,3.8,0.5,2.1,3.75,1.91,2.05,1.98,49,3.5,2.2,2.08,3.5,3.96,2.02,3.6,21,1.86,2.05,3.3,3.4,3.43,1.92,West Ham,Tottenham,West Ham_Tottenham_2014
7,11.0,5.8,2.3,4.5,1.35,9.0,8.5,1.38,4.5,9.0,9.0,10.0,5.0,5.48,1.36,1.36,5.75,10.3,1.34,41,1.33,-1.5,1.94,1.36,2.04,8.75,1.6,49,1.36,7.6,1.66,5.25,1.35,1.87,1.36,24,2.0,10.0,4.8,5.0,5.16,2.54,Liverpool,Southampton,Liverpool_Southampton_2014
8,1.67,4.33,2.19,3.75,4.9,1.66,1.62,5.97,3.8,1.64,1.67,1.67,4.0,4.28,5.0,5.5,4.33,1.63,5.24,44,5.25,1.0,2.12,5.0,1.86,1.67,1.66,50,4.75,1.65,1.73,4.1,5.8,2.08,5.25,24,1.8,1.67,3.7,4.2,4.0,2.36,Newcastle,Man City,Newcastle_Man City_2014
9,1.42,5.1,1.94,4.2,6.8,1.4,1.4,11.0,4.6,1.39,1.4,1.4,4.5,4.81,9.0,10.0,5.0,1.41,8.72,46,9.0,1.5,2.35,9.0,1.82,1.4,1.85,48,7.5,1.4,1.95,4.8,9.77,2.2,8.0,23,1.7,1.4,4.6,4.8,4.63,2.05,Burnley,Chelsea,Burnley_Chelsea_2014
10,3.11,3.45,1.72,3.25,2.3,2.87,2.88,2.65,3.25,2.92,2.9,3.0,3.25,3.36,2.5,2.5,3.4,3.01,2.5,49,2.5,0.0,2.16,2.45,1.84,2.9,2.1,51,2.6,2.9,2.2,3.3,2.56,2.09,2.5,29,1.78,3.1,3.3,3.3,3.27,1.8,Aston Villa,Newcastle,Aston Villa_Newcastle_2014
11,18.48,7.8,2.46,5.5,1.22,13.0,13.0,1.24,6.25,14.59,15.0,17.0,6.5,7.28,1.22,1.22,7.5,17.7,1.2,42,1.2,-2.0,1.88,1.22,2.13,12.5,1.52,51,1.25,12.0,1.57,7.0,1.21,1.8,1.2,28,2.06,17.0,5.5,6.0,6.79,2.64,Chelsea,Leicester,Chelsea_Leicester_2014
12,3.35,3.31,1.54,3.2,2.3,3.0,3.0,2.52,3.0,3.07,2.8,3.1,3.2,3.25,2.5,2.5,3.3,3.3,2.44,41,2.5,-0.25,1.86,2.5,2.12,2.95,2.45,51,2.5,2.9,2.62,3.2,2.44,1.81,2.38,26,2.07,3.2,3.3,3.1,3.18,1.61,Crystal Palace,West Ham,Crystal Palace_West Ham_2014
13,2.78,3.5,1.97,3.1,2.75,2.7,2.63,2.82,3.25,2.65,2.7,2.7,3.25,3.45,2.75,2.7,3.4,2.76,2.71,48,2.8,0.0,2.0,2.7,1.98,2.7,1.83,50,2.75,2.4,1.94,3.4,2.72,1.93,2.63,24,1.93,2.8,3.3,3.25,3.3,2.08,Everton,Arsenal,Everton_Arsenal_2014
14,4.8,3.8,1.91,3.2,1.95,4.33,4.5,1.95,3.75,4.43,4.5,4.75,3.4,3.76,1.85,1.87,3.7,4.62,1.86,48,1.85,-0.5,2.08,1.91,1.88,4.2,1.89,50,1.87,3.7,1.99,3.7,1.86,2.03,1.83,24,1.85,4.5,3.35,3.5,3.52,2.02,Southampton,West Brom,Southampton_West Brom_2014
15,6.25,4.11,1.96,3.4,1.7,5.0,5.5,1.7,3.6,5.65,6.0,6.0,3.75,4.13,1.66,1.65,4.0,5.98,1.64,48,1.65,-1.0,1.87,1.67,2.15,5.75,1.84,50,1.7,4.7,1.91,4.0,1.64,1.79,1.62,27,2.09,6.0,3.6,3.75,3.83,2.08,Swansea,Burnley,Swansea_Burnley_2014
16,3.31,3.3,1.5,3.2,2.3,3.2,3.0,2.6,3.2,3.1,2.8,3.2,3.2,3.18,2.4,2.5,3.25,3.31,2.44,42,2.5,0.0,2.31,2.5,1.71,2.95,2.51,51,2.55,2.9,2.7,3.1,2.48,2.22,2.38,25,1.68,3.3,3.3,3.2,3.16,1.56,Hull,Stoke,Hull_Stoke_2014
17,1.81,4.0,1.94,3.5,4.9,1.8,1.73,5.25,3.75,1.76,1.8,1.75,3.6,3.93,4.5,5.0,4.0,1.79,4.8,48,5.0,0.75,2.05,4.5,1.94,1.83,1.86,50,4.4,1.65,1.95,3.9,4.95,1.99,4.8,24,1.89,1.75,3.7,3.6,3.68,2.04,Sunderland,Man United,Sunderland_Man United_2014
18,8.2,4.77,2.03,4.0,1.45,7.5,6.5,1.51,4.25,7.21,7.0,8.0,4.33,4.64,1.44,1.5,4.75,7.5,1.46,49,1.45,-1.0,2.2,1.5,1.86,7.75,1.76,50,1.48,7.0,1.83,4.4,1.49,2.07,1.5,28,1.81,7.5,4.0,4.33,4.37,2.18,Tottenham,QPR,Tottenham_QPR_2014
19,4.5,4.1,2.29,3.4,1.85,4.2,4.33,1.88,3.9,4.26,4.33,4.33,3.5,4.05,1.85,1.85,4.0,4.43,1.83,45,1.85,-0.75,1.88,1.85,2.1,4.0,1.61,48,1.87,4.0,1.7,4.0,1.83,1.83,1.83,22,2.06,4.3,3.45,3.75,3.72,2.52,Man City,Liverpool,Man City_Liverpool_2014
20,1.67,4.27,1.89,3.4,5.6,1.61,1.62,6.54,4.0,1.6,1.62,1.62,3.8,4.18,5.5,6.25,4.2,1.62,5.97,47,6.0,1.0,2.2,6.5,1.84,1.62,1.91,50,5.75,1.55,2.0,4.0,6.11,2.08,5.75,28,1.79,1.62,3.9,4.0,3.89,1.95,Burnley,Man United,Burnley_Man United_2014
21,2.22,3.5,1.75,2.88,3.6,2.2,2.1,3.84,3.3,2.15,2.25,2.2,3.4,3.33,3.5,3.7,3.3,2.19,3.56,47,3.75,0.25,1.9,3.6,2.09,2.2,2.07,50,3.5,2.0,2.19,3.4,3.79,1.86,3.5,22,2.01,2.15,3.3,3.4,3.31,1.81,Everton,Chelsea,Everton_Chelsea_2014
22,21.0,8.0,2.44,5.5,1.2,17.0,12.0,1.21,6.5,15.58,21.0,18.0,7.0,7.8,1.18,1.2,8.0,17.95,1.19,37,1.18,-2.0,1.92,1.2,2.12,14.5,1.54,49,1.18,13.0,1.6,7.0,1.2,1.82,1.2,25,2.06,20.0,5.8,7.5,7.04,2.58,Man City,Stoke,Man City_Stoke_2014
23,5.8,3.8,1.67,3.2,1.75,5.0,5.25,1.77,3.5,5.22,5.5,5.25,3.6,3.78,1.75,1.75,3.75,5.58,1.72,46,1.75,-0.75,2.0,1.75,1.97,4.75,2.18,50,1.75,4.5,2.28,3.6,1.74,1.95,1.73,22,1.93,5.75,3.5,3.6,3.6,1.74,Newcastle,Crystal Palace,Newcastle_Crystal Palace_2014
24,3.4,3.3,1.57,2.9,2.5,3.0,3.13,2.51,3.2,3.13,3.1,3.3,3.2,3.23,2.5,2.45,3.25,3.35,2.41,40,2.4,-0.25,1.85,2.5,2.11,2.85,2.37,49,2.45,2.65,2.53,3.12,2.43,1.82,2.38,24,2.06,3.4,3.3,3.25,3.17,1.67,QPR,Sunderland,QPR_Sunderland_2014
25,4.9,3.7,1.83,3.1,1.8,4.5,4.5,1.91,3.4,4.47,4.5,4.75,3.5,3.66,1.85,1.91,3.6,4.67,1.85,46,1.85,-0.5,2.08,1.91,1.88,4.2,1.95,50,1.85,4.2,2.05,3.6,1.88,2.04,1.83,23,1.84,4.5,3.5,3.6,3.51,1.92,Swansea,West Brom,Swansea_West Brom_2014
26,2.76,3.5,1.77,2.8,2.5,2.75,2.6,2.9,3.2,2.65,2.75,2.7,3.25,3.43,2.75,2.8,3.4,2.69,2.73,46,2.8,0.0,1.94,2.9,2.03,2.7,2.04,50,2.6,2.65,2.14,3.3,2.8,1.89,2.75,27,1.96,2.75,3.3,3.25,3.26,1.87,West Ham,Southampton,West Ham_Southampton_2014
27,3.75,3.3,1.48,2.88,2.1,3.6,3.5,2.38,3.1,3.47,3.4,3.5,3.2,3.16,2.25,2.3,3.3,3.63,2.25,40,2.3,-0.25,1.96,2.38,1.98,3.1,2.61,50,2.35,3.3,2.89,3.1,2.33,1.93,2.2,22,1.94,3.7,3.3,3.2,3.15,1.53,Aston Villa,Hull,Aston Villa_Hull_2014
28,1.89,3.9,1.98,3.0,4.5,1.83,1.83,4.75,3.4,1.82,1.91,1.83,3.5,3.8,4.5,4.6,3.75,1.87,4.48,47,4.75,0.75,2.15,4.8,1.83,1.83,1.81,50,4.33,1.75,1.9,3.75,4.54,2.08,4.33,22,1.8,1.85,3.5,3.75,3.6,2.1,Leicester,Arsenal,Leicester_Arsenal_2014
29,2.8,3.6,2.22,3.0,2.6,2.7,2.63,2.74,3.2,2.68,2.8,2.7,3.4,3.48,2.7,2.7,3.5,2.77,2.63,39,2.7,0.0,2.01,2.7,1.97,2.7,1.64,49,2.7,2.6,1.72,3.5,2.69,1.94,2.6,26,1.92,2.7,3.2,3.4,3.38,2.34,Tottenham,Liverpool,Tottenham_Liverpool_2014
30,2.51,3.55,1.98,3.0,2.75,2.5,2.38,3.05,3.5,2.43,2.5,2.5,3.3,3.48,2.87,2.9,3.4,2.48,2.93,46,3.0,0.0,1.79,3.0,2.23,2.5,1.81,47,2.85,2.4,1.91,3.5,3.03,1.74,3.0,25,2.13,2.5,3.3,3.5,3.35,2.08,Arsenal,Man City,Arsenal_Man City_2014
31,12.5,6.0,2.09,5.0,1.3,12.0,9.5,1.33,5.0,10.78,11.0,12.0,5.5,5.62,1.28,1.3,5.75,12.04,1.3,44,1.3,-1.5,1.98,1.3,2.03,9.5,1.73,46,1.3,9.0,1.82,5.5,1.32,1.9,1.3,28,1.96,12.0,5.0,5.5,5.41,2.18,Chelsea,Swansea,Chelsea_Swansea_2014
32,3.8,3.35,1.61,3.1,2.0,3.8,3.4,2.3,3.2,3.5,3.4,3.6,3.25,3.35,2.1,2.25,3.3,3.66,2.19,43,2.25,-0.25,2.05,2.25,1.93,3.2,2.29,46,2.25,3.6,2.42,3.2,2.23,1.99,2.2,24,1.88,3.7,3.3,3.3,3.24,1.68,Crystal Palace,Burnley,Crystal Palace_Burnley_2014
33,12.0,6.0,2.42,5.0,1.27,11.0,9.5,1.33,5.5,10.79,11.0,11.0,5.5,5.92,1.3,1.3,6.0,11.85,1.29,37,1.3,-1.5,2.1,1.3,1.88,11.0,1.53,45,1.3,10.0,1.59,6.0,1.3,2.04,1.29,26,1.82,11.5,5.2,5.5,5.58,2.58,Liverpool,Aston Villa,Liverpool_Aston Villa_2014
34,5.1,3.8,1.78,3.2,1.9,4.5,4.8,1.9,3.3,4.78,5.0,5.0,3.6,3.78,1.83,1.83,3.75,5.06,1.78,45,1.8,-0.75,1.9,1.83,2.06,4.5,2.02,47,1.83,3.8,2.1,3.6,1.79,1.86,1.73,24,2.01,5.0,3.45,3.6,3.6,1.87,Southampton,Newcastle,Southampton_Newcastle_2014
35,4.07,3.4,1.6,3.1,2.0,4.0,3.75,2.16,3.4,3.8,3.6,4.0,3.2,3.35,2.05,2.15,3.4,4.07,2.09,42,2.1,-0.25,2.17,2.15,1.83,3.25,2.31,47,2.15,3.6,2.45,3.25,2.1,2.1,2.1,23,1.78,4.0,3.3,3.3,3.24,1.66,Stoke,Leicester,Stoke_Leicester_2014
36,2.2,3.55,1.82,3.3,3.6,2.1,2.1,3.84,3.2,2.11,2.15,2.15,3.4,3.5,3.6,3.75,3.5,2.15,3.59,45,3.6,0.5,2.15,3.4,1.82,2.15,1.97,46,3.4,2.0,2.09,3.4,3.71,2.1,3.5,23,1.78,2.15,3.3,3.5,3.37,1.9,Sunderland,Tottenham,Sunderland_Tottenham_2014
37,2.21,3.5,1.91,3.2,3.2,2.1,2.1,3.74,3.2,2.15,2.2,2.2,3.4,3.48,3.6,3.6,3.5,2.21,3.45,45,3.5,0.25,1.9,3.4,2.06,2.2,1.88,46,3.3,2.2,1.96,3.5,3.57,1.85,3.4,24,2.02,2.15,3.2,3.4,3.37,2.0,West Brom,Everton,West Brom_Everton_2014
38,13.29,6.33,2.23,5.0,1.27,11.0,11.0,1.33,5.0,11.51,11.0,12.0,5.5,6.33,1.3,1.29,6.25,13.29,1.27,43,1.29,-1.5,2.14,1.3,1.85,11.5,1.64,46,1.33,10.0,1.7,5.75,1.27,2.06,1.25,26,1.8,13.0,5.2,5.5,5.72,2.38,Man United,QPR,Man United_QPR_2014
39,4.0,3.4,1.58,3.1,2.3,3.6,3.6,2.31,3.3,3.63,3.5,3.75,3.25,3.33,2.15,2.15,3.4,3.91,2.13,41,2.15,-0.25,2.15,2.2,1.85,3.4,2.33,44,2.25,2.9,2.45,3.3,2.15,2.07,2.1,22,1.81,3.9,3.3,3.3,3.28,1.67,Hull,West Ham,Hull_West Ham_2014
40,1.88,3.8,1.81,3.4,4.0,1.8,,5.0,3.4,1.82,1.83,1.85,,3.63,4.5,4.6,3.6,1.88,4.6,47,4.75,0.5,1.88,4.5,2.11,1.85,1.98,48,4.2,1.85,2.08,3.7,4.71,1.82,,25,2.04,1.87,3.45,3.75,3.53,1.95,Aston Villa,Arsenal,Aston Villa_Arsenal_2014
41,3.2,3.36,1.63,3.2,2.6,2.9,,2.61,3.25,2.96,2.8,3.1,,3.36,2.55,2.55,3.3,3.12,2.5,43,2.5,0.0,2.21,2.5,1.8,2.9,2.25,48,2.6,2.7,2.32,3.2,2.49,2.12,,26,1.75,3.12,3.1,3.2,3.2,1.71,Burnley,Sunderland,Burnley_Sunderland_2014
42,3.86,3.4,1.67,3.2,2.15,3.6,,2.27,3.25,3.59,3.4,3.75,,3.4,2.15,2.2,3.3,3.86,2.14,45,2.2,-0.25,2.11,2.2,1.92,3.5,2.18,48,2.25,3.2,2.26,3.3,2.14,2.04,,24,1.84,3.75,3.3,3.4,3.29,1.75,Newcastle,Hull,Newcastle_Hull_2014
43,2.88,3.25,1.54,3.0,2.6,2.8,,2.88,3.1,2.76,2.8,2.8,,3.15,2.7,2.88,3.25,2.91,2.74,42,2.8,0.0,1.97,2.7,1.98,2.8,2.44,48,2.8,2.7,2.58,3.1,2.77,1.93,,29,1.92,2.8,3.1,3.2,3.11,1.59,QPR,Stoke,QPR_Stoke_2014
44,3.18,3.4,1.79,3.25,2.4,3.0,,2.61,3.25,2.97,2.8,3.1,,3.34,2.37,2.5,3.3,3.18,2.45,46,2.5,0.0,2.24,2.5,1.76,2.9,2.02,48,2.6,2.75,2.11,3.3,2.46,2.15,,26,1.73,3.1,3.3,3.4,3.29,1.88,Swansea,Southampton,Swansea_Southampton_2014
45,1.86,4.0,2.26,3.3,4.3,1.8,,4.7,3.8,1.8,1.85,1.85,,3.89,4.33,4.4,3.8,1.84,4.38,43,4.5,0.75,2.07,4.5,1.89,1.85,1.62,47,4.25,1.75,1.68,3.9,4.56,2.02,,24,1.85,1.85,3.6,3.8,3.78,2.46,West Ham,Liverpool,West Ham_Liverpool_2014
46,9.52,5.2,2.1,4.5,1.45,7.0,,1.45,4.1,8.48,8.0,9.0,,5.09,1.44,1.4,5.0,9.52,1.39,44,1.4,-1.0,2.45,1.4,1.68,8.25,1.71,46,1.42,7.0,1.78,5.0,1.39,2.32,,25,1.62,9.5,4.0,4.5,4.68,2.28,Everton,Crystal Palace,Everton_Crystal Palace_2014
47,1.67,4.33,2.15,3.5,5.6,1.66,,6.0,3.8,1.64,1.67,1.67,,4.23,5.0,5.75,4.2,1.65,5.39,46,5.5,1.0,2.2,5.5,1.82,1.67,1.69,48,4.75,1.55,1.76,4.0,5.64,2.12,,27,1.75,1.67,3.9,4.0,3.98,2.32,Leicester,Man United,Leicester_Man United_2014
48,3.16,3.55,2.02,3.1,2.4,3.0,,2.46,3.4,2.99,3.1,3.1,,3.56,2.37,2.5,3.5,3.12,2.37,44,2.38,0.0,2.3,2.4,1.72,3.0,1.78,46,2.4,2.75,1.86,3.5,2.39,2.18,,24,1.69,3.1,3.3,3.4,3.39,2.14,Man City,Chelsea,Man City_Chelsea_2014
49,7.4,4.6,2.09,3.75,1.5,6.0,,1.54,4.0,6.84,7.0,7.0,,4.39,1.53,1.53,4.33,7.25,1.5,44,1.53,-1.0,2.08,1.53,1.89,6.0,1.72,46,1.53,6.1,1.81,4.33,1.53,2.01,,28,1.85,7.0,4.0,4.33,4.2,2.2,Tottenham,West Brom,Tottenham_West Brom_2014
50,5.1,4.0,2.08,3.5,1.8,4.5,,1.81,3.6,4.65,4.5,5.0,,3.86,1.8,1.8,3.9,4.87,1.77,45,1.75,-0.75,1.93,1.8,2.04,4.75,1.74,47,1.8,4.2,1.81,3.9,1.8,1.89,,25,1.98,4.8,3.5,3.8,3.72,2.25,Arsenal,Tottenham,Arsenal_Tottenham_2014
51,17.0,7.2,2.31,5.5,1.25,16.0,,1.26,5.5,14.22,12.0,16.0,,7.05,1.22,1.22,7.0,16.5,1.21,38,1.22,-2.0,1.91,1.25,2.12,11.0,1.59,47,1.25,10.3,1.66,7.0,1.22,1.82,,29,2.04,17.0,5.5,6.5,6.5,2.45,Chelsea,Aston Villa,Chelsea_Aston Villa_2014
52,2.94,3.4,1.77,3.1,2.5,2.87,,2.72,3.1,2.79,2.7,2.88,,3.37,2.5,2.6,3.4,2.9,2.6,45,2.63,0.0,2.04,2.7,1.92,2.7,2.03,47,2.65,2.75,2.14,3.4,2.64,2.0,,28,1.86,2.9,3.2,3.4,3.27,1.85,Crystal Palace,Leicester,Crystal Palace_Leicester_2014
53,1.61,4.33,1.98,3.6,5.5,1.57,,7.0,3.8,1.55,1.57,1.57,,4.32,6.0,6.5,4.2,1.56,6.34,46,6.5,1.0,2.0,6.5,1.98,1.57,1.81,47,5.75,1.57,1.91,4.2,6.79,1.95,,29,1.91,1.57,3.8,4.2,4.03,2.08,Hull,Man City,Hull_Man City_2014
54,4.33,3.8,2.33,3.4,1.8,4.2,,2.01,3.6,4.0,4.0,4.33,,3.81,1.85,1.92,3.75,4.04,1.91,38,1.91,-0.5,1.98,1.91,2.0,4.0,1.58,46,1.95,4.2,1.63,3.8,1.96,1.94,,24,1.93,4.1,3.5,3.8,3.63,2.48,Liverpool,Everton,Liverpool_Everton_2014
55,9.5,5.5,2.65,4.5,1.35,8.0,,1.43,4.6,7.84,8.0,8.0,,5.44,1.36,1.4,5.5,8.41,1.38,38,1.4,-1.5,1.87,1.4,2.12,7.25,1.46,47,1.4,7.6,1.5,5.4,1.39,1.81,,27,2.06,8.0,4.8,5.2,5.08,2.88,Man United,West Ham,Man United_West Ham_2014
56,8.9,4.8,1.96,4.0,1.5,7.0,,1.51,4.2,7.77,8.0,8.5,,4.63,1.47,1.45,4.6,8.14,1.44,46,1.44,-1.0,2.28,1.44,1.77,7.0,1.83,47,1.45,6.1,1.91,4.6,1.47,2.19,,26,1.7,8.5,4.0,4.33,4.42,2.08,Southampton,QPR,Southampton_QPR_2014
57,2.77,3.3,1.69,3.1,2.6,2.75,,3.0,3.2,2.62,2.7,2.63,,3.23,2.6,3.0,3.3,2.69,2.79,45,2.9,0.0,1.92,2.7,2.09,2.7,2.15,47,2.8,2.7,2.28,3.1,2.96,1.85,,28,2.01,2.7,3.1,3.25,3.21,1.76,Sunderland,Swansea,Sunderland_Swansea_2014
58,4.35,3.5,1.7,3.2,1.9,4.0,,2.04,3.4,4.02,4.0,4.2,,3.46,2.0,2.0,3.5,4.29,1.98,44,2.0,-0.5,1.93,2.0,2.02,4.0,2.14,47,2.0,3.8,2.27,3.4,2.01,1.9,,25,1.97,4.33,3.45,3.4,3.37,1.76,West Brom,Burnley,West Brom_Burnley_2014
59,3.9,3.45,1.66,3.2,2.1,3.6,,2.16,3.3,3.64,3.5,3.8,,3.42,2.15,2.15,3.4,3.86,2.1,45,2.15,-0.25,2.15,2.15,1.84,3.7,2.19,47,2.15,3.4,2.31,3.3,2.13,2.07,,23,1.8,3.9,3.2,3.3,3.32,1.72,Stoke,Newcastle,Stoke_Newcastle_2014
60,1.55,4.57,2.08,3.75,5.6,1.5,,8.05,4.2,1.48,1.53,1.5,,4.57,6.5,8.0,4.5,1.48,7.25,43,7.5,1.0,1.83,7.0,2.17,1.53,1.73,45,6.75,1.55,1.83,4.5,8.05,1.77,,26,2.1,1.5,3.9,4.33,4.2,2.2,Aston Villa,Man City,Aston Villa_Man City_2014
61,4.0,3.52,1.71,3.1,2.2,4.0,,2.2,3.2,3.72,3.8,3.8,,3.44,2.05,2.1,3.5,3.89,2.07,43,2.1,-0.5,1.84,2.1,2.12,3.6,2.1,45,2.1,3.1,2.17,3.4,2.12,1.81,,23,2.06,3.9,3.3,3.4,3.34,1.81,Hull,Crystal Palace,Hull_Crystal Palace_2014
62,5.19,3.75,1.78,3.25,1.75,5.0,,1.82,3.4,4.8,5.0,5.0,,3.72,1.8,1.8,3.75,5.16,1.78,44,1.8,-1.0,1.63,1.8,2.55,4.5,2.01,44,1.8,4.5,2.13,3.7,1.79,1.57,,24,2.46,5.0,3.5,3.6,3.57,1.85,Leicester,Burnley,Leicester_Burnley_2014
63,8.2,5.0,2.29,4.33,1.45,7.0,,1.46,4.33,7.36,7.0,7.5,,4.78,1.45,1.45,5.0,7.95,1.43,36,1.44,-1.5,1.77,1.44,2.28,7.0,1.6,44,1.44,7.0,1.68,4.8,1.46,1.71,,25,2.19,8.0,4.0,4.75,4.63,2.41,Liverpool,West Brom,Liverpool_West Brom_2014
64,3.2,3.3,1.54,3.0,2.4,3.1,,2.6,3.0,2.97,2.9,3.1,,3.23,2.45,2.55,3.25,3.14,2.5,36,2.55,0.0,2.21,2.6,1.77,2.85,2.4,45,2.6,2.9,2.54,3.12,2.55,2.14,,26,1.74,3.2,3.15,3.2,3.17,1.61,Sunderland,Stoke,Sunderland_Stoke_2014
65,4.7,3.75,1.82,3.3,1.75,4.33,,1.93,3.4,4.31,4.2,4.33,,3.65,1.9,1.92,3.7,4.44,1.87,44,1.91,-0.5,2.04,1.91,1.92,4.0,1.96,45,1.91,4.5,2.08,3.6,1.92,2.0,,23,1.87,4.4,3.5,3.5,3.52,1.9,Swansea,Newcastle,Swansea_Newcastle_2014
66,6.0,4.2,2.06,3.6,1.67,5.0,,1.7,3.75,5.4,5.5,5.25,,4.1,1.66,1.67,4.2,5.64,1.66,41,1.67,-1.0,1.79,1.67,2.22,5.25,1.75,44,1.72,5.0,1.83,4.1,1.67,1.74,,25,2.14,5.5,3.6,4.0,3.83,2.15,Chelsea,Arsenal,Chelsea_Arsenal_2014
67,5.8,4.3,2.36,3.6,1.7,5.25,,1.7,4.0,5.26,5.5,5.25,,4.19,1.66,1.67,4.2,5.62,1.65,35,1.67,-1.0,1.86,1.67,2.13,5.25,1.57,44,1.67,4.7,1.63,4.2,1.66,1.79,,26,2.07,5.4,3.6,4.0,3.9,2.48,Man United,Everton,Man United_Everton_2014
68,3.71,3.55,1.88,3.1,2.1,3.6,,2.25,3.5,3.47,3.4,3.5,,3.45,2.1,2.2,3.5,3.73,2.15,42,2.2,-0.25,2.08,2.25,1.88,3.3,1.9,44,2.2,3.3,2.0,3.5,2.16,2.03,,22,1.84,3.5,3.3,3.4,3.36,2.0,Tottenham,Southampton,Tottenham_Southampton_2014
69,4.56,3.61,1.81,3.3,1.9,4.33,,1.95,3.4,4.23,4.0,4.5,,3.61,1.9,1.95,3.6,4.56,1.9,42,1.91,-0.5,2.03,1.95,1.93,4.25,1.97,44,1.95,3.8,2.05,3.5,1.91,1.98,,22,1.89,4.4,3.45,3.5,3.48,1.9,West Ham,QPR,West Ham_QPR_2014
70,9.2,5.0,2.24,4.0,1.35,8.0,,1.45,4.33,8.03,8.0,9.0,,4.87,1.44,1.4,5.0,8.39,1.41,42,1.4,-1.5,1.78,1.44,2.26,7.0,1.64,46,1.44,7.6,1.7,5.0,1.44,1.72,,25,2.16,8.5,4.8,4.5,4.67,2.36,Arsenal,Hull,Arsenal_Hull_2014
71,2.75,3.45,1.79,3.0,2.6,2.75,,2.88,3.2,2.63,2.7,2.7,,3.37,2.75,2.88,3.4,2.7,2.75,45,2.8,0.0,1.92,2.8,2.04,2.7,2.01,46,2.8,2.6,2.12,3.3,2.83,1.87,,27,1.98,2.7,3.2,3.3,3.29,1.86,Burnley,West Ham,Burnley_West Ham_2014
72,1.46,4.9,2.03,4.0,7.3,1.4,,8.9,4.25,1.43,1.44,1.44,,4.68,8.5,8.5,4.75,1.45,7.96,44,8.5,1.5,2.38,8.0,1.74,1.44,1.77,46,7.0,1.4,1.85,4.6,8.5,2.27,,24,1.66,1.45,4.4,4.75,4.51,2.11,Crystal Palace,Chelsea,Crystal Palace_Chelsea_2014
73,6.76,4.29,2.03,3.6,1.65,5.5,,1.65,3.7,6.2,6.0,6.5,,4.29,1.61,1.62,4.0,6.76,1.58,43,1.6,-1.0,1.94,1.62,2.04,5.5,1.77,46,1.62,5.1,1.85,4.0,1.56,1.88,,28,1.99,6.5,3.6,4.0,3.96,2.12,Everton,Aston Villa,Everton_Aston Villa_2014
74,8.2,4.8,2.29,4.0,1.45,6.5,,1.5,4.33,7.29,7.0,8.0,,4.79,1.5,1.5,4.75,7.77,1.46,39,1.45,-1.0,2.28,1.5,1.75,7.0,1.6,46,1.5,7.0,1.67,4.6,1.47,2.19,,24,1.71,7.0,4.0,4.5,4.49,2.4,Man City,Tottenham,Man City_Tottenham_2014
75,3.5,3.65,2.09,3.1,2.1,3.5,,2.28,3.3,3.31,3.5,3.3,,3.59,2.15,2.25,3.6,3.31,2.19,43,2.25,-0.25,2.02,2.2,1.96,3.25,1.73,46,2.2,3.3,1.83,3.6,2.25,1.95,,25,1.91,3.3,3.3,3.4,3.45,2.24,Newcastle,Leicester,Newcastle_Leicester_2014
76,7.2,4.15,1.82,3.4,1.65,6.0,,1.65,3.75,6.56,6.5,7.0,,4.12,1.61,1.62,4.0,6.79,1.57,45,1.57,-1.0,1.96,1.62,2.02,5.25,1.97,46,1.62,5.1,2.1,4.0,1.59,1.9,,28,1.96,6.5,3.6,3.8,3.88,1.89,Southampton,Sunderland,Southampton_Sunderland_2014
77,1.65,4.35,2.15,3.6,5.1,1.61,,6.5,4.0,1.58,1.62,1.6,,4.3,5.5,6.25,4.2,1.58,5.98,43,6.0,1.0,2.04,6.0,1.95,1.62,1.68,45,5.75,1.65,1.76,4.2,6.52,1.96,,27,1.9,1.6,3.6,4.0,4.03,2.3,QPR,Liverpool,QPR_Liverpool_2014
78,3.15,3.35,1.7,3.0,2.4,3.1,,2.55,3.25,2.99,3.0,3.1,,3.31,2.37,2.55,3.3,3.07,2.46,44,2.5,-0.25,1.8,2.5,2.17,3.0,2.13,46,2.5,2.85,2.22,3.3,2.55,1.77,,24,2.12,3.0,3.2,3.3,3.24,1.77,Stoke,Swansea,Stoke_Swansea_2014
79,1.78,4.1,2.07,3.4,4.7,1.7,,5.2,4.1,1.73,1.75,1.75,,3.97,5.0,5.0,4.0,1.75,4.83,44,5.0,1.0,2.35,5.0,1.71,1.75,1.73,46,4.5,1.7,1.82,3.9,5.05,2.26,,24,1.66,1.75,3.6,4.0,3.83,2.2,West Brom,Man United,West Brom_Man United_2014
80,9.0,5.0,2.32,4.5,1.4,7.5,,1.47,4.25,7.75,7.0,8.0,,4.84,1.44,1.45,4.75,8.29,1.43,37,1.44,-1.5,1.76,1.4,2.26,7.0,1.59,44,1.45,6.8,1.63,4.75,1.44,1.72,,25,2.18,8.0,4.6,4.5,4.55,2.48,Liverpool,Hull,Liverpool_Hull_2014
81,6.5,4.18,1.87,3.6,1.6,6.0,,1.65,3.75,5.99,5.5,6.0,,4.1,1.6,1.62,4.0,5.94,1.6,44,1.65,-1.0,1.86,1.6,2.14,6.0,1.92,45,1.65,5.2,2.0,4.0,1.65,1.83,,29,2.04,6.5,3.8,3.8,3.88,1.96,Southampton,Stoke,Southampton_Stoke_2014
82,1.79,3.95,1.93,3.75,4.9,1.7,,5.5,3.7,1.72,1.65,1.73,,3.95,5.0,5.4,3.8,1.74,5.05,44,5.5,1.0,2.4,4.8,1.71,1.72,1.87,45,5.25,1.65,1.96,3.8,5.21,2.31,,25,1.65,1.73,3.7,3.75,3.7,2.03,Sunderland,Arsenal,Sunderland_Arsenal_2014
83,4.4,3.75,1.99,3.5,1.85,4.0,,1.95,3.6,4.13,3.6,4.2,,3.72,1.95,1.91,3.7,4.37,1.9,44,1.95,-0.5,2.03,1.95,1.92,4.0,1.82,45,1.95,4.0,1.91,3.7,1.92,1.99,,26,1.89,4.33,3.45,3.5,3.53,2.08,Swansea,Leicester,Swansea_Leicester_2014
84,4.75,3.65,1.78,3.3,1.9,4.0,,1.94,3.4,4.37,4.2,4.5,,3.62,1.9,1.87,3.6,4.65,1.88,44,1.91,-0.5,2.07,1.85,1.91,4.0,2.03,45,1.91,3.8,2.14,3.6,1.89,2.0,,25,1.87,4.75,3.45,3.4,3.46,1.84,West Brom,Crystal Palace,West Brom_Crystal Palace_2014
85,1.57,4.75,2.41,4.0,5.6,1.55,,6.7,4.2,1.53,1.55,1.55,,4.71,5.5,6.5,4.5,1.52,6.07,37,6.5,1.0,1.89,5.5,2.08,1.57,1.54,45,6.0,1.55,1.58,4.5,6.66,1.84,,29,2.02,1.53,3.9,4.33,4.34,2.62,West Ham,Man City,West Ham_Man City_2014
86,1.88,3.81,1.91,3.6,4.2,1.83,,4.8,3.6,1.83,1.75,1.83,,3.81,4.33,4.6,3.75,1.87,4.46,44,4.75,0.5,1.88,4.33,2.08,1.85,1.89,45,4.6,1.8,1.95,3.75,4.49,1.83,,24,2.03,1.85,3.5,3.6,3.56,2.02,Burnley,Everton,Burnley_Everton_2014
87,2.6,3.6,1.95,3.3,2.6,2.4,,3.0,3.5,2.48,2.4,2.5,,3.5,2.8,2.9,3.6,2.55,2.84,44,2.88,0.0,1.87,2.88,2.12,2.55,1.85,45,2.75,2.6,1.93,3.5,2.92,1.81,,28,2.04,2.5,3.2,3.4,3.38,2.1,Man United,Chelsea,Man United_Chelsea_2014
88,5.2,3.95,2.08,3.75,1.7,5.0,,1.8,3.75,4.78,4.4,5.0,,3.93,1.7,1.75,3.9,5.03,1.74,43,1.75,-0.75,1.93,1.7,2.02,4.6,1.74,45,1.8,4.7,1.81,3.9,1.76,1.9,,25,1.97,5.0,3.6,3.8,3.74,2.22,Tottenham,Newcastle,Tottenham_Newcastle_2014
89,3.45,3.32,1.62,3.1,2.3,3.0,,2.4,3.3,3.23,3.1,3.4,,3.32,2.4,2.38,3.25,3.45,2.33,41,2.38,-0.25,1.94,2.3,2.03,3.1,2.27,43,2.4,2.9,2.4,3.25,2.33,1.89,,23,1.99,3.4,3.3,3.2,3.2,1.7,QPR,Aston Villa,QPR_Aston Villa_2014
90,14.0,6.5,2.42,5.0,1.3,13.0,,1.3,5.5,11.61,12.0,14.0,,6.21,1.25,1.29,6.5,13.23,1.27,40,1.25,-1.5,2.15,1.29,1.88,9.5,1.55,46,1.28,9.0,1.6,6.0,1.28,2.05,,28,1.81,12.0,5.0,6.0,5.81,2.68,Arsenal,Burnley,Arsenal_Burnley_2014
91,21.0,8.61,2.58,6.5,1.17,19.0,,1.19,6.25,16.97,19.0,21.0,,7.8,1.18,1.18,8.5,19.99,1.17,38,1.17,-2.0,2.1,1.17,1.93,15.0,1.48,46,1.18,14.0,1.53,8.0,1.19,1.99,,28,1.87,19.0,6.5,7.5,7.6,2.9,Chelsea,QPR,Chelsea_QPR_2014
92,5.5,3.9,2.02,3.25,1.72,5.0,,1.76,3.6,5.15,5.5,5.25,,3.85,1.75,1.73,3.8,5.39,1.72,44,1.75,-1.0,1.7,1.75,2.39,4.5,1.78,46,1.75,4.6,1.88,3.8,1.74,1.66,,25,2.28,5.4,3.6,3.8,3.64,2.12,Everton,Swansea,Everton_Swansea_2014
93,2.1,3.6,1.82,3.1,3.3,2.05,,4.1,3.3,2.01,2.1,2.05,,3.61,3.8,4.1,3.6,2.03,3.85,45,3.8,0.5,2.04,3.75,1.93,2.05,1.98,46,3.6,2.1,2.08,3.6,4.01,2.0,,25,1.87,2.0,3.3,3.5,3.42,1.88,Hull,Southampton,Hull_Southampton_2014
94,3.4,3.5,1.94,3.2,2.2,3.4,,2.38,3.3,3.2,3.1,3.3,,3.46,2.25,2.38,3.5,3.27,2.27,45,2.3,-0.25,1.95,2.38,2.01,3.0,1.85,46,2.3,3.1,1.95,3.5,2.35,1.9,,25,1.97,3.2,3.3,3.4,3.37,2.01,Leicester,West Brom,Leicester_West Brom_2014
95,2.08,3.75,2.07,3.2,3.6,2.05,,3.85,3.5,2.01,2.05,2.0,,3.74,3.75,3.8,3.75,2.05,3.72,43,3.8,0.5,2.05,3.8,1.91,2.05,1.75,45,3.75,2.0,1.84,3.6,3.77,2.0,,24,1.87,2.05,3.3,3.6,3.54,2.2,Newcastle,Liverpool,Newcastle_Liverpool_2014
96,3.25,3.5,1.76,3.1,2.25,3.1,,2.45,3.2,3.12,3.1,3.25,,3.37,2.4,2.4,3.4,3.22,2.36,44,2.38,0.0,2.31,2.4,1.72,2.95,2.05,46,2.4,3.1,2.19,3.4,2.42,2.23,,25,1.68,3.2,3.2,3.4,3.29,1.82,Stoke,West Ham,Stoke_West Ham_2014
97,2.1,3.6,1.81,3.1,3.3,2.1,,3.9,3.5,2.05,2.1,2.1,,3.53,3.6,3.9,3.6,2.08,3.72,44,3.75,0.5,2.09,3.8,1.89,2.1,2.0,46,3.6,2.1,2.1,3.4,3.89,2.03,,25,1.84,2.1,3.3,3.5,3.4,1.94,Aston Villa,Tottenham,Aston Villa_Tottenham_2014
98,4.33,3.95,2.32,3.3,1.9,3.8,,1.95,3.75,4.07,4.2,4.33,,3.81,1.95,1.95,3.75,4.33,1.88,40,1.91,-0.5,2.04,1.91,1.92,4.0,1.6,46,1.91,4.0,1.65,3.8,1.9,1.98,,25,1.89,4.0,3.3,3.75,3.65,2.54,Man City,Man United,Man City_Man United_2014
99,4.0,3.5,1.73,3.1,2.1,3.6,,2.15,3.4,3.73,3.6,3.8,,3.48,2.15,2.1,3.5,3.96,2.07,44,2.1,-0.5,1.86,2.15,2.08,3.7,2.09,46,2.1,3.3,2.17,3.4,2.08,1.82,,25,2.06,4.0,3.3,3.4,3.35,1.81,Crystal Palace,Sunderland,Crystal Palace_Sunderland_2014
100,3.1,3.4,1.73,3.0,2.6,2.9,,2.6,3.2,2.91,2.9,3.0,,3.36,2.5,2.6,3.4,3.07,2.49,43,2.5,-0.25,1.83,2.6,2.16,2.8,2.1,44,2.5,2.6,2.2,3.25,2.52,1.78,,24,2.1,3.0,3.2,3.3,3.28,1.8,Burnley,Hull,Burnley_Hull_2014
101,2.34,3.5,1.89,3.0,3.2,2.3,,3.5,3.25,2.26,2.3,2.3,,3.46,3.25,3.3,3.4,2.31,3.27,43,3.4,0.25,2.01,3.4,1.97,2.3,1.91,43,3.1,2.2,1.98,3.5,3.36,1.95,,25,1.92,2.3,3.2,3.4,3.32,1.97,Liverpool,Chelsea,Liverpool_Chelsea_2014
102,12.1,6.0,2.44,4.8,1.35,9.5,,1.35,5.5,10.42,10.0,11.0,,5.87,1.33,1.3,6.0,12.0,1.3,38,1.3,-1.5,2.1,1.33,1.89,7.6,1.54,44,1.32,7.6,1.6,6.0,1.3,2.04,,29,1.83,11.5,4.8,5.5,5.53,2.58,Man United,Crystal Palace,Man United_Crystal Palace_2014
103,1.53,4.9,2.39,4.0,7.0,1.53,,7.6,4.2,1.47,1.5,1.5,,4.73,6.0,7.0,4.75,1.5,6.74,37,7.0,1.0,1.79,7.0,2.25,1.5,1.56,44,6.0,1.45,1.64,4.6,7.14,1.74,,26,2.15,1.5,4.0,4.33,4.5,2.53,QPR,Man City,QPR_Man City_2014
104,9.0,4.9,2.15,4.0,1.5,7.5,,1.5,4.5,7.92,8.0,8.0,,4.83,1.44,1.4,4.75,8.54,1.43,40,1.44,-1.25,1.97,1.44,2.02,6.5,1.69,44,1.44,6.1,1.75,4.75,1.44,1.91,,25,1.96,9.0,4.0,4.5,4.5,2.25,Southampton,Leicester,Southampton_Leicester_2014
105,5.6,3.88,1.86,3.4,1.75,5.0,,1.76,3.6,5.19,5.0,5.5,,3.73,1.75,1.75,3.75,5.52,1.72,44,1.75,-0.75,2.01,1.75,1.96,4.6,1.94,44,1.75,4.5,2.04,3.75,1.75,1.96,,25,1.92,5.4,3.5,3.6,3.64,1.92,West Ham,Aston Villa,West Ham_Aston Villa_2014
106,2.09,3.55,1.88,3.2,3.6,2.05,,4.1,3.3,2.02,2.05,2.05,,3.48,3.6,4.0,3.5,2.05,3.82,44,4.0,0.5,2.09,3.8,1.9,2.05,1.92,43,3.6,2.0,2.0,3.5,4.07,2.01,,25,1.86,2.05,3.3,3.5,3.4,1.95,Sunderland,Everton,Sunderland_Everton_2014
107,2.22,3.55,1.87,3.1,3.3,2.05,,3.75,3.3,2.14,2.2,2.1,,3.5,3.6,3.6,3.5,2.19,3.5,43,3.75,0.25,1.92,3.5,2.07,2.15,1.92,44,3.3,2.1,2.02,3.4,3.59,1.86,,24,2.02,2.2,3.3,3.5,3.36,1.95,Swansea,Arsenal,Swansea_Arsenal_2014
108,6.0,4.0,1.83,3.4,1.6,5.5,,1.73,3.6,5.48,5.5,5.5,,3.91,1.66,1.7,4.0,5.81,1.67,44,1.7,-1.0,1.75,1.7,2.3,5.0,1.96,44,1.7,5.4,2.08,3.8,1.69,1.7,,25,2.2,5.75,3.7,3.75,3.72,1.91,Tottenham,Stoke,Tottenham_Stoke_2014
109,3.5,3.5,1.81,3.1,2.4,3.1,,2.4,3.3,3.26,3.3,3.3,,3.45,2.3,2.25,3.5,3.47,2.26,44,2.3,-0.25,2.0,2.3,1.97,3.0,1.99,44,2.3,2.85,2.1,3.4,2.26,1.94,,25,1.93,3.5,3.2,3.4,3.34,1.9,West Brom,Newcastle,West Brom_Newcastle_2014
110,3.6,3.75,2.13,3.0,2.3,3.4,,2.3,3.25,3.4,3.6,3.5,,3.67,2.2,2.15,3.6,3.51,2.15,42,2.15,-0.25,2.08,2.2,1.88,3.2,1.71,45,2.2,2.9,1.77,3.5,2.16,2.03,,26,1.84,3.6,3.3,3.4,3.46,2.24,Arsenal,Man United,Arsenal_Man United_2014
111,17.0,7.0,2.32,5.0,1.2,15.0,,1.26,5.75,13.88,15.0,15.0,,6.64,1.22,1.25,6.5,15.21,1.23,37,1.25,-1.75,1.98,1.25,2.0,10.5,1.59,47,1.25,12.5,1.67,6.5,1.24,1.94,,26,1.93,15.0,6.0,6.5,6.22,2.48,Chelsea,West Brom,Chelsea_West Brom_2014
112,4.8,3.85,2.15,3.0,1.75,4.33,,1.91,3.6,4.46,4.8,4.5,,3.82,1.83,1.87,3.8,4.59,1.83,43,1.85,-0.5,2.1,1.91,1.86,4.0,1.69,47,1.85,4.5,1.76,3.75,1.85,2.05,,26,1.83,4.5,3.5,3.75,3.6,2.25,Everton,West Ham,Everton_West Ham_2014
113,4.0,3.6,1.78,2.9,2.25,3.6,,2.25,3.4,3.69,4.0,3.8,,3.51,2.1,2.15,3.5,3.87,2.1,44,2.1,-0.5,1.85,2.15,2.12,3.2,2.02,45,2.15,3.0,2.11,3.4,2.1,1.81,,26,2.08,3.75,3.3,3.4,3.34,1.89,Leicester,Sunderland,Leicester_Sunderland_2014
114,9.5,5.5,2.56,4.33,1.35,7.5,,1.43,4.6,8.24,9.0,8.5,,5.36,1.4,1.4,5.25,8.85,1.37,35,1.4,-1.5,1.87,1.4,2.1,7.5,1.49,47,1.4,7.6,1.55,5.0,1.39,1.82,,28,2.05,9.0,4.8,5.0,5.01,2.75,Man City,Swansea,Man City_Swansea_2014
115,4.9,3.75,1.89,3.1,1.75,4.5,,1.91,3.4,4.56,4.5,4.75,,3.71,1.8,1.83,3.75,4.75,1.82,44,1.83,-0.75,1.84,1.91,2.11,3.9,1.91,47,1.91,4.5,2.02,3.7,1.85,1.81,,25,2.07,4.8,3.5,3.6,3.55,1.95,Newcastle,QPR,Newcastle_QPR_2014
116,6.0,3.9,1.78,3.1,1.65,5.0,,1.74,3.6,5.49,6.0,5.75,,3.89,1.73,1.73,3.8,5.9,1.69,43,1.7,-0.75,2.05,1.73,1.92,4.75,2.03,45,1.72,5.1,2.12,3.75,1.68,2.0,,26,1.88,5.5,3.6,3.75,3.66,1.85,Stoke,Burnley,Stoke_Burnley_2014
117,1.95,3.74,1.84,3.0,4.5,1.9,,4.7,3.6,1.86,1.95,1.91,,3.74,4.2,4.4,3.7,1.86,4.41,43,4.33,0.5,1.9,4.5,2.08,1.91,1.96,44,3.7,1.75,2.05,3.6,4.65,1.86,,24,2.02,1.9,3.5,3.6,3.5,1.92,Crystal Palace,Liverpool,Crystal Palace_Liverpool_2014
118,2.25,3.5,1.81,2.87,3.3,2.2,,3.72,3.3,2.16,2.25,2.2,,3.46,3.4,3.7,3.4,2.16,3.48,44,3.6,0.25,1.89,3.6,2.08,2.2,2.0,45,3.25,2.1,2.08,3.4,3.72,1.85,,26,2.02,2.15,3.3,3.4,3.33,1.89,Hull,Tottenham,Hull_Tottenham_2014
119,1.8,3.8,1.75,3.2,4.2,1.8,,5.54,3.6,1.74,1.8,1.75,,3.79,4.5,5.4,3.75,1.74,5.02,41,5.25,0.75,2.0,5.0,1.96,1.78,2.07,43,4.33,1.8,2.17,3.75,5.54,1.96,,24,1.91,1.75,3.5,3.5,3.59,1.82,Aston Villa,Southampton,Aston Villa_Southampton_2014
120,3.9,3.4,1.62,3.1,2.1,3.3,,2.23,3.2,3.58,3.5,3.75,,3.38,2.2,2.15,3.4,3.85,2.14,44,2.15,-0.25,2.08,2.2,1.87,3.25,2.28,45,2.2,3.3,2.38,3.25,2.15,2.04,,26,1.84,3.9,3.3,3.25,3.28,1.74,Burnley,Aston Villa,Burnley_Aston Villa_2014
121,5.5,4.0,1.94,3.5,1.7,5.0,,1.77,4.0,5.11,5.0,5.0,,3.91,1.66,1.7,4.0,5.31,1.69,45,1.73,-0.75,2.01,1.73,1.97,4.75,1.86,44,1.75,4.7,1.96,3.9,1.74,1.97,,26,1.9,5.5,3.6,4.0,3.77,2.0,Liverpool,Stoke,Liverpool_Stoke_2014
122,11.0,6.0,2.34,5.0,1.25,10.0,,1.36,5.25,9.7,9.0,10.0,,5.65,1.28,1.33,5.75,10.75,1.31,39,1.33,-1.5,2.0,1.33,1.99,9.25,1.58,45,1.36,10.3,1.65,5.5,1.33,1.95,,30,1.92,10.5,5.5,5.5,5.36,2.56,Man United,Hull,Man United_Hull_2014
123,3.45,3.43,1.75,3.1,2.2,3.2,,2.4,3.2,3.22,3.2,3.25,,3.41,2.25,2.3,3.4,3.38,2.29,45,2.38,-0.25,1.95,2.38,2.01,3.0,2.06,45,2.38,3.1,2.16,3.4,2.32,1.91,,26,1.97,3.4,3.3,3.4,3.3,1.86,QPR,Leicester,QPR_Leicester_2014
124,1.43,5.12,2.02,4.5,7.3,1.4,,10.2,5.0,1.38,1.4,1.4,,5.12,8.0,9.5,5.0,1.38,8.91,46,9.0,1.5,2.2,8.0,1.82,1.4,1.79,46,8.0,1.4,1.87,5.0,10.2,2.11,,27,1.77,1.36,4.4,4.33,4.69,2.16,Sunderland,Chelsea,Sunderland_Chelsea_2014
125,5.2,3.75,1.82,3.4,1.75,4.8,,1.85,3.6,4.8,4.5,5.0,,3.73,1.75,1.8,3.75,5.04,1.78,46,1.8,-0.75,1.88,1.83,2.07,4.1,1.98,45,1.83,4.5,2.06,3.6,1.81,1.85,,26,2.02,5.2,3.5,3.5,3.57,1.9,Swansea,Crystal Palace,Swansea_Crystal Palace_2014
126,1.9,3.8,1.94,3.3,3.8,1.85,,4.8,3.8,1.83,1.85,1.85,,3.7,4.2,4.6,3.8,1.86,4.46,46,4.5,0.5,1.86,4.5,2.11,1.9,1.86,45,4.2,1.9,1.96,3.75,4.68,1.83,,26,2.05,1.85,3.45,3.6,3.56,2.05,West Brom,Arsenal,West Brom_Arsenal_2014
127,3.76,3.55,1.82,3.1,2.25,3.4,,2.25,3.3,3.56,3.5,3.6,,3.54,2.15,2.15,3.5,3.76,2.12,46,2.15,-0.25,2.12,2.2,1.85,3.3,1.98,45,2.2,3.0,2.06,3.5,2.12,2.07,,26,1.82,3.7,3.3,3.4,3.34,1.94,West Ham,Newcastle,West Ham_Newcastle_2014
128,2.44,3.6,1.96,3.0,3.1,2.3,,3.25,3.4,2.33,2.38,2.3,,3.5,3.1,3.1,3.6,2.44,3.1,46,3.2,0.25,2.1,3.2,1.89,2.35,1.83,46,3.2,2.2,1.92,3.5,3.08,2.03,,26,1.85,2.4,3.3,3.5,3.35,2.03,Southampton,Man City,Southampton_Man City_2014
129,3.39,3.65,2.02,3.0,2.3,3.2,,2.38,3.4,3.21,3.2,3.25,,3.58,2.3,2.3,3.6,3.39,2.26,46,2.25,-0.25,2.0,2.38,2.02,3.2,1.79,46,2.35,2.9,1.86,3.5,2.24,1.93,,26,1.94,3.3,3.3,3.5,3.39,2.1,Tottenham,Everton,Tottenham_Everton_2014
130,2.8,3.35,1.7,3.0,2.65,2.62,,2.9,3.1,2.65,2.75,2.75,,3.29,2.8,2.8,3.3,2.72,2.78,44,2.8,0.0,1.92,2.8,2.05,2.75,2.13,46,2.8,2.5,2.24,3.2,2.87,1.87,,29,1.98,2.8,3.3,3.25,3.23,1.8,Burnley,Newcastle,Burnley_Newcastle_2014
131,4.2,3.45,1.66,3.1,2.0,3.75,,2.15,3.2,3.86,3.8,4.0,,3.42,2.15,2.15,3.4,4.05,2.06,46,2.1,-0.5,1.86,2.15,2.11,3.6,2.2,48,2.1,3.6,2.31,3.25,2.08,1.83,,28,2.06,4.0,3.3,3.3,3.32,1.73,Crystal Palace,Aston Villa,Crystal Palace_Aston Villa_2014
132,2.1,3.65,2.02,3.1,3.6,2.05,,3.85,3.5,2.05,2.1,2.05,,3.58,3.75,3.7,3.6,2.09,3.71,43,3.8,0.5,2.1,3.75,1.86,2.1,1.78,44,3.6,2.0,1.85,3.6,3.8,2.04,,26,1.84,2.1,3.3,3.6,3.47,2.12,Leicester,Liverpool,Leicester_Liverpool_2014
133,9.1,4.8,2.02,3.6,1.4,7.5,,1.5,4.25,7.9,8.0,8.5,,4.7,1.44,1.45,4.5,8.65,1.44,41,1.45,-1.0,2.3,1.5,1.78,7.25,1.78,43,1.44,7.3,1.87,4.5,1.44,2.18,,26,1.72,8.0,4.4,4.5,4.45,2.1,Man United,Stoke,Man United_Stoke_2014
134,5.9,3.95,1.92,3.4,1.8,5.0,,1.8,3.5,5.18,5.0,5.5,,3.96,1.75,1.75,3.8,5.38,1.71,44,1.73,-0.75,2.02,1.75,1.93,4.75,1.88,45,1.75,4.2,1.95,3.75,1.72,1.98,,26,1.9,5.4,3.5,3.75,3.7,2.0,Swansea,QPR,Swansea_QPR_2014
135,3.2,3.4,1.77,3.0,2.5,3.0,,2.55,3.25,2.99,3.0,3.0,,3.33,2.4,2.55,3.4,3.06,2.46,44,2.5,0.0,2.17,2.5,1.8,3.0,2.03,45,2.5,2.65,2.11,3.3,2.54,2.12,,28,1.75,3.0,3.3,3.3,3.28,1.86,West Brom,West Ham,West Brom_West Ham_2014
136,5.02,3.85,1.91,3.4,1.8,4.5,,1.83,3.7,4.76,4.6,5.0,,3.86,1.8,1.8,3.75,5.02,1.77,45,1.8,-0.75,1.92,1.8,2.07,4.75,1.89,46,1.8,4.2,1.96,3.75,1.78,1.86,,27,2.01,5.0,3.5,3.6,3.64,1.99,Arsenal,Southampton,Arsenal_Southampton_2014
137,9.5,5.0,2.14,4.2,1.4,8.0,,1.45,4.75,8.05,9.0,9.0,,4.93,1.4,1.44,5.0,8.02,1.41,43,1.4,-1.5,1.76,1.4,2.33,8.5,1.7,46,1.4,7.3,1.75,4.8,1.44,1.69,,27,2.22,8.0,4.4,4.75,4.67,2.26,Chelsea,Tottenham,Chelsea_Tottenham_2014
138,7.8,4.41,2.0,3.6,1.55,6.0,,1.56,3.8,6.83,7.0,7.0,,4.41,1.55,1.55,4.33,7.8,1.51,45,1.53,-1.0,2.08,1.55,1.91,6.0,1.8,46,1.55,5.5,1.86,4.0,1.5,2.01,,31,1.86,7.0,4.0,4.0,4.1,2.1,Everton,Hull,Everton_Hull_2014
139,1.53,4.67,2.25,3.8,6.1,1.53,,7.7,4.1,1.49,1.53,1.5,,4.67,6.0,7.0,4.5,1.5,6.8,42,7.5,1.0,1.83,6.5,2.18,1.53,1.63,47,7.0,1.5,1.68,4.4,7.23,1.79,,27,2.09,1.5,4.0,4.33,4.33,2.52,Sunderland,Man City,Sunderland_Man City_2014
140,3.33,3.3,1.65,3.1,2.3,3.2,,2.5,3.1,3.1,3.1,3.2,,3.29,2.37,2.45,3.3,3.33,2.39,45,2.45,-0.25,1.89,2.45,2.1,2.85,2.23,48,2.5,3.0,2.38,3.25,2.4,1.83,,27,2.05,3.25,3.2,3.3,3.22,1.73,Hull,West Brom,Hull_West Brom_2014
141,8.0,4.55,1.97,4.0,1.6,6.5,,1.6,4.1,7.0,6.0,7.5,,4.46,1.53,1.5,4.5,7.25,1.49,46,1.5,-1.0,2.15,1.53,1.86,7.0,1.83,47,1.53,5.4,1.92,4.4,1.52,2.08,,30,1.8,8.0,3.7,4.2,4.23,2.06,Liverpool,Sunderland,Liverpool_Sunderland_2014
142,7.3,4.9,2.55,4.0,1.57,6.0,,1.57,4.5,6.46,6.0,7.0,,4.75,1.53,1.5,4.75,6.68,1.5,38,1.5,-1.0,2.2,1.53,1.83,6.0,1.5,46,1.53,5.5,1.55,4.5,1.52,2.13,,30,1.77,6.5,3.8,4.5,4.44,2.75,Man City,Everton,Man City_Everton_2014
143,1.59,4.33,1.87,4.0,5.5,1.55,,7.5,4.0,1.53,1.55,1.53,,4.37,7.0,7.0,4.33,1.55,6.64,45,7.0,1.0,1.98,6.5,2.0,1.55,1.93,47,6.75,1.57,2.0,4.3,6.88,1.92,,30,1.95,1.53,3.8,4.0,4.08,1.94,Newcastle,Chelsea,Newcastle_Chelsea_2014
144,4.2,3.55,1.74,3.25,2.1,3.8,,2.12,3.2,3.81,3.6,4.0,,3.38,2.1,2.05,3.5,4.1,2.04,44,2.05,-0.5,1.9,2.1,2.08,3.5,2.09,46,2.1,3.3,2.16,3.4,2.08,1.86,,26,2.02,4.0,3.3,3.4,3.37,1.81,QPR,Burnley,QPR_Burnley_2014
145,2.05,3.6,1.8,3.2,3.8,2.0,,4.2,3.3,1.97,2.0,2.0,,3.48,4.0,4.2,3.6,2.02,3.97,45,4.0,0.5,2.02,4.0,1.93,2.0,2.0,48,3.75,1.9,2.1,3.5,4.2,1.97,,27,1.9,2.0,3.45,3.5,3.45,1.87,Stoke,Arsenal,Stoke_Arsenal_2014
146,6.5,4.33,2.04,3.6,1.57,5.5,,1.65,3.75,5.89,6.0,6.0,,4.19,1.61,1.62,4.2,6.13,1.59,47,1.6,-1.0,1.86,1.62,2.12,5.25,1.77,48,1.62,5.5,1.89,4.2,1.62,1.82,,31,2.05,6.0,3.8,4.0,3.95,2.12,Tottenham,Crystal Palace,Tottenham_Crystal Palace_2014
147,3.3,3.4,1.75,3.1,2.2,3.3,,2.45,3.2,3.13,3.1,3.2,,3.4,2.3,2.45,3.4,3.28,2.34,46,2.4,-0.25,1.9,2.4,2.08,3.2,2.06,48,2.4,3.1,2.15,3.3,2.37,1.85,,27,2.02,3.2,3.3,3.3,3.3,1.83,Aston Villa,Leicester,Aston Villa_Leicester_2014
148,3.25,3.5,1.78,3.1,2.2,3.1,,2.45,3.4,3.09,3.1,3.25,,3.43,2.37,2.38,3.4,3.17,2.35,46,2.35,-0.25,1.9,2.4,2.08,3.0,2.02,48,2.4,3.1,2.13,3.4,2.42,1.86,,27,2.01,3.25,3.3,3.3,3.32,1.85,West Ham,Swansea,West Ham_Swansea_2014
149,2.7,3.5,1.88,3.25,2.9,2.5,,2.9,3.25,2.61,2.7,2.7,,3.45,2.8,2.8,3.4,2.68,2.73,46,2.8,0.0,1.94,2.8,2.03,2.7,1.91,47,2.8,2.3,2.0,3.4,2.8,1.89,,27,1.97,2.7,3.3,3.4,3.33,1.99,Southampton,Man United,Southampton_Man United_2014
150,8.5,4.95,2.17,4.0,1.45,7.0,,1.48,4.33,7.62,8.0,8.0,,4.95,1.45,1.45,4.75,7.88,1.43,42,1.44,-1.5,1.77,1.44,2.21,6.5,1.68,47,1.45,7.0,1.75,4.8,1.45,1.73,,27,2.16,8.0,4.0,4.5,4.56,2.28,Arsenal,Newcastle,Arsenal_Newcastle_2014
151,1.82,3.85,1.75,3.4,4.2,1.8,,5.55,3.5,1.74,1.75,1.73,,3.8,5.0,5.25,3.75,1.74,5.06,44,5.5,0.75,1.98,5.0,1.97,1.75,2.07,47,4.75,1.8,2.15,3.6,5.55,1.95,,26,1.92,1.8,3.5,3.5,3.61,1.82,Burnley,Southampton,Burnley_Southampton_2014
152,21.66,8.2,2.34,6.0,1.17,19.0,,1.2,6.25,17.12,15.0,18.0,,7.92,1.16,1.18,8.0,20.96,1.17,39,1.18,-2.0,2.04,1.2,1.98,15.5,1.59,47,1.18,14.0,1.67,7.5,1.18,1.95,,30,1.92,21.0,6.5,7.5,7.32,2.45,Chelsea,Hull,Chelsea_Hull_2014
153,3.06,3.3,1.63,3.0,2.5,3.0,,2.65,3.25,2.93,2.9,3.0,,3.29,2.5,2.62,3.25,3.06,2.53,42,2.6,0.0,2.16,2.62,1.81,2.85,2.27,47,2.62,2.75,2.38,3.2,2.57,2.1,,28,1.78,3.0,3.2,3.2,3.18,1.68,Crystal Palace,Stoke,Crystal Palace_Stoke_2014
154,1.53,4.8,2.55,4.33,7.0,1.5,,7.5,4.6,1.48,1.5,1.5,,4.74,6.5,7.0,4.75,1.51,6.55,38,7.0,1.25,2.14,6.0,1.84,1.5,1.5,47,5.5,1.45,1.57,4.75,6.77,2.07,,26,1.81,1.5,4.0,4.5,4.52,2.75,Leicester,Man City,Leicester_Man City_2014
155,2.63,3.45,1.79,3.0,2.6,2.6,,3.0,3.25,2.52,2.62,2.55,,3.41,2.8,3.0,3.4,2.55,2.87,46,2.95,0.0,1.83,2.9,2.15,2.62,2.02,47,2.85,2.6,2.1,3.3,2.98,1.8,,28,2.08,2.62,3.2,3.3,3.29,1.87,Sunderland,West Ham,Sunderland_West Ham_2014
156,3.96,3.4,1.62,3.1,2.3,3.5,,2.3,3.25,3.71,3.6,3.8,,3.37,2.15,2.15,3.4,3.92,2.11,41,2.15,-0.5,1.83,2.15,2.15,3.4,2.29,47,2.15,3.0,2.44,3.3,2.14,1.8,,25,2.09,3.9,3.2,3.3,3.27,1.68,West Brom,Aston Villa,West Brom_Aston Villa_2014
157,4.85,3.94,2.03,3.3,1.8,4.33,,1.88,3.6,4.49,4.5,4.75,,3.94,1.8,1.85,3.8,4.55,1.81,44,1.8,-0.75,1.87,1.85,2.08,4.5,1.78,46,1.85,4.2,1.83,3.75,1.83,1.84,,26,2.03,4.6,3.5,3.8,3.67,2.14,Man United,Liverpool,Man United_Liverpool_2014
158,3.1,3.5,1.87,3.0,2.6,2.8,,2.6,3.25,2.91,3.0,3.0,,3.47,2.5,2.5,3.4,3.02,2.47,46,2.5,0.0,2.19,2.5,1.8,2.75,1.93,47,2.5,2.6,2.04,3.4,2.5,2.11,,26,1.76,3.0,3.2,3.4,3.33,1.92,Swansea,Tottenham,Swansea_Tottenham_2014
159,8.5,4.75,2.05,4.0,1.5,7.5,,1.5,4.25,7.54,8.0,8.5,,4.65,1.44,1.45,4.5,7.9,1.45,43,1.45,-1.0,2.23,1.44,1.77,6.75,1.76,45,1.45,6.1,1.85,4.5,1.47,2.16,,26,1.73,8.5,4.0,4.5,4.41,2.12,Everton,QPR,Everton_QPR_2014
160,1.65,4.2,1.86,3.6,5.4,1.6,,6.6,3.9,1.59,1.62,1.62,,4.2,6.0,6.5,4.0,1.61,6.11,45,6.25,1.0,2.2,6.0,1.88,1.62,1.94,46,6.0,1.6,2.01,4.0,6.25,2.03,,30,1.84,1.62,3.7,4.0,3.9,1.95,Aston Villa,Man United,Aston Villa_Man United_2014
161,2.6,3.35,1.65,3.1,2.75,2.6,,3.2,3.25,2.5,2.6,2.5,,3.33,2.87,3.1,3.3,2.53,2.95,43,3.1,0.25,2.16,2.8,1.84,2.6,2.22,46,2.9,2.5,2.31,3.25,3.08,2.1,,26,1.79,2.55,3.2,3.2,3.23,1.74,Hull,Swansea,Hull_Swansea_2014
162,13.0,6.0,2.21,5.0,1.3,10.0,,1.32,5.5,10.84,11.0,12.0,,5.7,1.3,1.3,6.0,12.44,1.29,42,1.29,-1.5,2.02,1.3,1.98,11.0,1.66,47,1.3,9.0,1.73,5.75,1.31,1.95,,31,1.91,12.0,5.0,5.5,5.51,2.42,Man City,Crystal Palace,Man City_Crystal Palace_2014
163,3.3,3.4,1.74,3.2,2.4,3.2,,2.5,3.3,3.06,2.8,3.2,,3.37,2.3,2.45,3.3,3.13,2.4,44,2.45,-0.25,1.88,2.5,2.09,3.0,2.09,46,2.45,2.85,2.2,3.3,2.48,1.85,,26,2.03,3.2,3.2,3.3,3.26,1.82,QPR,West Brom,QPR_West Brom_2014
164,3.13,3.5,1.77,3.2,2.3,3.0,,2.5,3.4,2.98,2.8,3.0,,3.46,2.45,2.45,3.5,3.06,2.41,44,2.45,-0.25,1.85,2.5,2.13,2.9,2.04,46,2.5,2.9,2.15,3.3,2.47,1.81,,26,2.08,3.1,3.3,3.3,3.33,1.85,Southampton,Everton,Southampton_Everton_2014
165,7.7,4.7,2.12,4.0,1.5,6.5,,1.54,4.1,6.88,7.0,7.5,,4.63,1.53,1.5,4.5,7.52,1.49,43,1.5,-1.0,2.16,1.5,1.84,6.25,1.72,46,1.5,6.1,1.77,4.5,1.49,2.08,,30,1.8,7.5,4.0,4.2,4.34,2.3,Tottenham,Burnley,Tottenham_Burnley_2014
166,5.5,4.1,2.18,3.5,1.65,5.5,,1.77,3.5,5.05,5.0,5.0,,4.03,1.7,1.73,3.9,5.2,1.7,43,1.75,-0.75,2.04,1.73,1.93,4.75,1.68,46,1.75,4.9,1.8,3.9,1.72,1.99,,26,1.89,5.4,3.7,3.75,3.82,2.3,West Ham,Leicester,West Ham_Leicester_2014
167,2.63,3.65,2.11,3.1,2.65,2.5,,2.9,3.4,2.53,2.62,2.6,,3.59,2.8,2.8,3.5,2.62,2.77,44,2.8,0.0,1.9,2.8,2.08,2.62,1.72,46,2.75,2.5,1.8,3.5,2.78,1.85,,28,2.01,2.63,3.3,3.4,3.43,2.2,Liverpool,Arsenal,Liverpool_Arsenal_2014
168,4.2,3.5,1.73,3.2,2.0,4.0,,2.14,3.4,3.8,3.6,4.0,,3.44,2.0,2.1,3.5,3.97,2.06,45,2.05,-0.5,1.85,2.1,2.13,3.75,2.09,47,2.1,3.6,2.19,3.4,2.1,1.81,,27,2.08,4.0,3.3,3.4,3.34,1.82,Newcastle,Sunderland,Newcastle_Sunderland_2014
169,1.67,4.1,1.77,3.4,5.0,1.57,,6.6,3.75,1.61,1.67,1.62,,4.1,6.0,6.5,4.0,1.62,5.93,46,6.25,1.0,2.15,6.0,1.88,1.67,2.04,47,5.75,1.6,2.13,4.0,6.21,2.07,,28,1.79,1.62,3.9,4.0,3.83,1.9,Stoke,Chelsea,Stoke_Chelsea_2014
170,14.0,6.5,2.74,5.0,1.28,11.0,,1.31,5.5,11.5,11.0,13.0,,6.4,1.29,1.29,6.0,12.51,1.26,39,1.29,-1.5,2.32,1.28,1.78,9.25,1.44,47,1.29,9.0,1.47,6.0,1.28,2.19,,28,1.71,12.0,5.5,5.5,5.87,2.88,Arsenal,QPR,Arsenal_QPR_2014
171,1.85,3.98,2.04,3.75,4.0,1.83,,4.95,3.5,1.78,1.8,1.8,,3.97,4.5,4.75,3.8,1.79,4.58,42,4.75,0.75,2.04,4.2,1.92,1.83,1.77,46,4.2,1.85,1.86,3.75,4.8,2.0,,27,1.88,1.83,3.45,3.6,3.7,2.15,Burnley,Liverpool,Burnley_Liverpool_2014
172,11.0,5.8,2.27,5.0,1.33,9.0,,1.36,5.0,9.54,9.0,10.0,,5.56,1.33,1.33,5.75,10.33,1.33,40,1.33,-1.5,1.99,1.33,2.01,8.75,1.62,47,1.33,8.0,1.69,5.5,1.35,1.9,,31,1.96,11.0,5.0,5.25,5.26,2.45,Chelsea,West Ham,Chelsea_West Ham_2014
173,2.23,3.4,1.59,3.1,3.2,2.2,,3.9,3.2,2.15,2.2,2.15,,3.4,3.5,3.9,3.4,2.21,3.59,40,3.75,0.25,1.9,3.5,2.07,2.2,2.31,47,3.3,2.2,2.44,3.3,3.66,1.85,,27,2.02,2.15,3.2,3.3,3.27,1.69,Crystal Palace,Southampton,Crystal Palace_Southampton_2014
174,5.1,3.7,1.74,3.5,1.75,5.0,,1.85,3.4,4.72,4.5,5.0,,3.65,1.75,1.83,3.6,5.03,1.8,44,1.83,-0.75,1.86,1.8,2.11,4.33,2.09,46,1.83,4.5,2.2,3.6,1.83,1.82,,27,2.06,5.0,3.5,3.6,3.54,1.81,Everton,Stoke,Everton_Stoke_2014
175,2.12,3.6,2.02,3.1,3.7,2.05,,4.05,3.4,2.06,2.1,2.05,,3.55,3.75,3.7,3.6,2.12,3.63,43,3.8,0.5,2.12,3.75,1.86,2.05,1.78,47,3.5,1.95,1.87,3.5,3.75,2.07,,27,1.81,2.1,3.35,3.5,3.46,2.09,Leicester,Tottenham,Leicester_Tottenham_2014
176,9.5,5.3,2.33,4.33,1.35,8.0,,1.43,4.5,8.53,8.0,9.0,,5.28,1.4,1.36,5.0,9.25,1.38,36,1.4,-1.5,1.89,1.4,2.13,7.5,1.59,47,1.4,7.6,1.65,5.0,1.38,1.8,,28,2.07,9.5,4.8,4.75,4.82,2.56,Man United,Newcastle,Man United_Newcastle_2014
177,4.33,3.4,1.59,3.2,2.0,4.0,,2.11,3.2,3.96,3.75,4.2,,3.37,2.05,2.05,3.4,4.22,2.03,40,2.05,-0.5,1.9,2.05,2.06,3.75,2.33,46,2.05,3.6,2.47,3.3,2.06,1.86,,26,2.02,4.3,3.3,3.3,3.27,1.68,Sunderland,Hull,Sunderland_Hull_2014
178,5.6,3.85,1.74,3.5,1.75,5.0,,1.8,3.4,5.08,5.0,5.25,,3.74,1.75,1.73,3.75,5.32,1.73,43,1.75,-0.75,1.95,1.73,2.0,4.75,2.08,47,1.78,4.5,2.22,3.75,1.77,1.91,,27,1.96,5.5,3.5,3.5,3.62,1.83,Swansea,Aston Villa,Swansea_Aston Villa_2014
179,1.57,4.51,2.02,4.0,7.0,1.53,,7.0,4.2,1.53,1.5,1.53,,4.45,6.5,7.0,4.5,1.55,6.31,44,6.5,1.0,1.96,7.0,2.0,1.53,1.79,47,5.5,1.45,1.86,4.3,6.65,1.92,,31,1.95,1.53,4.0,4.0,4.23,2.1,West Brom,Man City,West Brom_Man City_2014
180,3.5,3.3,1.59,3.1,2.3,3.2,,2.4,3.1,3.28,3.1,3.4,,3.26,2.3,2.38,3.3,3.5,2.3,44,2.35,-0.25,1.96,2.4,2.0,3.1,2.35,47,2.35,3.1,2.5,3.25,2.33,1.9,,27,1.96,3.4,3.1,3.2,3.19,1.67,Aston Villa,Sunderland,Aston Villa_Sunderland_2014
181,3.57,3.4,1.66,3.2,2.2,3.3,,2.31,3.25,3.33,3.3,3.5,,3.38,2.2,2.3,3.4,3.5,2.23,45,2.25,-0.25,2.0,2.25,1.96,3.1,2.21,47,2.25,3.2,2.31,3.3,2.28,1.95,,27,1.92,3.5,3.2,3.25,3.27,1.74,Hull,Leicester,Hull_Leicester_2014
182,25.0,8.7,1.69,6.5,1.17,15.0,,1.19,6.5,17.78,19.0,19.0,,8.55,1.18,1.15,8.0,22.5,1.16,38,1.18,-2.0,2.8,1.17,1.77,15.5,1.45,47,1.18,14.0,1.5,8.5,1.16,2.69,,27,1.72,21.0,6.5,7.0,7.74,1.75,Man City,Burnley,Man City_Burnley_2014
183,2.62,3.45,1.83,3.1,2.75,2.6,,3.0,3.3,2.49,2.62,2.6,,3.42,2.6,3.0,3.4,2.55,2.84,46,2.9,0.0,1.86,2.8,2.15,2.6,1.97,47,2.8,2.4,2.05,3.4,2.98,1.79,,29,2.07,2.5,3.3,3.4,3.33,1.93,Newcastle,Everton,Newcastle_Everton_2014
184,3.25,3.5,1.74,3.1,2.3,3.2,,2.48,3.3,3.09,3.1,3.25,,3.34,2.25,2.45,3.4,3.15,2.35,45,2.38,-0.25,1.86,2.4,2.12,2.85,2.09,47,2.4,2.9,2.19,3.3,2.47,1.83,,27,2.03,3.2,3.3,3.3,3.27,1.8,QPR,Crystal Palace,QPR_Crystal Palace_2014
185,1.88,3.8,1.73,3.3,4.5,1.8,,5.01,3.6,1.81,1.85,1.83,,3.65,4.5,5.0,3.75,1.85,4.62,45,4.75,0.5,1.85,4.5,2.11,1.83,2.09,47,4.6,1.75,2.2,3.6,4.83,1.81,,26,2.06,1.83,3.5,3.75,3.54,1.8,Southampton,Chelsea,Southampton_Chelsea_2014
186,4.8,3.6,1.68,3.1,1.9,4.33,,1.95,3.6,4.38,4.5,4.5,,3.51,1.83,1.93,3.6,4.78,1.88,45,1.91,-0.5,2.04,1.91,1.91,3.7,2.17,47,1.91,3.8,2.28,3.5,1.9,1.99,,27,1.87,4.5,3.45,3.5,3.41,1.76,Stoke,West Brom,Stoke_West Brom_2014
187,2.32,3.62,2.18,3.2,3.1,2.25,,3.4,3.5,2.23,2.25,2.3,,3.62,3.0,3.25,3.6,2.29,3.18,44,3.25,0.25,2.0,3.3,1.96,2.3,1.67,47,3.1,2.25,1.74,3.5,3.25,1.95,,27,1.92,2.3,3.2,3.5,3.43,2.28,Tottenham,Man United,Tottenham_Man United_2014
188,2.22,3.65,2.19,3.3,3.3,2.05,,3.6,3.4,2.12,2.2,2.2,,3.64,3.4,3.5,3.5,2.17,3.41,44,3.5,0.25,1.89,3.3,2.09,2.2,1.67,47,3.1,2.1,1.74,3.6,3.53,1.84,,27,2.03,2.15,3.3,3.6,3.47,2.3,West Ham,Arsenal,West Ham_Arsenal_2014
189,5.8,4.0,1.95,3.5,1.67,5.0,,1.73,4.0,5.31,5.0,5.5,,3.91,1.67,1.7,4.0,5.55,1.67,42,1.7,-0.75,2.05,1.73,1.92,5.0,1.84,44,1.7,5.0,1.92,4.0,1.71,2.0,,25,1.87,5.5,3.55,3.8,3.72,2.04,Liverpool,Swansea,Liverpool_Swansea_2014
190,3.4,3.35,1.56,3.1,2.4,3.3,,2.45,3.2,3.19,3.1,3.3,,3.24,2.38,2.4,3.3,3.33,2.37,43,2.4,-0.25,1.89,2.4,2.07,2.9,2.41,47,2.4,2.95,2.54,3.2,2.43,1.85,,27,2.02,3.4,3.1,3.25,3.19,1.65,Aston Villa,Crystal Palace,Aston Villa_Crystal Palace_2014
191,2.36,3.4,1.69,3.2,2.9,2.3,,3.5,3.3,2.28,2.3,2.3,,3.39,3.4,3.5,3.4,2.3,3.28,45,3.4,0.25,2.02,3.2,1.96,2.3,2.16,47,3.0,2.3,2.25,3.3,3.44,1.96,,27,1.91,2.3,3.3,3.25,3.28,1.76,Hull,Everton,Hull_Everton_2014
192,9.1,5.07,2.35,4.5,1.4,8.0,,1.44,5.0,8.04,8.0,9.0,,5.04,1.44,1.4,5.0,8.38,1.4,38,1.4,-1.5,1.78,1.4,2.24,7.75,1.58,46,1.4,7.3,1.63,5.0,1.42,1.73,,25,2.15,8.5,4.4,4.5,4.71,2.5,Liverpool,Leicester,Liverpool_Leicester_2014
193,17.0,7.1,2.57,5.0,1.25,13.0,,1.27,6.0,13.1,15.0,15.0,,6.87,1.25,1.25,7.0,13.85,1.23,38,1.22,-2.0,1.84,1.25,2.16,10.0,1.49,47,1.25,10.3,1.53,6.5,1.25,1.78,,30,2.1,15.0,5.5,6.0,6.39,2.81,Man City,Sunderland,Man City_Sunderland_2014
194,5.0,3.8,1.91,3.8,1.8,5.0,,1.85,3.5,4.66,4.5,4.75,,3.74,1.75,1.83,3.75,4.88,1.78,46,1.83,-0.75,1.88,1.73,2.09,4.33,1.89,47,1.8,4.2,1.96,3.75,1.83,1.84,,27,2.03,4.8,3.5,3.75,3.64,1.99,Newcastle,Burnley,Newcastle_Burnley_2014
195,2.6,3.44,1.83,3.0,2.65,2.5,,3.1,3.2,2.48,2.5,2.5,,3.44,3.0,3.0,3.4,2.51,2.93,46,3.0,0.0,1.79,3.0,2.19,2.55,1.98,47,2.75,2.5,2.05,3.3,3.02,1.75,,27,2.11,2.55,3.3,3.3,3.28,1.91,QPR,Swansea,QPR_Swansea_2014
196,2.62,3.44,1.81,3.0,2.75,2.5,,3.0,3.3,2.52,2.5,2.6,,3.42,2.88,3.0,3.4,2.6,2.87,46,2.9,0.0,1.86,3.0,2.12,2.6,2.0,47,2.8,2.5,2.09,3.3,2.91,1.82,,29,2.04,2.55,3.2,3.4,3.29,1.91,Southampton,Arsenal,Southampton_Arsenal_2014
197,2.05,3.6,1.78,3.3,3.7,1.95,,4.25,3.4,1.99,1.95,2.0,,3.5,4.0,4.0,3.5,2.03,3.94,46,4.2,0.5,2.04,4.0,1.92,2.0,2.02,47,4.0,1.95,2.11,3.5,4.12,1.99,,27,1.88,2.05,3.35,3.5,3.41,1.86,Stoke,Man United,Stoke_Man United_2014
198,1.85,3.92,1.89,3.25,4.0,1.8,,5.0,3.6,1.77,1.8,1.8,,3.92,4.5,5.0,3.75,1.79,4.71,46,5.0,0.75,2.05,5.0,1.92,1.8,1.91,47,4.25,1.85,1.99,3.75,4.86,2.0,,25,1.87,1.8,3.45,3.6,3.66,1.99,Tottenham,Chelsea,Tottenham_Chelsea_2014
199,4.75,3.75,1.87,3.3,1.85,4.5,,1.91,3.6,4.38,4.5,4.5,,3.71,1.83,1.85,3.75,4.56,1.84,46,1.85,-0.5,2.08,1.85,1.88,4.2,1.93,47,1.8,4.0,2.02,3.7,1.88,2.02,,27,1.85,4.6,3.45,3.6,3.57,1.94,West Ham,West Brom,West Ham_West Brom_2014
200,3.77,3.5,1.78,3.3,2.2,3.4,,2.25,3.25,3.48,3.3,3.6,,3.47,2.2,2.2,3.4,3.7,2.14,44,2.2,-0.25,2.1,2.2,1.89,3.25,2.03,46,2.2,3.2,2.14,3.4,2.16,2.04,,26,1.83,3.6,3.2,3.3,3.36,1.87,Burnley,QPR,Burnley_QPR_2014
201,18.38,7.7,2.38,5.5,1.22,17.0,,1.24,6.0,15.17,15.0,17.0,,7.5,1.2,1.2,7.5,17.8,1.19,36,1.2,-2.0,1.98,1.22,2.05,14.5,1.56,46,1.2,12.0,1.61,7.5,1.2,1.91,,31,1.96,18.0,5.5,6.5,6.84,2.62,Chelsea,Newcastle,Chelsea_Newcastle_2014
202,2.23,3.5,1.74,3.3,3.3,2.15,,3.75,3.3,2.15,2.2,2.2,,3.42,3.6,3.6,3.5,2.19,3.48,44,3.5,0.25,1.91,3.3,2.05,2.3,2.08,46,3.4,2.1,2.19,3.4,3.69,1.86,,26,2.01,2.2,3.3,3.4,3.35,1.88,Crystal Palace,Tottenham,Crystal Palace_Tottenham_2014
203,1.92,3.89,2.14,3.3,3.8,1.85,,4.55,3.4,1.86,1.91,1.85,,3.81,4.33,4.2,3.75,1.86,4.22,44,4.5,0.5,1.89,4.33,2.08,1.9,1.7,46,4.0,1.9,1.76,3.75,4.52,1.85,,27,2.01,1.92,3.45,3.75,3.61,2.28,Everton,Man City,Everton_Man City_2014
204,3.86,3.4,1.62,3.1,2.3,3.5,,2.3,3.2,3.55,3.5,3.6,,3.29,2.2,2.2,3.4,3.89,2.17,42,2.2,-0.25,2.1,2.2,1.9,3.3,2.27,46,2.2,2.9,2.4,3.25,2.18,2.04,,26,1.84,3.8,3.3,3.25,3.24,1.68,Leicester,Aston Villa,Leicester_Aston Villa_2014
205,1.97,3.65,1.85,3.2,4.0,1.95,,4.55,3.5,1.91,1.95,1.91,,3.59,4.0,4.4,3.6,1.91,4.21,44,4.5,0.5,1.93,4.33,2.03,1.91,1.94,45,3.8,1.85,2.04,3.5,4.58,1.9,,26,1.97,1.95,3.45,3.5,3.46,1.94,Sunderland,Liverpool,Sunderland_Liverpool_2014
206,3.54,3.5,1.84,3.2,2.2,3.2,,2.3,3.2,3.32,3.2,3.4,,3.42,2.3,2.25,3.5,3.55,2.22,45,2.25,-0.25,2.02,2.3,1.96,3.2,1.96,46,2.25,3.2,2.06,3.4,2.24,1.97,,26,1.89,3.5,3.2,3.4,3.34,1.97,Swansea,West Ham,Swansea_West Ham_2014
207,4.32,3.4,1.56,3.1,2.0,4.0,,2.1,3.4,3.97,4.0,4.2,,3.32,2.05,2.05,3.4,4.4,2.02,41,2.05,-0.5,1.9,2.05,2.06,3.5,2.41,46,2.05,3.6,2.59,3.4,2.04,1.86,,27,2.02,4.1,3.3,3.25,3.27,1.67,West Brom,Hull,West Brom_Hull_2014
208,8.17,4.9,2.05,4.2,1.45,7.0,,1.5,4.5,7.37,8.0,8.0,,4.58,1.5,1.5,4.75,8.17,1.46,44,1.44,-1.0,2.22,1.44,1.8,7.5,1.76,46,1.48,7.0,1.85,4.5,1.47,2.13,,29,1.76,8.0,4.0,4.33,4.37,2.18,Arsenal,Stoke,Arsenal_Stoke_2014
209,4.95,3.77,1.8,3.4,1.7,4.5,,1.88,3.8,4.54,4.5,4.75,,3.7,1.83,1.83,3.75,4.8,1.81,45,1.83,-0.5,2.11,1.85,1.85,4.25,2.0,46,1.87,4.7,2.11,3.7,1.85,2.06,,26,1.81,4.8,3.6,3.6,3.59,1.93,Man United,Southampton,Man United_Southampton_2014
210,1.94,3.6,1.71,3.3,3.8,1.85,,5.0,3.4,1.87,1.91,1.91,,3.55,4.5,4.75,3.6,1.88,4.48,45,4.5,0.5,1.91,4.33,2.05,1.91,2.12,47,4.0,1.9,2.2,3.4,4.88,1.87,,27,2.0,1.91,3.45,3.5,3.44,1.81,Aston Villa,Liverpool,Aston Villa_Liverpool_2014
211,3.25,3.3,1.6,3.2,2.4,3.2,,2.6,3.25,3.02,2.9,3.1,,3.22,2.4,2.55,3.25,3.13,2.48,45,2.55,0.0,2.17,2.5,1.81,2.9,2.31,48,2.55,2.85,2.43,3.2,2.57,2.11,,29,1.76,3.12,3.2,3.2,3.17,1.68,Burnley,Crystal Palace,Burnley_Crystal Palace_2014
212,3.06,3.4,1.64,3.1,2.5,2.8,,2.68,3.25,2.89,2.8,2.9,,3.27,2.62,2.62,3.3,3.02,2.56,45,2.63,0.0,2.12,2.62,1.87,2.65,2.24,48,2.62,2.75,2.35,3.2,2.61,2.05,,30,1.8,3.0,3.2,3.25,3.2,1.7,Leicester,Stoke,Leicester_Stoke_2014
213,2.45,3.45,1.72,3.1,3.2,2.3,,3.4,3.25,2.34,2.4,2.38,,3.36,3.2,3.3,3.3,2.38,3.17,46,3.3,0.25,2.08,3.1,1.88,2.4,2.1,48,2.9,2.2,2.24,3.3,3.32,2.02,,27,1.84,2.4,3.2,3.4,3.26,1.81,Newcastle,Southampton,Newcastle_Southampton_2014
214,1.67,4.3,2.01,3.6,5.0,1.66,,6.4,4.0,1.61,1.67,1.62,,4.13,5.25,6.0,4.2,1.62,5.77,47,6.0,1.0,2.14,5.5,1.85,1.65,1.79,48,4.75,1.6,1.85,4.2,6.29,2.07,,31,1.8,1.62,3.9,4.0,3.92,2.14,QPR,Man United,QPR_Man United_2014
215,1.59,4.24,1.8,3.6,5.6,1.57,,7.3,3.9,1.55,1.57,1.55,,4.15,6.5,7.0,4.2,1.56,6.64,47,7.0,1.0,2.03,7.0,1.96,1.55,2.0,48,6.0,1.55,2.1,4.1,7.17,1.98,,32,1.89,1.57,3.9,4.0,3.96,1.92,Swansea,Chelsea,Swansea_Chelsea_2014
216,6.4,4.3,2.04,3.6,1.55,5.5,,1.65,3.9,5.86,6.0,6.0,,4.26,1.61,1.6,4.2,6.4,1.59,45,1.62,-1.0,1.92,1.62,2.08,5.0,1.77,48,1.62,5.6,1.85,4.2,1.59,1.84,,32,2.02,6.25,3.9,4.0,3.99,2.16,Tottenham,Sunderland,Tottenham_Sunderland_2014
217,4.65,4.1,2.36,3.8,1.8,4.5,,1.83,3.7,4.38,4.0,4.5,,4.06,1.8,1.8,4.0,4.57,1.79,38,1.8,-0.75,1.9,1.83,2.05,4.1,1.57,48,1.8,4.2,1.62,4.0,1.8,1.87,,27,2.0,4.5,3.5,3.8,3.82,2.6,Man City,Arsenal,Man City_Arsenal_2014
218,5.5,3.75,1.72,3.5,1.75,5.5,,1.8,3.5,5.13,5.0,5.25,,3.62,1.7,1.75,3.75,5.4,1.74,46,1.75,-0.75,1.93,1.75,2.06,4.75,2.11,48,1.75,4.5,2.22,3.7,1.79,1.87,,27,2.0,5.5,3.5,3.75,3.56,1.8,West Ham,Hull,West Ham_Hull_2014
219,5.0,3.75,1.76,3.4,1.8,5.0,,1.88,3.4,4.58,4.5,4.75,,3.67,1.75,1.85,3.6,4.84,1.83,46,1.85,-0.5,2.1,1.85,1.87,4.2,2.06,48,1.85,4.2,2.14,3.6,1.85,2.04,,28,1.83,4.8,3.5,3.6,3.52,1.89,Everton,West Brom,Everton_West Brom_2014
220,3.8,3.6,1.89,3.2,1.9,3.6,,2.21,3.4,3.56,3.6,3.6,,3.52,2.15,2.2,3.5,3.66,2.12,48,2.15,-0.5,1.81,2.15,2.19,3.5,1.91,49,2.15,3.8,1.99,3.4,2.16,1.77,,24,2.12,3.6,3.45,3.4,3.39,1.98,Chelsea,Man City,Chelsea_Man City_2014
221,2.82,3.4,1.63,3.1,2.6,2.62,,2.85,3.1,2.7,2.7,2.75,,3.24,2.75,2.8,3.3,2.82,2.73,46,2.8,0.0,1.99,2.7,1.96,2.75,2.25,49,2.8,2.6,2.38,3.2,2.8,1.93,,28,1.92,2.8,3.2,3.25,3.18,1.7,Crystal Palace,Everton,Crystal Palace_Everton_2014
222,3.0,3.3,1.56,3.1,2.5,2.9,,2.73,3.2,2.87,2.7,2.88,,3.23,2.62,2.7,3.25,3.0,2.62,43,2.7,0.0,2.09,2.7,1.87,2.8,2.4,49,2.7,2.75,2.55,3.12,2.65,2.03,,28,1.83,3.0,3.2,3.1,3.13,1.63,Hull,Newcastle,Hull_Newcastle_2014
223,6.0,4.2,2.11,3.4,1.6,5.0,,1.7,3.8,5.38,5.5,5.75,,4.2,1.7,1.67,4.0,5.67,1.65,46,1.67,-1.0,1.85,1.7,2.18,4.5,1.72,48,1.7,5.4,1.8,4.1,1.65,1.78,,30,2.09,5.5,3.7,4.0,3.91,2.23,Liverpool,West Ham,Liverpool_West Ham_2014
224,11.0,5.55,2.23,4.5,1.3,9.0,,1.38,5.0,9.28,10.0,9.5,,5.28,1.36,1.36,5.5,10.15,1.34,41,1.36,-1.5,1.87,1.36,2.14,7.5,1.64,49,1.36,9.0,1.7,5.25,1.36,1.81,,31,2.06,10.0,5.0,5.0,5.14,2.38,Man United,Leicester,Man United_Leicester_2014
225,6.5,4.0,1.76,3.4,1.65,5.5,,1.7,3.8,5.71,5.5,6.0,,4.01,1.66,1.62,4.0,6.09,1.64,47,1.65,-1.0,1.79,1.7,2.25,4.5,2.05,49,1.7,5.1,2.16,4.0,1.65,1.74,,26,2.15,6.5,3.6,3.75,3.76,1.83,Stoke,QPR,Stoke_QPR_2014
226,3.75,3.4,1.64,3.1,2.1,3.75,,2.28,3.2,3.49,3.4,3.6,,3.32,2.15,2.25,3.3,3.64,2.2,47,2.25,-0.25,2.0,2.25,1.95,3.2,2.24,49,2.25,3.4,2.34,3.3,2.25,1.96,,25,1.91,3.6,3.2,3.25,3.25,1.7,Sunderland,Burnley,Sunderland_Burnley_2014
227,2.73,3.35,1.69,3.1,2.75,2.5,,3.0,3.1,2.59,2.62,2.63,,3.26,2.9,2.9,3.3,2.73,2.84,47,2.9,0.0,1.92,2.8,2.06,2.62,2.16,49,2.75,2.5,2.28,3.25,2.88,1.85,,28,2.01,2.7,3.2,3.25,3.21,1.75,West Brom,Tottenham,West Brom_Tottenham_2014
228,15.0,6.5,2.22,5.0,1.27,13.0,,1.29,6.0,12.66,12.0,15.0,,6.21,1.25,1.29,6.5,14.32,1.26,44,1.25,-1.5,2.21,1.29,1.81,11.0,1.65,49,1.28,10.0,1.72,5.75,1.27,2.12,,29,1.76,13.0,5.2,6.0,5.82,2.33,Arsenal,Aston Villa,Arsenal_Aston Villa_2014
229,7.0,4.0,1.72,3.6,1.65,6.0,,1.65,3.9,6.29,6.0,6.5,,3.99,1.61,1.6,4.0,6.62,1.59,47,1.6,-1.0,1.89,1.62,2.13,6.0,2.11,49,1.62,5.1,2.2,3.9,1.62,1.82,,31,2.05,7.0,3.6,3.75,3.82,1.79,Southampton,Swansea,Southampton_Swansea_2014
230,1.42,5.25,1.77,4.5,7.6,1.36,,11.0,4.4,1.36,1.36,1.36,,4.92,10.5,10.5,5.25,1.38,9.83,48,10.0,1.5,2.27,9.5,1.79,1.36,2.04,51,9.0,1.35,2.16,4.6,10.8,2.16,,30,1.73,1.4,4.8,4.75,4.67,1.86,Aston Villa,Chelsea,Aston Villa_Chelsea_2014
231,2.34,3.5,1.9,3.1,3.1,2.3,,3.41,3.4,2.25,2.3,2.3,,3.47,3.2,3.4,3.4,2.3,3.26,49,3.4,0.25,1.99,3.3,1.96,2.3,1.89,50,3.2,2.2,1.98,3.4,3.36,1.94,,27,1.92,2.3,3.3,3.4,3.35,1.98,Everton,Liverpool,Everton_Liverpool_2014
232,3.4,3.4,1.7,3.1,2.3,3.25,,2.45,3.25,3.17,3.1,3.25,,3.29,2.37,2.45,3.3,3.3,2.35,49,2.4,0.0,2.36,2.4,1.71,2.9,2.12,51,2.4,2.9,2.24,3.25,2.42,2.26,,28,1.66,3.25,3.3,3.3,3.24,1.8,Leicester,Crystal Palace,Leicester_Crystal Palace_2014
233,19.0,8.0,2.37,6.0,1.2,17.0,,1.22,6.5,15.69,17.0,19.0,,8.0,1.2,1.2,8.0,18.0,1.18,41,1.18,-2.0,1.93,1.2,2.09,13.5,1.56,51,1.19,13.0,1.64,7.5,1.19,1.85,,32,2.0,19.0,5.8,7.0,7.07,2.48,Man City,Hull,Man City_Hull_2014
234,1.92,3.7,1.75,3.4,4.0,1.9,,4.75,3.4,1.85,1.85,1.85,,3.63,4.33,4.75,3.6,1.89,4.46,49,4.75,0.5,1.9,4.5,2.06,1.85,2.07,51,4.2,1.85,2.15,3.6,4.62,1.85,,28,2.01,1.87,3.45,3.5,3.51,1.82,QPR,Southampton,QPR_Southampton_2014
235,4.8,3.6,1.64,3.1,1.9,4.33,,1.95,3.4,4.47,4.5,4.6,,3.48,1.95,1.92,3.5,4.78,1.88,46,1.91,-0.5,2.05,1.91,1.91,4.0,2.24,51,1.9,3.8,2.38,3.4,1.91,1.99,,28,1.88,4.75,3.45,3.4,3.38,1.71,Swansea,Sunderland,Swansea_Sunderland_2014
236,2.35,3.6,2.11,3.1,3.1,2.3,,3.3,3.2,2.26,2.3,2.3,,3.64,3.1,3.25,3.5,2.31,3.15,48,3.25,0.25,2.02,3.3,1.94,2.3,1.71,51,3.1,2.2,1.8,3.5,3.2,1.98,,26,1.89,2.3,3.3,3.5,3.45,2.2,Tottenham,Arsenal,Tottenham_Arsenal_2014
237,3.1,3.3,1.59,3.1,2.5,3.0,,2.65,3.2,2.94,2.8,3.0,,3.28,2.62,2.62,3.25,3.02,2.53,45,2.6,0.0,2.15,2.62,1.83,2.7,2.33,51,2.6,2.65,2.42,3.2,2.6,2.08,,30,1.78,3.0,3.3,3.1,3.16,1.67,Burnley,West Brom,Burnley_West Brom_2014
238,3.54,3.4,1.7,3.2,2.3,3.4,,2.34,3.2,3.33,3.2,3.4,,3.34,2.3,2.3,3.4,3.54,2.26,49,2.3,-0.25,1.98,2.3,1.99,3.1,2.14,51,2.3,2.9,2.22,3.3,2.28,1.93,,27,1.94,3.5,3.3,3.3,3.26,1.79,Newcastle,Stoke,Newcastle_Stoke_2014
239,2.03,3.7,1.9,3.2,3.8,1.95,,4.33,3.25,1.96,2.0,1.95,,3.72,4.0,3.7,3.6,1.97,3.94,50,4.2,0.5,2.0,4.0,1.97,2.0,1.89,51,3.75,1.9,1.97,3.7,4.1,1.95,,28,1.91,2.0,3.45,3.5,3.51,1.98,West Ham,Man United,West Ham_Man United_2014
240,13.02,6.3,2.4,5.0,1.3,10.5,,1.31,5.5,10.72,11.0,12.0,,6.14,1.3,1.29,6.0,12.21,1.28,40,1.29,-1.5,2.08,1.29,1.95,11.5,1.55,50,1.29,9.0,1.62,5.75,1.29,1.99,,31,1.87,12.0,5.0,5.5,5.64,2.64,Arsenal,Leicester,Arsenal_Leicester_2014
241,3.75,3.25,1.49,3.0,2.3,3.5,,2.39,3.2,3.46,3.4,3.5,,3.16,2.3,2.3,3.1,3.63,2.3,40,2.38,0.0,2.54,2.3,1.65,3.4,2.57,50,2.3,3.1,2.74,3.1,2.34,2.39,,25,1.59,3.75,3.1,3.1,3.1,1.54,Hull,Aston Villa,Hull_Aston Villa_2014
242,4.5,3.9,2.11,3.3,1.9,4.0,,1.95,3.75,4.13,4.2,4.2,,3.84,1.91,1.93,3.8,4.19,1.88,47,1.91,-0.5,2.04,1.91,1.94,4.0,1.72,49,1.91,3.8,1.79,3.8,1.92,1.99,,25,1.88,4.1,3.45,3.75,3.66,2.22,Liverpool,Tottenham,Liverpool_Tottenham_2014
243,4.6,3.69,1.7,3.3,1.9,4.5,,1.96,3.5,4.31,4.33,4.5,,3.69,1.87,1.93,3.6,4.5,1.9,48,1.91,-0.5,2.03,1.91,1.93,4.25,2.14,50,1.91,3.8,2.23,3.5,1.9,1.99,,27,1.88,4.6,3.45,3.5,3.48,1.77,Sunderland,QPR,Sunderland_QPR_2014
244,12.0,5.7,2.06,4.8,1.33,9.0,,1.36,5.0,9.92,10.0,11.0,,5.68,1.33,1.33,5.5,11.14,1.32,48,1.33,-1.5,1.97,1.33,2.06,8.25,1.75,50,1.33,8.3,1.8,5.5,1.33,1.86,,32,1.99,10.5,4.8,5.0,5.18,2.22,Chelsea,Everton,Chelsea_Everton_2014
245,3.4,3.35,1.62,3.2,2.3,3.2,,2.4,3.1,3.22,3.2,3.3,,3.35,2.38,2.4,3.3,3.38,2.33,47,2.38,-0.25,1.92,2.3,2.04,3.0,2.26,50,2.4,2.9,2.38,3.2,2.35,1.89,,26,1.98,3.4,3.3,3.2,3.23,1.7,Crystal Palace,Newcastle,Crystal Palace_Newcastle_2014
246,13.0,6.06,2.22,5.0,1.27,10.0,,1.33,5.75,10.48,11.0,12.0,,5.98,1.3,1.29,6.0,11.42,1.29,42,1.29,-1.5,2.04,1.3,1.94,8.0,1.64,50,1.3,10.0,1.69,5.75,1.31,1.97,,32,1.88,13.0,5.2,5.5,5.57,2.42,Man United,Burnley,Man United_Burnley_2014
247,5.57,3.95,1.85,3.5,1.7,4.6,,1.77,3.7,5.15,5.0,5.25,,3.9,1.75,1.7,3.9,5.57,1.7,49,1.73,-0.75,2.03,1.73,1.94,4.5,1.94,50,1.72,4.7,2.01,3.9,1.71,1.97,,26,1.89,5.5,3.6,3.75,3.75,1.94,Southampton,West Ham,Southampton_West Ham_2014
248,1.73,4.0,1.89,3.5,4.7,1.7,,5.9,3.6,1.68,1.7,1.7,,3.98,5.0,5.5,3.8,1.69,5.36,49,5.75,1.0,2.29,5.5,1.76,1.7,1.9,50,5.0,1.7,1.97,3.8,5.64,2.18,,29,1.71,1.73,3.6,3.75,3.74,1.98,Stoke,Man City,Stoke_Man City_2014
249,3.3,3.3,1.59,3.0,2.4,2.9,,2.55,3.2,3.05,3.1,3.1,,3.27,2.5,2.5,3.25,3.21,2.46,44,2.55,0.0,2.23,2.5,1.78,2.75,2.32,50,2.55,2.9,2.45,3.2,2.48,2.15,,29,1.73,3.2,3.1,3.2,3.17,1.65,West Brom,Swansea,West Brom_Swansea_2014
250,3.05,3.25,1.58,3.0,2.6,2.9,,2.75,3.1,2.88,2.75,2.9,,3.25,2.6,2.62,3.2,3.01,2.61,40,2.7,0.0,2.12,2.7,1.85,2.7,2.35,50,2.65,2.7,2.5,3.2,2.64,2.04,,29,1.81,3.0,3.1,3.2,3.14,1.65,Aston Villa,Stoke,Aston Villa_Stoke_2014
251,19.0,8.0,2.44,6.0,1.2,17.0,,1.22,6.25,15.35,17.0,17.0,,7.45,1.18,1.2,7.5,17.66,1.2,40,1.2,-2.0,1.89,1.2,2.14,12.5,1.53,50,1.2,13.0,1.57,7.0,1.21,1.81,,32,2.05,19.0,5.8,7.0,6.84,2.75,Chelsea,Burnley,Chelsea_Burnley_2014
252,1.85,3.8,1.84,3.1,4.2,1.75,,5.0,3.6,1.8,1.85,1.83,,3.73,5.0,4.8,3.75,1.82,4.64,48,4.75,0.5,1.84,5.0,2.14,1.83,1.95,50,4.1,1.8,2.04,3.7,4.93,1.79,,25,2.08,1.83,3.5,3.75,3.59,1.99,Crystal Palace,Arsenal,Crystal Palace_Arsenal_2014
253,4.2,3.45,1.61,3.1,2.1,4.0,,2.11,3.25,3.88,3.75,4.2,,3.46,2.05,2.05,3.3,3.99,2.04,46,2.05,-0.5,1.89,2.1,2.08,3.6,2.28,50,2.05,3.4,2.38,3.3,2.08,1.84,,27,2.03,4.2,3.2,3.3,3.29,1.69,Hull,QPR,Hull_QPR_2014
254,13.0,6.3,2.39,4.5,1.3,11.0,,1.31,5.25,11.05,13.0,11.0,,6.07,1.3,1.29,6.0,11.7,1.28,40,1.3,-1.5,2.15,1.3,1.87,9.0,1.55,50,1.3,9.0,1.6,6.0,1.3,2.03,,32,1.82,12.0,5.0,5.5,5.68,2.68,Man City,Newcastle,Man City_Newcastle_2014
255,3.02,3.3,1.53,2.9,2.4,3.0,,2.75,3.0,2.9,2.8,2.9,,3.2,2.5,2.75,3.2,2.99,2.61,40,2.7,0.0,2.08,2.75,1.86,2.75,2.46,50,2.7,2.95,2.62,3.0,2.67,2.03,,29,1.82,3.0,3.1,3.2,3.09,1.58,Sunderland,West Brom,Sunderland_West Brom_2014
256,2.05,3.6,1.81,3.2,3.6,2.0,,4.4,3.4,2.0,2.0,2.0,,3.56,4.0,4.1,3.5,2.05,3.93,49,4.2,0.5,2.06,4.0,1.9,2.0,1.99,50,3.6,2.0,2.07,3.6,3.97,2.01,,27,1.86,2.0,3.3,3.5,3.41,1.89,Swansea,Man United,Swansea_Man United_2014
257,5.2,4.0,1.79,3.2,1.7,4.5,,1.88,3.5,4.73,4.8,5.0,,3.62,1.83,1.83,3.6,4.84,1.81,48,1.83,-0.5,2.12,1.83,1.85,4.2,2.0,50,1.83,4.7,2.11,3.7,1.86,2.06,,26,1.82,4.8,3.6,3.6,3.53,1.93,Everton,Leicester,Everton_Leicester_2014
258,3.1,3.45,1.73,3.1,2.6,3.0,,2.63,3.25,2.92,2.75,2.9,,3.38,2.45,2.55,3.3,3.09,2.49,46,2.63,0.0,2.19,2.62,1.82,2.65,2.09,49,2.6,2.6,2.21,3.3,2.5,2.11,,27,1.77,3.0,3.2,3.3,3.27,1.8,Southampton,Liverpool,Southampton_Liverpool_2014
259,4.8,4.05,2.11,3.2,1.75,4.33,,1.85,3.6,4.51,4.8,4.75,,4.02,1.83,1.8,3.8,4.46,1.78,46,1.8,-0.75,1.91,1.83,2.06,4.0,1.72,50,1.83,4.5,1.77,3.9,1.83,1.87,,26,2.0,4.75,3.5,3.6,3.75,2.22,Tottenham,West Ham,Tottenham_West Ham_2014
260,3.0,3.45,1.71,3.1,2.6,2.7,,2.7,3.25,2.83,2.75,2.9,,3.35,2.7,2.62,3.3,2.94,2.59,45,2.63,0.0,2.08,2.7,1.89,2.9,2.12,47,2.6,2.6,2.2,3.3,2.62,2.0,,27,1.85,2.9,3.2,3.3,3.25,1.79,Burnley,Swansea,Burnley_Swansea_2014
261,11.0,5.5,2.01,4.0,1.35,9.5,,1.4,5.0,9.61,11.0,10.0,,5.25,1.4,1.36,5.25,10.35,1.36,46,1.36,-1.5,1.88,1.4,2.13,9.25,1.79,47,1.36,7.6,1.87,5.25,1.36,1.8,,29,2.05,10.0,4.8,4.5,4.87,2.11,Man United,Sunderland,Man United_Sunderland_2014
262,4.56,3.6,1.62,3.1,1.9,4.33,,2.0,3.4,4.24,4.2,4.5,,3.41,1.95,1.95,3.5,4.63,1.94,43,1.95,-0.5,1.98,2.0,1.97,4.0,2.27,46,2.0,3.8,2.41,3.5,1.96,1.93,,25,1.93,4.4,3.45,3.4,3.37,1.69,Newcastle,Aston Villa,Newcastle_Aston Villa_2014
263,4.6,3.5,1.58,3.1,1.9,4.5,,2.03,3.4,4.27,4.2,4.75,,3.44,1.9,1.95,3.5,4.6,1.95,41,1.91,-0.5,1.98,2.0,2.03,3.8,2.37,46,1.95,3.8,2.55,3.4,1.95,1.9,,26,1.96,4.6,3.45,3.4,3.32,1.65,Stoke,Hull,Stoke_Hull_2014
264,2.4,3.3,1.54,3.1,2.95,2.37,,3.52,3.2,2.32,2.4,2.38,,3.24,3.3,3.3,3.2,2.36,3.33,37,3.4,0.25,2.03,3.1,1.94,2.25,2.43,47,3.5,2.35,2.6,3.25,3.48,1.97,,25,1.9,2.4,3.2,3.2,3.16,1.6,West Brom,Southampton,West Brom_Southampton_2014
265,4.0,3.5,1.73,3.1,2.1,3.9,,2.16,3.4,3.68,3.6,3.75,,3.4,1.95,2.15,3.4,3.86,2.1,45,2.15,-0.5,1.83,2.15,2.14,3.5,2.09,47,2.15,3.3,2.18,3.4,2.14,1.79,,25,2.08,3.8,3.3,3.5,3.33,1.8,West Ham,Crystal Palace,West Ham_Crystal Palace_2014
266,6.8,4.6,2.08,3.75,1.55,6.5,,1.59,4.2,6.27,6.5,6.0,,4.47,1.55,1.57,4.5,6.6,1.54,45,1.57,-1.0,2.0,1.57,1.97,6.0,1.74,48,1.57,5.5,1.82,4.3,1.55,1.96,,31,1.89,6.5,4.0,4.33,4.19,2.16,Arsenal,Everton,Arsenal_Everton_2014
267,2.43,3.6,2.08,3.1,2.75,2.3,,3.2,3.4,2.36,2.4,2.38,,3.59,3.1,3.1,3.6,2.36,3.02,43,3.1,0.25,2.08,3.1,1.9,2.4,1.74,46,3.0,2.4,1.82,3.5,3.16,2.01,,25,1.86,2.4,3.3,3.5,3.44,2.16,Liverpool,Man City,Liverpool_Man City_2014
268,3.0,3.2,1.47,3.0,2.6,2.87,,2.9,3.1,2.81,2.7,2.88,,3.14,2.75,2.9,3.1,2.88,2.78,40,2.88,0.0,1.99,2.8,1.96,2.8,2.63,47,2.8,2.7,2.75,3.0,2.82,1.93,,28,1.91,2.88,3.1,3.1,3.04,1.53,Aston Villa,West Brom,Aston Villa_West Brom_2014
269,4.0,3.35,1.54,3.1,2.2,3.8,,2.25,3.2,3.75,3.8,3.9,,3.24,2.15,2.2,3.3,3.82,2.15,42,2.15,-0.25,2.07,2.1,1.9,3.75,2.46,47,2.15,3.3,2.62,3.2,2.22,2.02,,26,1.84,3.9,3.1,3.3,3.2,1.6,Hull,Sunderland,Hull_Sunderland_2014
270,6.0,4.0,1.68,3.3,1.7,5.5,,1.75,3.6,5.59,6.0,5.75,,3.79,1.7,1.7,3.8,5.86,1.69,45,1.7,-0.75,2.05,1.7,1.92,5.0,2.17,47,1.7,4.7,2.29,3.7,1.71,1.99,,26,1.86,6.0,3.6,3.75,3.68,1.74,Southampton,Crystal Palace,Southampton_Crystal Palace_2014
271,10.0,5.4,2.27,4.33,1.35,8.5,,1.4,5.0,8.98,9.5,10.0,,5.16,1.36,1.36,5.25,9.14,1.36,41,1.36,-1.25,2.1,1.36,1.89,9.25,1.62,46,1.36,7.6,1.67,5.25,1.4,2.04,,26,1.82,9.5,4.8,5.0,4.98,2.42,Liverpool,Burnley,Liverpool_Burnley_2014
272,15.0,7.0,2.59,5.5,1.25,12.0,,1.29,6.5,11.73,13.0,13.0,,6.63,1.25,1.25,7.0,12.62,1.25,41,1.25,-1.75,1.97,1.25,1.99,11.5,1.48,47,1.25,10.3,1.53,6.5,1.26,1.93,,26,1.92,13.0,5.5,6.0,6.24,2.81,Man City,Leicester,Man City_Leicester_2014
273,2.05,3.6,1.75,3.1,3.8,2.0,,4.2,3.4,1.99,2.0,2.0,,3.54,3.8,4.2,3.5,2.01,3.98,44,4.2,0.5,2.03,4.2,1.93,2.0,2.06,47,4.0,1.9,2.16,3.5,4.14,1.98,,27,1.88,2.0,3.45,3.5,3.42,1.84,Newcastle,Man United,Newcastle_Man United_2014
274,1.57,4.8,2.23,3.8,5.6,1.55,,7.0,4.33,1.53,1.53,1.53,,4.57,6.0,6.5,4.33,1.54,6.37,40,7.0,1.0,1.94,7.0,2.05,1.55,1.64,47,6.0,1.55,1.71,4.4,6.62,1.87,,29,1.99,1.55,3.9,4.2,4.26,2.37,QPR,Arsenal,QPR_Arsenal_2014
275,3.2,3.36,1.64,3.1,2.5,3.1,,2.55,3.2,3.03,3.0,3.1,,3.36,2.4,2.55,3.3,3.2,2.46,41,2.5,-0.25,1.85,2.5,2.12,2.8,2.22,47,2.5,2.75,2.3,3.2,2.44,1.8,,26,2.07,3.12,3.2,3.3,3.23,1.73,Stoke,Everton,Stoke_Everton_2014
276,5.5,4.0,1.97,3.4,1.7,4.8,,1.8,3.5,4.98,5.0,5.25,,3.99,1.75,1.75,3.8,5.15,1.73,45,1.75,-0.75,1.98,1.75,1.97,4.75,1.83,47,1.75,4.7,1.93,3.8,1.74,1.93,,26,1.92,5.2,3.6,3.8,3.74,2.07,Tottenham,Swansea,Tottenham_Swansea_2014
277,1.65,4.3,1.99,4.0,5.1,1.61,,6.3,4.1,1.6,1.62,1.62,,4.18,6.0,6.0,4.0,1.61,5.8,44,6.25,1.0,2.09,5.0,1.89,1.62,1.8,47,5.75,1.65,1.87,4.0,6.25,2.03,,29,1.82,1.65,3.6,4.0,3.96,2.08,West Ham,Chelsea,West Ham_Chelsea_2014
278,1.85,4.0,2.11,3.2,4.0,1.8,,5.0,3.8,1.78,1.83,1.8,,3.98,4.5,4.8,3.9,1.8,4.55,43,4.75,0.75,2.04,5.0,1.92,1.8,1.72,46,4.5,1.85,1.8,3.9,4.67,1.97,,24,1.88,1.8,3.45,3.6,3.76,2.25,QPR,Tottenham,QPR_Tottenham_2014
279,9.5,5.5,2.28,4.5,1.4,8.0,,1.44,4.5,8.2,8.0,9.0,,5.36,1.4,1.36,5.0,9.08,1.38,37,1.4,-1.5,1.85,1.4,2.2,7.5,1.61,46,1.4,7.3,1.65,5.25,1.38,1.79,,26,2.06,9.5,4.4,5.0,4.92,2.48,Arsenal,West Ham,Arsenal_West Ham_2014
280,1.5,5.0,2.27,4.5,7.0,1.45,,8.0,4.5,1.44,1.44,1.44,,4.85,7.0,8.0,5.0,1.46,7.31,37,7.5,1.0,1.77,7.0,2.32,1.44,1.62,46,6.5,1.45,1.67,4.8,7.62,1.71,,27,2.18,1.45,4.0,4.5,4.6,2.48,Burnley,Man City,Burnley_Man City_2014
281,5.3,3.83,1.78,3.6,1.85,4.5,,1.85,3.6,4.73,4.75,4.75,,3.83,1.83,1.83,3.75,5.04,1.78,43,1.83,-0.75,1.92,1.75,2.04,4.1,2.03,46,1.83,4.0,2.14,3.6,1.78,1.87,,24,1.99,5.0,3.45,3.6,3.62,1.88,Crystal Palace,QPR,Crystal Palace_QPR_2014
282,4.05,3.3,1.61,3.1,2.1,3.4,,2.26,3.25,3.61,3.4,3.75,,3.29,2.25,2.25,3.3,3.78,2.17,41,2.2,-0.5,1.79,2.25,2.21,3.25,2.29,47,2.2,3.3,2.42,3.2,2.21,1.73,,25,2.14,3.75,3.3,3.2,3.23,1.66,Leicester,Hull,Leicester_Hull_2014
283,3.57,3.4,1.54,3.0,2.25,3.25,,2.42,3.1,3.35,3.2,3.4,,3.25,2.4,2.38,3.25,3.57,2.32,38,2.38,-0.25,1.97,2.4,2.05,3.1,2.44,46,2.35,3.3,2.6,3.1,2.31,1.9,,24,1.96,3.6,3.0,3.1,3.14,1.6,Sunderland,Aston Villa,Sunderland_Aston Villa_2014
284,3.55,3.3,1.53,3.0,2.3,3.2,,2.4,3.0,3.33,3.25,3.4,,3.23,2.4,2.4,3.25,3.44,2.33,39,2.38,-0.25,1.91,2.4,2.03,3.2,2.47,47,2.35,3.0,2.6,3.1,2.38,1.88,,25,1.98,3.5,3.2,3.2,3.14,1.59,West Brom,Stoke,West Brom_Stoke_2014
285,6.8,4.2,1.74,3.6,1.5,6.5,,1.63,3.9,6.26,6.0,6.5,,4.0,1.57,1.62,4.0,6.55,1.59,43,1.62,-1.0,1.9,1.62,2.14,6.0,2.07,46,1.62,6.1,2.15,3.9,1.62,1.8,,28,2.06,6.5,4.0,4.0,3.87,1.89,Chelsea,Southampton,Chelsea_Southampton_2014
286,5.05,3.75,1.81,3.4,1.85,4.5,,1.88,3.5,4.61,4.5,4.75,,3.67,1.83,1.85,3.75,5.05,1.81,44,1.83,-0.75,1.86,1.85,2.12,4.2,1.99,46,1.83,4.0,2.1,3.6,1.82,1.81,,22,2.05,4.8,3.45,3.5,3.56,1.92,Everton,Newcastle,Everton_Newcastle_2014
287,4.45,3.8,2.07,3.4,1.9,4.0,,1.95,3.5,4.14,4.0,4.33,,3.74,1.9,1.92,3.75,4.45,1.89,43,1.91,-0.5,2.05,1.95,1.92,4.25,1.74,46,1.91,3.8,1.79,3.75,1.89,1.98,,25,1.88,4.2,3.45,3.75,3.63,2.2,Man United,Tottenham,Man United_Tottenham_2014
288,2.1,3.6,1.79,3.1,3.3,2.05,,4.24,3.5,1.99,2.05,2.0,,3.51,3.75,4.1,3.6,2.0,3.96,41,4.0,0.5,2.02,4.0,1.95,2.0,2.0,44,3.9,2.1,2.11,3.4,4.24,1.96,,22,1.9,2.05,3.3,3.4,3.4,1.93,Swansea,Liverpool,Swansea_Liverpool_2014
289,3.3,3.3,1.59,3.1,2.3,3.0,,2.55,3.0,3.06,3.1,2.8,,3.22,2.4,2.55,3.25,3.2,2.45,43,2.5,0.0,2.21,2.4,1.78,3.0,2.33,49,2.5,3.0,2.43,3.2,2.52,2.14,,28,1.73,3.12,3.2,3.25,3.17,1.67,Aston Villa,Swansea,Aston Villa_Swansea_2014
290,12.0,6.5,2.34,5.0,1.3,10.0,,1.34,5.0,10.01,9.0,8.5,,5.85,1.3,1.3,5.5,10.89,1.31,40,1.3,-1.5,2.05,1.33,1.93,10.0,1.58,49,1.3,9.0,1.64,5.75,1.32,1.97,,31,1.88,12.0,5.0,5.5,5.5,2.54,Man City,West Brom,Man City_West Brom_2014
291,1.75,4.34,2.1,3.75,4.9,1.65,,6.25,3.8,1.59,1.6,1.57,,4.34,5.25,6.0,3.8,1.6,5.71,46,6.0,1.0,2.1,6.0,1.93,1.6,1.73,49,5.5,1.65,1.8,4.33,6.15,1.99,,31,1.86,1.6,3.7,4.0,4.04,2.22,Newcastle,Arsenal,Newcastle_Arsenal_2014
292,8.7,4.65,1.87,4.0,1.45,7.5,,1.5,4.2,7.78,8.0,7.5,,4.55,1.44,1.45,4.5,8.5,1.45,47,1.4,-1.0,2.22,1.44,1.83,7.0,1.92,49,1.45,7.0,2.0,4.5,1.46,2.1,,29,1.76,8.5,4.0,4.33,4.29,1.97,Southampton,Burnley,Southampton_Burnley_2014
293,3.95,3.4,1.6,3.2,2.1,3.75,,2.2,3.1,3.65,3.5,3.5,,3.34,2.1,2.2,3.3,3.88,2.13,42,2.1,-0.5,1.8,2.15,2.17,3.4,2.31,49,2.2,3.4,2.45,3.25,2.16,1.76,,26,2.11,3.8,3.2,3.3,3.25,1.65,Stoke,Crystal Palace,Stoke_Crystal Palace_2014
294,7.0,4.5,2.21,4.0,1.5,6.0,,1.62,4.0,5.91,5.5,6.0,,4.36,1.53,1.57,4.0,6.15,1.56,44,1.53,-1.0,1.96,1.6,2.03,5.25,1.66,49,1.6,6.1,1.7,4.33,1.59,1.9,,31,1.95,6.25,4.0,4.2,4.16,2.38,Tottenham,Leicester,Tottenham_Leicester_2014
295,5.0,3.7,1.78,3.5,1.8,4.33,,1.95,3.4,4.61,4.33,4.5,,3.69,1.85,1.83,3.5,5.14,1.81,47,1.8,-0.5,2.12,1.85,1.86,4.25,2.02,49,1.85,4.2,2.08,3.6,1.81,2.05,,26,1.81,5.0,3.5,3.5,3.54,1.88,West Ham,Sunderland,West Ham_Sunderland_2014
296,1.55,4.55,1.79,4.0,7.0,1.44,,9.0,4.25,1.45,1.5,1.44,,4.42,7.5,9.0,4.33,1.48,7.87,45,7.0,1.0,1.8,7.0,2.26,1.45,2.0,47,6.75,1.45,2.09,4.4,8.52,1.74,,27,2.12,1.45,4.0,4.33,4.23,1.89,Hull,Chelsea,Hull_Chelsea_2014
297,3.8,3.55,1.88,3.25,2.2,3.6,,2.3,3.4,3.57,3.5,3.6,,3.49,2.1,2.1,3.4,3.76,2.11,44,2.05,-0.5,1.84,2.1,2.15,3.6,1.91,46,2.15,3.2,1.99,3.5,2.14,1.78,,24,2.09,3.8,3.2,3.4,3.37,1.98,Liverpool,Man United,Liverpool_Man United_2014
298,2.3,3.5,1.78,3.3,3.1,2.2,,3.6,3.25,2.2,2.2,2.15,,3.42,3.3,3.6,3.4,2.25,3.35,44,3.3,0.25,1.96,3.3,2.02,2.2,2.02,47,3.25,2.2,2.14,3.4,3.55,1.89,,24,1.97,2.2,3.3,3.4,3.35,1.88,QPR,Everton,QPR_Everton_2014
299,4.6,3.89,2.14,3.4,1.9,4.2,,1.9,3.6,4.35,4.5,4.2,,3.89,1.85,1.87,3.75,4.51,1.83,46,1.83,-0.75,1.87,1.83,2.09,4.0,1.7,48,1.85,3.8,1.77,3.8,1.85,1.83,,26,2.03,4.4,3.45,3.75,3.68,2.3,Arsenal,Liverpool,Arsenal_Liverpool_2014
300,16.0,6.1,1.98,5.0,1.28,12.0,,1.31,5.25,12.62,12.0,11.0,,6.06,1.29,1.25,5.5,14.38,1.27,48,1.29,-1.5,2.12,1.29,1.87,10.5,1.82,49,1.28,10.0,1.89,6.0,1.27,2.02,,32,1.83,15.0,5.1,5.5,5.55,2.06,Chelsea,Stoke,Chelsea_Stoke_2014
301,3.0,3.3,1.66,3.1,2.5,2.88,,2.75,3.1,2.81,2.8,2.8,,3.3,2.6,2.75,3.2,2.85,2.64,43,2.63,0.0,2.05,2.6,1.93,2.75,2.21,49,2.6,2.65,2.3,3.2,2.73,1.98,,29,1.86,2.88,3.3,3.2,3.18,1.73,Everton,Southampton,Everton_Southampton_2014
302,3.25,3.54,1.97,3.4,2.2,3.1,,2.4,3.3,3.11,3.1,3.1,,3.54,2.38,2.38,3.3,3.24,2.32,47,2.38,-0.25,1.93,2.25,2.04,3.0,1.83,49,2.3,3.1,1.9,3.5,2.33,1.87,,28,1.98,3.13,3.3,3.3,3.38,2.08,Leicester,West Ham,Leicester_West Ham_2014
303,13.0,5.8,2.07,4.8,1.3,11.0,,1.4,5.0,10.76,10.0,10.0,,5.7,1.3,1.3,5.5,12.0,1.3,47,1.3,-1.5,2.0,1.33,1.99,9.5,1.75,49,1.3,9.0,1.8,5.5,1.31,1.92,,31,1.93,13.0,5.0,5.0,5.29,2.19,Man United,Aston Villa,Man United_Aston Villa_2014
304,4.75,3.7,1.58,3.1,1.9,4.5,,2.0,3.3,4.3,4.2,4.2,,3.4,1.83,1.93,3.5,4.56,1.94,43,1.91,-0.5,1.98,2.0,1.97,4.1,2.34,49,1.91,3.8,2.48,3.4,1.97,1.93,,29,1.92,4.75,3.45,3.5,3.34,1.64,Swansea,Hull,Swansea_Hull_2014
305,5.6,3.8,1.73,3.3,1.75,5.0,,1.8,3.5,5.05,5.5,4.5,,3.67,1.75,1.8,3.5,5.41,1.75,47,1.8,-0.5,2.2,1.73,1.79,4.75,2.1,49,1.75,4.5,2.22,3.6,1.78,2.13,,28,1.75,5.2,3.5,3.5,3.56,1.79,West Brom,QPR,West Brom_QPR_2014
306,2.2,3.65,2.02,3.1,3.2,2.05,,3.65,3.5,2.13,2.2,2.1,,3.63,3.6,3.4,3.4,2.18,3.44,46,3.5,0.5,2.18,3.5,1.8,2.1,1.79,48,3.6,2.1,1.85,3.6,3.5,2.12,,27,1.76,2.2,3.4,3.5,3.45,2.14,Burnley,Tottenham,Burnley_Tottenham_2014
307,3.1,3.4,1.65,3.1,2.2,3.1,,2.62,3.2,2.97,2.8,3.1,,3.29,2.4,2.6,3.1,3.03,2.51,45,2.5,0.0,2.2,2.62,1.82,2.8,2.22,48,2.5,3.1,2.32,3.2,2.59,2.11,,28,1.76,3.1,3.3,3.25,3.19,1.72,Sunderland,Newcastle,Sunderland_Newcastle_2014
308,1.73,4.2,2.04,3.8,5.0,1.67,,6.0,4.0,1.66,1.7,1.67,,4.03,5.0,5.5,4.0,1.68,5.19,47,5.0,1.0,2.26,4.8,1.79,1.7,1.77,48,5.0,1.6,1.85,4.0,5.6,2.16,,30,1.72,1.7,3.9,4.0,3.92,2.12,Crystal Palace,Man City,Crystal Palace_Man City_2014
309,3.95,3.5,1.72,3.2,2.0,3.75,,2.15,3.3,3.71,3.6,3.8,,3.43,2.1,2.15,3.4,3.95,2.1,46,2.15,-0.25,2.15,2.15,1.84,3.3,2.11,48,2.15,3.6,2.2,3.4,2.1,2.08,,26,1.8,3.8,3.3,3.4,3.32,1.8,Aston Villa,QPR,Aston Villa_QPR_2014
310,1.59,4.6,2.12,3.8,7.0,1.57,,7.2,4.1,1.55,1.57,1.57,,4.35,6.0,6.25,4.33,1.58,6.21,47,6.5,1.0,2.01,6.0,1.99,1.57,1.72,50,6.25,1.45,1.8,4.33,6.25,1.95,,32,1.91,1.57,4.0,4.2,4.13,2.23,Burnley,Arsenal,Burnley_Arsenal_2014
311,8.5,4.4,1.66,3.75,1.55,8.0,,1.55,3.8,7.25,7.0,7.5,,4.18,1.5,1.55,4.2,7.8,1.51,48,1.53,-1.0,2.02,1.53,1.98,6.5,2.21,50,1.53,5.6,2.3,4.1,1.53,1.95,,32,1.91,7.0,3.9,4.0,3.98,1.73,Southampton,Hull,Southampton_Hull_2014
312,2.85,3.4,1.58,3.1,2.4,2.75,,3.0,3.1,2.66,2.7,2.7,,3.18,2.75,2.9,3.2,2.68,2.83,44,2.9,0.0,1.9,2.7,2.07,2.6,2.34,50,2.75,2.85,2.45,3.2,3.0,1.86,,30,1.98,2.75,3.2,3.1,3.13,1.65,Sunderland,Crystal Palace,Sunderland_Crystal Palace_2014
313,3.17,3.35,1.71,3.2,2.4,3.1,,2.52,3.3,3.02,2.9,3.1,,3.31,2.4,2.5,3.3,3.17,2.45,48,2.5,0.0,2.23,2.5,1.77,2.95,2.12,50,2.5,2.75,2.2,3.3,2.48,2.15,,29,1.73,3.1,3.3,3.3,3.23,1.81,Swansea,Everton,Swansea_Everton_2014
314,6.4,4.33,2.13,3.8,1.55,5.75,,1.65,4.1,5.72,5.5,6.0,,4.26,1.62,1.62,4.2,5.93,1.6,47,1.62,-1.0,1.92,1.62,2.09,5.5,1.7,50,1.62,5.6,1.77,4.2,1.63,1.85,,32,2.01,6.0,3.9,4.0,4.05,2.28,Tottenham,Aston Villa,Tottenham_Aston Villa_2014
315,3.6,3.4,1.76,3.2,2.0,3.5,,2.33,3.25,3.3,3.2,3.4,,3.38,2.2,2.3,3.4,3.39,2.27,48,2.3,-0.25,1.95,2.3,2.0,3.2,2.05,50,2.2,3.6,2.22,3.4,2.33,1.91,,29,1.95,3.4,3.3,3.4,3.29,1.83,West Brom,Leicester,West Brom_Leicester_2014
316,3.58,3.4,1.75,3.2,2.1,3.4,,2.33,3.2,3.31,3.2,3.4,,3.37,2.2,2.3,3.4,3.4,2.26,48,2.3,-0.25,1.95,2.3,2.0,3.1,2.07,50,2.3,3.4,2.19,3.4,2.33,1.91,,29,1.95,3.4,3.2,3.4,3.29,1.82,West Ham,Stoke,West Ham_Stoke_2014
317,2.9,3.6,2.0,3.1,2.4,2.8,,2.74,3.4,2.72,2.7,2.88,,3.5,2.6,2.7,3.4,2.71,2.61,49,2.63,0.0,2.0,2.7,1.98,2.7,1.81,50,2.7,2.75,1.92,3.4,2.74,1.95,,30,1.9,2.75,3.3,3.4,3.34,2.08,Man United,Man City,Man United_Man City_2014
318,1.4,5.2,2.13,4.5,7.3,1.4,,9.7,5.0,1.38,1.4,1.4,,4.99,8.5,9.5,5.0,1.4,8.59,47,9.0,1.25,1.94,8.0,2.03,1.4,1.7,50,8.0,1.4,1.77,5.0,9.2,1.87,,29,1.98,1.4,4.4,4.8,4.79,2.27,QPR,Chelsea,QPR_Chelsea_2014
319,9.5,5.1,2.13,4.5,1.45,8.0,,1.45,5.0,8.41,8.0,9.0,,5.05,1.44,1.4,5.0,9.45,1.4,46,1.4,-1.5,1.8,1.4,2.21,8.25,1.71,47,1.4,7.0,1.76,5.0,1.4,1.74,,29,2.14,9.5,4.0,4.5,4.71,2.24,Liverpool,Newcastle,Liverpool_Newcastle_2014
320,4.33,3.56,1.75,3.3,2.0,4.0,,2.2,3.5,4.0,4.33,4.33,,3.45,2.0,2.0,3.4,4.33,2.0,46,2.0,-0.5,1.94,2.0,2.04,3.9,2.08,50,2.0,3.6,2.18,3.4,2.0,1.88,,30,1.98,4.3,3.3,3.4,3.37,1.82,Chelsea,Man United,Chelsea_Man United_2014
321,4.69,3.6,1.69,3.25,1.9,4.0,,1.95,3.4,4.26,4.2,4.5,,3.5,1.95,1.95,3.5,4.69,1.92,47,1.95,-0.5,2.02,1.95,1.93,3.75,2.15,50,1.95,3.8,2.28,3.3,1.92,1.96,,31,1.9,4.4,3.45,3.5,3.41,1.75,Crystal Palace,West Brom,Crystal Palace_West Brom_2014
322,5.6,3.85,1.84,3.5,1.7,5.0,,1.76,3.8,5.18,5.0,5.5,,3.81,1.73,1.73,3.8,5.29,1.71,47,1.73,-0.75,1.98,1.75,2.0,5.0,1.96,50,1.72,4.3,2.08,3.8,1.76,1.94,,30,1.92,5.5,3.8,3.75,3.7,1.91,Everton,Burnley,Everton_Burnley_2014
323,3.83,3.55,1.91,3.3,2.1,3.4,,2.2,3.3,3.55,3.4,3.75,,3.53,2.2,2.15,3.4,3.83,2.11,48,2.15,-0.25,2.15,2.15,1.86,3.3,1.89,50,2.15,3.3,1.95,3.5,2.1,2.06,,30,1.81,3.6,3.3,3.4,3.4,2.01,Leicester,Swansea,Leicester_Swansea_2014
324,2.38,3.32,1.6,3.2,2.9,2.38,,3.58,3.3,2.27,2.3,2.3,,3.28,3.2,3.5,3.25,2.29,3.36,43,3.5,0.25,1.98,3.2,2.0,2.3,2.31,50,3.0,2.3,2.41,3.13,3.58,1.92,,30,1.94,2.38,3.3,3.25,3.21,1.67,Stoke,Southampton,Stoke_Southampton_2014
325,13.35,7.1,2.66,5.0,1.27,11.0,,1.29,6.0,11.88,12.0,11.0,,6.76,1.29,1.29,6.5,13.35,1.25,40,1.25,-2.0,1.79,1.29,2.22,11.0,1.46,50,1.28,10.0,1.5,6.0,1.25,1.73,,30,2.15,12.0,5.2,6.0,6.05,2.95,Man City,West Ham,Man City_West Ham_2014
326,2.5,3.52,1.98,3.1,2.65,2.3,,3.42,3.3,2.28,2.38,2.3,,3.53,3.2,3.13,3.5,2.32,3.19,48,3.3,0.5,2.31,3.2,1.72,2.3,1.82,50,3.3,2.5,1.88,3.5,3.3,2.25,,29,1.67,2.4,3.3,3.4,3.36,2.1,Newcastle,Tottenham,Newcastle_Tottenham_2014
327,3.1,3.48,1.8,2.88,2.5,3.0,,2.63,3.3,2.93,3.0,2.9,,3.34,2.45,2.55,3.3,3.1,2.49,47,2.63,0.0,2.19,2.62,1.84,2.8,2.0,48,2.55,2.65,2.09,3.4,2.5,2.1,,30,1.78,3.0,3.3,3.3,3.27,1.88,Burnley,Leicester,Burnley_Leicester_2014
328,4.3,3.5,1.61,3.0,2.0,4.2,,2.1,3.3,3.96,4.0,4.2,,3.34,2.0,2.05,3.3,4.16,2.04,43,2.05,-0.5,1.86,2.1,2.08,4.1,2.28,48,2.0,3.6,2.4,3.3,2.09,1.83,,29,2.03,4.2,3.3,3.4,3.28,1.67,Crystal Palace,Hull,Crystal Palace_Hull_2014
329,14.0,6.6,2.58,4.8,1.27,10.0,,1.3,5.75,11.44,12.0,12.0,,6.45,1.3,1.29,6.0,12.4,1.26,41,1.29,-1.75,1.99,1.29,2.01,12.5,1.49,48,1.28,10.0,1.53,6.0,1.27,1.92,,28,1.94,12.0,5.2,5.75,5.91,2.8,Man City,Aston Villa,Man City_Aston Villa_2014
330,3.34,3.4,1.66,2.9,2.4,3.0,,2.5,3.2,3.13,3.1,3.25,,3.33,2.45,2.45,3.25,3.26,2.39,45,2.45,0.0,2.33,2.5,1.71,2.85,2.2,48,2.45,2.85,2.3,3.25,2.42,2.24,,29,1.67,3.25,3.2,3.3,3.22,1.73,Newcastle,Swansea,Newcastle_Swansea_2014
331,3.3,3.47,1.97,3.0,2.2,3.2,,2.4,3.2,3.1,3.2,3.25,,3.47,2.38,2.4,3.4,3.2,2.33,47,2.38,0.0,2.33,2.4,1.74,2.95,1.83,48,2.38,3.1,1.9,3.4,2.39,2.22,,29,1.68,3.13,3.3,3.4,3.35,2.06,QPR,West Ham,QPR_West Ham_2014
332,4.06,3.6,1.78,3.1,2.15,3.75,,2.15,3.4,3.73,3.75,3.8,,3.49,2.1,2.1,3.5,4.06,2.06,46,2.1,-0.5,1.89,2.1,2.08,3.7,2.02,48,2.1,3.2,2.08,3.4,2.05,1.83,,29,2.03,3.9,3.3,3.4,3.4,1.87,Southampton,Tottenham,Southampton_Tottenham_2014
333,4.75,3.6,1.62,3.0,1.9,4.5,,1.95,3.4,4.43,4.5,4.75,,3.45,1.9,1.95,3.5,4.73,1.9,45,1.91,-0.5,2.02,1.95,1.92,3.9,2.28,48,1.91,3.8,2.38,3.3,1.93,1.97,,28,1.89,4.75,3.45,3.4,3.38,1.71,Stoke,Sunderland,Stoke_Sunderland_2014
334,2.05,3.62,1.82,3.1,4.0,1.95,,4.33,3.6,1.99,2.05,2.0,,3.51,4.1,4.1,3.6,2.02,3.94,46,4.0,0.5,2.04,4.0,1.92,1.95,1.97,47,4.0,1.85,2.05,3.6,4.15,1.99,,28,1.88,2.0,3.45,3.6,3.44,1.98,West Brom,Liverpool,West Brom_Liverpool_2014
335,3.44,3.46,1.68,3.1,2.5,3.1,,2.5,3.3,3.19,3.1,3.3,,3.29,2.45,2.4,3.3,3.44,2.36,46,2.4,0.0,2.4,2.4,1.75,3.2,2.17,48,2.35,2.75,2.26,3.25,2.35,2.28,,28,1.65,3.3,3.2,3.25,3.22,1.78,Arsenal,Chelsea,Arsenal_Chelsea_2014
336,2.21,3.58,1.76,3.0,3.6,2.15,,3.8,3.4,2.16,2.2,2.15,,3.39,3.5,3.6,3.4,2.2,3.54,46,3.75,0.25,1.89,3.6,2.06,2.2,2.04,48,3.4,2.0,2.15,3.4,3.66,1.85,,28,2.01,2.2,3.3,3.5,3.33,1.9,Everton,Man United,Everton_Man United_2014
337,2.05,3.54,1.7,3.4,3.6,2.0,,4.55,3.4,1.99,2.0,2.0,,3.44,4.0,4.1,3.4,2.04,4.08,44,4.33,0.5,2.06,3.8,1.93,2.0,2.14,46,4.1,2.0,2.21,3.4,4.15,2.0,,27,1.86,2.05,3.3,3.4,3.36,1.8,Hull,Liverpool,Hull_Liverpool_2014
338,1.75,4.15,1.95,3.8,4.7,1.65,,6.1,3.8,1.67,1.7,1.7,,3.98,5.25,5.5,3.8,1.69,5.35,47,5.75,1.0,2.31,4.8,1.76,1.7,1.85,48,5.25,1.7,1.93,3.9,5.58,2.21,,29,1.7,1.7,3.6,4.0,3.78,2.04,Leicester,Chelsea,Leicester_Chelsea_2014
339,2.9,3.5,1.76,3.1,2.5,2.7,,2.8,3.25,2.72,2.7,2.8,,3.32,2.7,2.8,3.3,2.79,2.69,44,2.75,0.0,2.02,2.7,1.98,2.6,2.06,47,2.65,2.65,2.15,3.25,2.78,1.96,,28,1.9,2.8,3.3,3.3,3.23,1.83,Aston Villa,Everton,Aston Villa_Everton_2014
340,4.4,3.7,1.92,3.5,1.95,3.8,,2.0,3.5,4.03,4.0,4.33,,3.64,1.95,1.93,3.7,4.18,1.94,47,1.91,-0.5,1.99,1.91,1.97,4.1,1.88,47,1.91,3.7,1.96,3.7,1.97,1.93,,29,1.93,4.3,3.35,3.6,3.53,2.0,Leicester,Newcastle,Leicester_Newcastle_2014
341,10.0,5.3,2.29,4.5,1.42,8.0,,1.4,5.25,8.69,8.0,10.0,,5.2,1.4,1.4,5.25,9.56,1.37,39,1.36,-1.5,1.87,1.4,2.14,8.75,1.6,46,1.36,6.4,1.68,5.0,1.38,1.81,,30,2.06,9.0,4.6,5.0,4.97,2.5,Liverpool,QPR,Liverpool_QPR_2014
342,10.35,5.5,2.08,4.5,1.3,9.0,,1.38,5.25,9.2,9.0,10.0,,5.23,1.36,1.36,5.25,10.35,1.36,46,1.36,-1.5,1.85,1.36,2.15,8.75,1.74,47,1.36,9.0,1.81,5.2,1.38,1.8,,30,2.08,10.0,5.0,5.0,4.9,2.17,Man United,West Brom,Man United_West Brom_2014
343,2.11,3.43,1.57,3.1,3.3,2.05,,4.2,3.25,2.05,2.05,2.05,,3.44,4.0,4.2,3.4,2.08,3.92,41,4.2,0.5,2.1,4.0,1.88,2.05,2.37,47,3.6,2.1,2.47,3.3,4.04,2.04,,29,1.83,2.05,3.3,3.3,3.28,1.64,Sunderland,Southampton,Sunderland_Southampton_2014
344,3.6,3.43,1.64,3.2,2.2,3.5,,2.38,3.1,3.35,3.2,3.4,,3.43,2.15,2.38,3.4,3.45,2.25,44,2.3,-0.25,1.99,2.3,1.96,3.2,2.23,47,2.3,3.2,2.33,3.13,2.28,1.95,,28,1.92,3.5,3.2,3.3,3.27,1.72,Swansea,Stoke,Swansea_Stoke_2014
345,3.6,3.5,1.77,3.2,2.2,3.5,,2.29,3.3,3.36,3.3,3.4,,3.45,2.15,2.25,3.5,3.39,2.22,47,2.25,-0.5,1.75,2.25,2.29,3.1,2.04,47,2.25,3.1,2.15,3.4,2.29,1.71,,28,2.2,3.5,3.3,3.4,3.34,1.83,West Ham,Burnley,West Ham_Burnley_2014
346,11.0,5.5,2.03,4.8,1.35,10.0,,1.36,5.0,9.71,8.5,10.0,,5.32,1.33,1.36,5.25,10.82,1.34,45,1.36,-1.5,1.88,1.36,2.12,9.25,1.78,46,1.36,7.6,1.83,5.0,1.35,1.82,,29,2.06,10.5,4.8,5.0,4.97,2.13,Chelsea,Crystal Palace,Chelsea_Crystal Palace_2014
347,2.15,3.81,2.38,3.3,3.6,2.05,,3.8,3.6,2.03,2.05,2.05,,3.81,3.5,3.5,3.75,2.07,3.59,39,3.75,0.5,2.11,3.75,1.88,2.05,1.56,47,3.6,2.0,1.62,3.8,3.69,2.03,,29,1.83,2.1,3.3,3.75,3.61,2.57,Tottenham,Man City,Tottenham_Man City_2014
348,1.75,4.0,1.84,3.5,,1.67,,5.6,3.8,1.7,1.7,1.7,,3.9,5.25,5.5,4.0,1.72,5.25,45,5.5,1.0,2.4,5.5,1.73,1.7,1.96,45,5.25,,2.08,3.8,5.52,2.27,,26,1.66,1.73,,3.8,3.72,1.93,Hull,Arsenal,Hull_Arsenal_2014
349,4.45,3.7,1.85,3.4,1.9,4.0,,1.95,3.5,4.13,4.0,4.33,,3.69,1.95,1.95,3.7,4.45,1.9,46,1.91,-0.5,2.03,1.95,1.92,3.7,1.95,48,1.95,3.8,2.04,3.5,1.91,1.98,,29,1.89,4.33,3.45,3.6,3.53,1.95,Aston Villa,West Ham,Aston Villa_West Ham_2014
350,1.95,3.78,1.77,3.3,4.5,1.85,,4.75,3.7,1.85,1.91,1.91,,3.66,4.5,4.75,3.6,1.88,4.36,30,4.5,0.75,2.16,4.33,1.8,1.9,2.04,32,4.1,1.7,2.11,3.6,4.66,2.12,,12,1.77,1.87,3.7,3.6,3.51,1.85,Crystal Palace,Man United,Crystal Palace_Man United_2014
351,5.2,3.8,1.75,3.5,1.95,4.8,,1.95,3.6,4.82,5.0,5.0,,3.8,1.8,1.8,3.75,5.06,1.77,45,1.8,-0.5,2.2,1.73,1.79,4.75,2.08,48,1.8,3.55,2.17,3.6,1.79,2.12,,28,1.76,5.2,3.4,3.6,3.59,1.81,Everton,Sunderland,Everton_Sunderland_2014
352,4.75,3.64,1.68,3.4,1.8,4.2,,1.95,3.4,4.27,4.0,4.5,,3.58,1.95,1.9,3.5,4.5,1.91,44,1.95,-0.5,2.04,1.95,1.94,3.75,2.17,48,1.95,4.2,2.3,3.5,1.93,1.98,,29,1.89,4.75,3.5,3.4,3.43,1.76,Hull,Burnley,Hull_Burnley_2014
353,2.95,3.4,1.79,3.1,2.4,2.75,,2.63,3.25,2.82,2.8,2.9,,3.35,2.62,2.6,3.4,2.94,2.55,46,2.6,0.0,2.08,2.62,1.88,2.65,2.02,48,2.6,2.75,2.1,3.4,2.62,2.02,,29,1.84,2.9,3.3,3.4,3.28,1.87,Leicester,Southampton,Leicester_Southampton_2014
354,3.1,3.4,1.69,3.1,2.3,3.0,,2.62,3.3,2.95,2.8,3.0,,3.36,2.45,2.6,3.3,3.09,2.48,45,2.55,0.0,2.2,2.62,1.81,2.9,2.16,48,2.55,2.9,2.25,3.2,2.5,2.11,,29,1.76,3.1,3.3,3.3,3.24,1.79,Newcastle,West Brom,Newcastle_West Brom_2014
355,2.63,3.45,1.87,3.1,2.65,2.5,,2.97,3.25,2.52,2.62,2.6,,3.45,2.9,2.9,3.4,2.59,2.84,46,2.9,0.0,1.87,2.8,2.1,2.55,1.93,48,2.7,2.5,2.01,3.4,2.9,1.82,,29,2.04,2.6,3.3,3.4,3.3,1.93,Stoke,Tottenham,Stoke_Tottenham_2014
356,3.98,3.5,1.76,3.2,2.1,3.9,,2.11,3.3,3.72,3.75,3.8,,3.44,2.0,2.1,3.5,3.96,2.07,44,2.1,-0.25,2.16,2.1,1.82,3.8,2.06,47,2.1,3.3,2.17,3.4,2.1,2.1,,27,1.78,3.9,3.3,3.4,3.35,1.84,Chelsea,Liverpool,Chelsea_Liverpool_2014
357,15.0,7.8,3.08,6.0,1.2,13.0,,1.23,7.25,12.56,13.0,13.0,,7.4,1.22,1.22,7.5,13.75,1.21,40,1.22,-2.0,1.94,1.22,2.05,11.5,1.36,48,1.22,13.0,1.39,7.5,1.23,1.88,,31,1.99,15.0,5.8,7.0,6.86,3.3,Man City,QPR,Man City_QPR_2014
358,12.0,6.2,2.35,5.0,1.35,9.5,,1.35,5.75,10.29,9.0,11.0,,5.93,1.33,1.33,6.0,11.5,1.3,36,1.3,-1.5,2.08,1.33,1.92,10.0,1.58,45,1.3,7.6,1.63,5.5,1.31,1.99,,28,1.88,11.0,4.8,5.25,5.47,2.49,Arsenal,Swansea,Arsenal_Swansea_2014
359,3.0,3.4,1.67,3.1,2.75,2.9,,2.8,3.2,2.82,2.7,2.88,,3.39,2.62,2.63,3.3,2.92,2.59,42,2.7,0.0,2.1,2.7,1.9,2.65,2.18,45,2.65,2.4,2.29,3.25,2.61,2.02,,28,1.83,3.0,3.3,3.3,3.23,1.73,Burnley,Stoke,Burnley_Stoke_2014
360,8.2,4.8,2.16,4.2,1.45,6.5,,1.5,4.75,7.27,8.0,8.0,,4.76,1.5,1.45,4.75,7.23,1.45,42,1.45,-1.0,2.26,1.44,1.81,7.0,1.68,44,1.45,7.0,1.75,4.75,1.49,2.13,,28,1.75,7.5,4.0,4.5,4.48,2.3,Liverpool,Crystal Palace,Liverpool_Crystal Palace_2014
361,2.5,3.65,2.09,3.25,2.9,2.5,,3.1,3.4,2.38,2.4,2.4,,3.57,2.9,3.0,3.5,2.45,2.93,44,3.1,0.25,2.12,2.9,1.85,2.45,1.74,45,2.95,2.3,1.8,3.5,3.01,2.06,,27,1.81,2.45,3.3,3.5,3.45,2.19,QPR,Newcastle,QPR_Newcastle_2014
362,5.25,3.85,1.83,3.5,1.75,5.0,,1.8,3.5,4.93,5.0,5.25,,3.83,1.75,1.8,3.8,5.25,1.75,43,1.75,-0.75,1.96,1.75,2.0,4.5,1.97,44,1.78,4.5,2.06,3.6,1.76,1.92,,26,1.95,5.25,3.5,3.75,3.66,1.93,Southampton,Aston Villa,Southampton_Aston Villa_2014
363,2.85,3.36,1.76,3.1,2.4,2.75,,2.83,3.2,2.7,2.7,2.75,,3.3,2.75,2.8,3.3,2.75,2.71,43,2.8,0.0,1.96,2.7,2.01,2.65,2.04,45,2.65,2.85,2.13,3.3,2.83,1.91,,28,1.94,2.75,3.2,3.3,3.22,1.86,Sunderland,Leicester,Sunderland_Leicester_2014
364,5.0,4.05,2.04,3.3,1.7,4.75,,1.83,3.8,4.57,5.0,4.75,,3.99,1.8,1.75,3.8,4.72,1.77,43,1.8,-0.5,2.19,1.8,1.79,4.25,1.77,45,1.75,4.3,1.86,4.0,1.79,2.12,,27,1.75,4.75,3.8,3.75,3.78,2.18,Tottenham,Hull,Tottenham_Hull_2014
365,2.62,3.5,1.88,3.1,2.6,2.62,,3.0,3.2,2.49,2.6,2.6,,3.5,2.8,3.0,3.4,2.51,2.86,44,2.9,0.0,1.84,2.8,2.15,2.6,1.92,44,2.65,2.6,1.98,3.4,2.99,1.8,,28,2.07,2.5,3.2,3.4,3.33,1.97,West Ham,Everton,West Ham_Everton_2014
366,3.13,3.52,2.01,3.1,2.3,2.9,,2.52,3.5,2.95,3.0,3.0,,3.46,2.4,2.45,3.5,3.02,2.41,43,2.45,-0.25,1.84,2.5,2.15,2.95,1.79,45,2.4,2.9,1.85,3.5,2.5,1.79,,27,2.08,3.0,3.3,3.5,3.37,2.11,Man United,Arsenal,Man United_Arsenal_2014
367,1.8,4.23,2.25,3.5,4.5,1.75,,5.03,3.75,1.71,1.75,1.75,,4.23,4.5,5.0,4.2,1.71,4.79,40,4.75,0.75,1.94,5.0,2.02,1.75,1.63,45,5.0,1.75,1.68,4.1,5.03,1.9,,27,1.96,1.73,3.5,4.0,3.92,2.38,Swansea,Man City,Swansea_Man City_2014
368,2.05,3.56,1.76,3.1,3.6,1.95,,4.21,3.5,1.99,2.05,2.0,,3.54,4.0,4.2,3.5,2.0,3.94,43,4.1,0.5,2.02,4.0,1.94,2.0,2.05,44,4.0,2.0,2.12,3.5,4.21,1.98,,27,1.88,2.0,3.3,3.5,3.41,1.84,West Brom,Chelsea,West Brom_Chelsea_2014
369,13.0,6.2,2.3,5.5,1.35,11.0,,1.35,5.75,10.83,11.0,11.0,,5.46,1.3,1.29,6.0,12.31,1.29,35,1.3,-1.5,2.12,1.29,1.88,10.0,1.6,43,1.3,8.2,1.67,6.0,1.32,2.03,,28,1.83,13.0,4.6,5.5,5.5,2.47,Arsenal,Sunderland,Arsenal_Sunderland_2014
370,9.0,5.3,2.29,4.5,1.4,9.0,,1.43,4.75,8.06,8.0,8.5,,4.91,1.36,1.4,5.25,8.53,1.39,35,1.4,-1.5,1.85,1.4,2.21,7.0,1.61,42,1.4,7.3,1.67,5.0,1.43,1.76,,26,2.12,9.0,4.4,5.0,4.8,2.45,Arsenal,West Brom,Arsenal_West Brom_2014
371,3.8,3.66,1.9,3.3,2.0,3.6,,2.13,3.5,3.58,3.5,3.75,,3.67,2.1,2.1,3.6,3.65,2.07,42,2.1,-0.5,1.83,2.1,2.13,3.25,1.9,43,2.1,3.6,1.98,3.6,2.12,1.8,,26,2.08,3.7,3.3,3.4,3.44,1.99,Aston Villa,Burnley,Aston Villa_Burnley_2014
372,11.0,5.5,2.23,4.5,1.3,9.0,,1.36,5.25,9.37,10.0,9.5,,5.33,1.36,1.36,5.25,10.43,1.34,37,1.36,-1.5,1.92,1.36,2.06,8.75,1.64,42,1.36,9.0,1.7,5.25,1.36,1.86,,27,2.0,10.5,5.0,5.0,5.06,2.35,Chelsea,Sunderland,Chelsea_Sunderland_2014
373,3.42,3.7,2.01,3.2,2.1,3.2,,2.3,3.2,3.27,3.2,3.3,,3.7,2.2,2.25,3.6,3.38,2.19,42,2.25,-0.25,2.02,2.3,1.94,3.3,1.79,43,2.2,3.3,1.87,3.6,2.21,1.97,,25,1.89,3.25,3.3,3.5,3.45,2.1,Crystal Palace,Swansea,Crystal Palace_Swansea_2014
374,3.13,3.73,2.21,3.1,2.4,3.0,,2.4,3.4,2.99,3.1,3.0,,3.72,2.4,2.3,3.6,3.12,2.32,39,2.4,-0.25,1.91,2.4,2.08,2.85,1.66,43,2.35,2.75,1.73,3.7,2.31,1.87,,25,2.0,3.13,3.3,3.4,3.48,2.32,Everton,Tottenham,Everton_Tottenham_2014
375,2.4,3.8,1.99,3.3,2.85,2.2,,3.28,3.6,2.21,2.25,2.25,,3.71,3.25,3.2,3.75,2.27,3.14,42,3.2,0.5,2.27,3.2,1.76,2.2,1.81,43,3.2,2.2,1.88,3.6,3.22,2.19,,25,1.71,2.25,3.6,3.5,3.55,2.16,Hull,Man United,Hull_Man United_2014
376,6.2,4.57,2.41,3.8,1.6,5.5,,1.65,3.8,5.71,5.5,6.0,,4.57,1.62,1.57,4.33,6.02,1.56,34,1.6,-1.0,1.98,1.62,1.98,5.5,1.55,43,1.6,5.0,1.59,4.5,1.57,1.93,,28,1.93,6.0,3.9,4.0,4.21,2.65,Leicester,QPR,Leicester_QPR_2014
377,6.3,4.75,2.66,3.8,1.5,6.0,,1.6,4.0,5.61,6.0,6.0,,4.62,1.57,1.57,4.5,5.59,1.56,37,1.57,-1.0,2.03,1.57,2.0,5.75,1.45,43,1.55,6.1,1.5,4.6,1.6,1.93,,28,1.94,5.75,4.0,4.2,4.27,2.83,Man City,Southampton,Man City_Southampton_2014
378,4.7,4.2,2.25,3.5,1.65,4.5,,1.83,3.9,4.42,4.5,4.33,,4.0,1.8,1.8,4.0,4.69,1.77,38,1.83,-0.5,2.2,1.8,1.82,4.4,1.64,43,1.8,4.6,1.7,4.0,1.79,2.1,,25,1.78,4.6,3.8,3.75,3.84,2.4,Newcastle,West Ham,Newcastle_West Ham_2014
379,2.2,3.71,1.99,3.3,3.3,2.2,,3.64,3.4,2.12,2.2,2.15,,3.7,3.3,3.5,3.6,2.15,3.42,41,3.5,0.25,1.88,3.3,2.07,2.15,1.81,42,3.25,2.1,1.87,3.6,3.51,1.85,,25,2.02,2.15,3.3,3.5,3.48,2.14,Stoke,Liverpool,Stoke_Liverpool_2014
