,LBD,WHA,IWD,GBH,WHH,GBA,B365H,B365AH,B365<2.5,LBH,LBAHH,SOD,B365D,SBD,SBH,B365>2.5,GB>2.5,WHD,SOA,IWA,LBAHA,LBA,SBA,GB<2.5,GBAHH,B365AHA,GBD,LBAH,GBAH,IWH,GBAHA,B365A,B365AHH,SOH,HomeTeam,AwayTeam,idGame
0,4.0,8.0,4.0,1.44,1.28,7.0,1.4,-1.25,2.1,1.3330000000000002,1.9,3.75,3.8,3.75,1.4,1.7,1.75,4.5,7.5,7.0,1.95,8.0,7.5,1.95,1.9,1.925,4.0,-1.25,-1.25,1.35,1.9,8.0,1.975,1.4,Arsenal,Everton,Arsenal_Everton_2003
1,3.2,2.8,3.0,2.35,2.2,2.8,2.375,-0.25,1.85,2.2,1.75,3.25,3.25,3.2,2.25,1.95,1.85,3.2,2.75,2.5,2.1,2.8,2.8,1.85,2.05,1.8,3.25,0.0,-0.25,2.5,1.75,2.75,2.1,2.25,Birmingham,Tottenham,Birmingham_Tottenham_2003
2,3.5,5.0,3.2,1.68,1.57,5.0,1.615,-0.75,1.9,1.615,2.0,3.4,3.4,3.4,1.57,1.9,1.85,3.5,5.5,4.2,1.85,4.5,5.5,1.85,1.95,1.95,3.4,-0.75,-0.75,1.7,1.85,5.5,1.95,1.57,Blackburn,Wolves,Blackburn_Wolves_2003
3,3.2,2.62,3.1,2.4,2.3,2.7,2.3,-0.25,1.7,2.375,1.85,3.25,3.25,3.2,2.2,2.1,1.95,3.2,2.8,3.0,2.0,2.6,2.87,1.75,1.8,1.8,3.25,0.0,0.0,2.1,2.0,2.8,2.1,2.2,Fulham,Middlesbrough,Fulham_Middlesbrough_2003
4,3.2,2.62,3.1,2.5,2.3,2.6,2.5,0.0,1.8,2.5,1.85,3.2,3.2,3.2,2.4,2.0,1.95,3.2,2.63,2.8,2.0,2.5,2.6,1.75,1.85,2.05,3.25,0.0,0.0,2.2,1.95,2.6,1.85,2.38,Leicester,Southampton,Leicester_Southampton_2003
5,4.5,9.5,4.2,1.3,1.22,9.0,1.286,-1.75,2.2,1.25,1.95,5.0,4.5,5.0,1.25,1.66,1.65,5.0,8.5,8.0,1.9,10.0,9.0,2.1,1.95,1.85,4.8,-1.75,-1.75,1.3,1.85,10.0,2.05,1.25,Man United,Bolton,Man United_Bolton_2003
6,3.2,2.62,3.0,2.4,2.3,2.7,2.375,-0.25,1.9,2.375,2.1,3.3,3.25,3.2,2.25,1.9,1.9,3.2,2.8,2.6,1.75,2.6,2.8,1.8,2.05,1.8,3.25,-0.25,-0.25,2.4,1.75,2.75,2.1,2.38,Portsmouth,Aston Villa,Portsmouth_Aston Villa_2003
7,3.2,2.5,3.1,2.38,2.37,2.75,2.25,0.0,1.95,2.25,2.05,3.25,3.4,3.2,2.3,1.85,1.9,3.3,2.75,3.0,1.8,2.75,2.75,1.8,2.05,2.1,3.25,-0.25,-0.25,2.1,1.75,2.75,1.8,2.25,Charlton,Man City,Charlton_Man City_2003
8,3.2,2.1,3.0,2.85,3.0,2.3,2.75,0.25,2.0,2.8,1.8,3.4,3.25,3.2,2.62,1.8,1.8,3.2,2.25,2.3,2.05,2.2,2.37,1.9,1.8,2.075,3.25,0.25,0.25,2.7,2.0,2.375,1.825,2.9,Leeds,Newcastle,Leeds_Newcastle_2003
9,3.2,2.8,3.0,2.25,2.3,3.25,2.25,-0.25,1.9,2.25,2.05,3.3,3.25,3.2,2.2,1.9,1.9,3.0,3.0,2.7,1.8,2.75,2.87,1.8,2.05,1.8,3.25,-0.25,-0.25,2.3,1.85,2.875,2.1,2.25,Liverpool,Chelsea,Liverpool_Chelsea_2003
10,3.25,2.5,3.0,2.5,2.5,2.6,2.5,0.0,1.8,2.5,1.95,3.2,3.3,3.2,2.4,2.0,1.85,3.1,2.5,2.6,1.9,2.4,2.6,1.85,1.9,1.95,3.25,0.0,0.0,2.4,1.9,2.5,1.95,2.5,Bolton,Blackburn,Bolton_Blackburn_2003
11,4.5,9.5,4.5,1.26,1.22,10.0,1.25,-1.5,2.05,1.25,1.75,5.0,5.0,5.0,1.25,1.75,1.6,5.0,10.0,9.0,2.1,10.0,9.0,2.15,1.75,2.125,5.0,-1.5,-1.5,1.25,2.05,10.0,1.775,1.22,Chelsea,Leicester,Chelsea_Leicester_2003
12,3.4,4.0,3.1,1.85,1.72,4.0,1.8,-0.5,1.7,1.7269999999999999,1.8,3.4,3.4,3.25,1.72,2.1,1.9,3.4,4.5,3.8,2.05,4.0,4.33,1.79,1.8,2.05,3.3,-0.5,-0.5,1.8,2.0,4.0,1.85,1.67,Everton,Fulham,Everton_Fulham_2003
13,3.5,4.33,3.3,1.67,1.66,5.0,1.6669999999999998,-0.75,1.9,1.615,1.8,3.4,3.6,3.4,1.66,1.9,1.85,3.4,4.5,4.4,2.05,4.5,4.5,1.85,1.8,2.075,3.4,-0.75,-0.75,1.65,2.0,4.5,1.825,1.67,Man City,Portsmouth,Man City_Portsmouth_2003
14,3.25,2.2,3.0,3.1,2.87,2.1,3.0,0.25,2.1,2.75,2.1,3.4,3.2,3.25,3.0,1.7,1.65,3.1,2.2,2.1,1.75,2.2,2.1,2.05,2.3,1.875,3.4,0.25,0.0,3.1,1.6,2.2,2.025,3.0,Newcastle,Man United,Newcastle_Man United_2003
15,3.2,3.5,3.1,2.0,1.9,3.6,1.909,-0.5,1.7,2.0,2.0,3.25,3.25,3.2,1.9,2.1,2.0,3.2,3.5,3.5,1.85,3.2,3.6,1.71,1.95,1.9,3.2,-0.5,-0.5,1.9,1.85,3.75,2.0,1.91,Southampton,Birmingham,Southampton_Birmingham_2003
16,3.2,3.0,3.1,2.1,2.1,3.3,2.0,-0.25,1.85,2.1,2.0,3.25,3.25,3.2,2.2,1.95,1.85,3.2,3.0,3.2,1.85,3.0,2.9,1.85,2.0,1.875,3.2,-0.25,-0.25,2.0,1.8,3.4,2.025,2.1,Tottenham,Leeds,Tottenham_Leeds_2003
17,3.2,2.8,3.0,2.35,2.25,2.75,2.375,0.0,1.75,2.25,2.05,3.2,3.25,3.2,2.25,2.05,1.85,3.1,2.62,2.9,1.8,2.75,2.8,1.85,2.05,2.1,3.3,-0.25,-0.25,2.2,1.75,2.7,1.8,2.38,Wolves,Charlton,Wolves_Charlton_2003
18,3.25,2.1,3.0,3.1,3.1,2.15,3.0,0.25,1.75,2.75,,3.4,3.2,3.2,2.87,2.05,1.85,3.1,2.2,2.1,,2.2,2.2,1.85,1.95,1.95,3.3,,0.25,3.1,1.85,2.2,1.95,3.0,Aston Villa,Liverpool,Aston Villa_Liverpool_2003
19,3.2,1.72,3.1,4.4,4.2,1.75,4.0,0.5,1.85,4.0,2.05,3.4,3.4,3.25,4.33,1.95,1.75,3.25,1.8,1.8,1.8,1.8,1.72,1.95,1.65,1.85,3.4,0.5,1.0,3.8,2.2,1.8,2.05,4.33,Middlesbrough,Arsenal,Middlesbrough_Arsenal_2003
20,3.4,3.2,3.1,2.0,2.0,3.5,2.0,-0.5,1.9,2.0,2.0,3.5,3.25,3.25,1.9,1.9,1.79,3.2,3.75,3.6,1.85,3.0,3.5,1.9,1.95,1.8,3.2,-0.5,-0.5,1.85,1.85,3.4,2.1,1.91,Blackburn,Man City,Blackburn_Man City_2003
21,3.2,2.6,3.0,2.4,2.4,2.7,2.375,,1.85,2.25,1.75,3.25,3.2,3.2,2.3,1.95,1.85,3.1,2.75,2.9,2.1,2.75,2.7,1.9,1.75,,3.25,0.0,0.0,2.2,2.05,2.75,,2.25,Charlton,Everton,Charlton_Everton_2003
22,3.4,3.2,3.1,2.05,2.0,3.35,2.0,,1.8,2.0,1.85,3.25,3.25,3.25,2.0,2.0,1.85,3.2,3.25,3.5,2.0,3.0,3.25,1.85,1.8,,3.25,-0.25,-0.25,1.9,2.0,3.4,,2.0,Leeds,Southampton,Leeds_Southampton_2003
23,3.2,2.62,3.0,2.4,2.37,2.7,2.5,,1.75,2.375,1.8,3.25,3.2,3.2,2.37,2.05,1.9,3.1,2.75,2.7,2.05,2.6,2.62,1.79,1.8,,3.25,0.0,0.0,2.3,2.0,2.6,,2.25,Leicester,Middlesbrough,Leicester_Middlesbrough_2003
24,3.2,3.2,3.0,2.1,2.0,3.25,2.1,,1.85,2.1,1.8,3.25,3.25,3.25,2.0,1.95,1.9,3.2,3.25,2.9,2.05,3.0,3.25,1.79,1.8,,3.25,-0.25,-0.25,2.2,2.0,3.2,,2.0,Portsmouth,Bolton,Portsmouth_Bolton_2003
25,4.5,8.0,4.2,1.26,1.28,10.0,1.286,-1.5,2.0,1.25,2.05,5.0,5.0,5.0,1.25,1.8,1.6,4.5,8.5,8.0,1.8,10.0,8.5,2.15,1.8,2.025,5.0,-1.75,-1.5,1.3,2.0,8.5,1.875,1.25,Arsenal,Aston Villa,Arsenal_Aston Villa_2003
26,3.5,6.0,3.5,1.53,1.5,6.5,1.5,-1.0,1.85,1.5330000000000001,2.05,3.4,3.5,3.4,1.53,1.95,1.79,3.4,5.5,4.8,1.8,5.5,6.0,1.9,2.0,1.8,3.5,-1.0,-1.0,1.55,1.8,7.0,2.1,1.57,Liverpool,Tottenham,Liverpool_Tottenham_2003
27,5.5,15.0,6.0,1.13,1.11,16.0,1.143,-2.25,2.62,1.167,1.85,7.5,6.5,6.0,1.12,1.44,1.4,6.5,17.0,12.0,2.0,12.0,17.0,2.65,1.8,2.025,7.0,-2.25,-2.25,1.15,2.0,15.0,1.875,1.12,Man United,Wolves,Man United_Wolves_2003
28,3.25,4.33,3.2,1.7,1.72,4.7,1.6669999999999998,-0.75,1.75,1.6669999999999998,,3.25,3.4,3.25,1.72,2.05,1.85,3.2,4.33,4.0,,4.5,4.33,1.85,2.2,1.825,3.4,,-1.0,1.75,1.65,5.0,2.075,1.73,Aston Villa,Leicester,Aston Villa_Leicester_2003
29,3.2,2.75,3.1,2.3,2.2,2.8,2.3,-0.25,1.85,2.25,2.0,3.25,3.25,3.25,2.1,1.95,1.9,3.25,3.0,3.0,1.85,2.75,3.0,1.79,1.95,1.85,3.3,-0.25,-0.25,2.1,1.85,2.8,2.05,2.1,Bolton,Charlton,Bolton_Charlton_2003
30,3.75,6.0,3.5,1.53,1.5,6.25,1.5,-1.25,2.0,1.4,1.8,3.75,3.6,3.75,1.44,1.8,1.6,3.4,6.5,4.8,2.05,7.0,6.5,2.15,2.2,1.8,3.55,-1.0,-1.25,1.55,1.65,6.5,2.1,1.44,Chelsea,Blackburn,Chelsea_Blackburn_2003
31,3.2,2.5,3.0,2.65,2.5,2.55,2.6,0.0,1.8,2.5,2.05,3.25,3.2,3.2,2.5,2.0,1.9,3.1,2.6,2.5,1.8,2.5,2.5,1.79,2.0,1.825,3.1,0.0,0.0,2.5,1.8,2.5,2.075,2.6,Everton,Liverpool,Everton_Liverpool_2003
32,3.2,3.2,3.0,2.2,2.0,3.0,2.0,-0.25,1.8,2.0,1.8,3.25,3.25,3.25,2.1,2.0,1.85,3.2,3.0,3.1,2.05,3.2,3.0,1.85,1.85,2.05,3.25,-0.25,-0.25,2.1,1.95,3.4,1.85,2.1,Middlesbrough,Leeds,Middlesbrough_Leeds_2003
33,3.4,6.0,3.5,1.55,1.5,6.1,1.5330000000000001,-1.0,2.0,1.5,2.1,3.5,3.4,3.5,1.5,1.8,1.75,3.4,6.0,4.8,1.75,6.0,6.0,1.95,2.0,1.825,3.55,-1.0,-1.0,1.55,1.8,6.5,2.075,1.5,Newcastle,Birmingham,Newcastle_Birmingham_2003
34,3.2,4.33,3.1,1.75,1.72,4.4,1.6669999999999998,-0.75,1.8,1.7269999999999999,2.0,3.4,3.4,3.25,1.72,2.0,1.85,3.2,4.5,3.8,1.85,4.333,4.33,1.85,1.7,1.9,3.4,-0.75,-0.5,1.8,2.1,5.0,2.0,1.67,Tottenham,Fulham,Tottenham_Fulham_2003
35,3.4,2.3,3.2,2.7,2.62,2.4,2.75,0.0,1.85,2.625,2.05,3.2,3.2,3.2,2.5,1.95,1.85,3.2,2.5,2.4,1.8,2.25,2.5,1.85,1.75,1.9,3.3,0.0,0.25,2.4,2.05,2.375,2.0,2.5,Wolves,Portsmouth,Wolves_Portsmouth_2003
36,3.6,1.66,3.2,4.3,4.5,1.75,4.0,0.5,2.0,4.333,2.1,3.4,3.4,3.25,4.33,1.8,1.6,3.3,1.8,1.7,1.75,1.615,1.72,2.15,1.5,1.825,3.45,0.5,1.0,4.2,2.4,1.8,2.075,4.33,Man City,Arsenal,Man City_Arsenal_2003
37,3.5,1.57,3.3,4.9,5.0,1.65,5.0,0.75,2.05,5.0,2.0,3.6,3.4,3.4,5.0,1.75,1.65,3.5,1.67,1.65,1.85,1.571,1.61,2.05,1.77,1.825,3.5,0.75,1.0,4.4,2.05,1.6669999999999998,2.075,5.0,Southampton,Man United,Southampton_Man United_2003
38,5.0,9.5,4.2,1.27,1.22,10.0,1.28,-1.5,2.25,1.222,1.9,5.0,4.5,5.0,1.22,1.61,1.6,5.0,10.0,8.0,1.95,10.0,10.0,2.25,1.85,2.05,5.0,-1.5,-1.5,1.3,1.95,10.0,1.85,1.22,Arsenal,Portsmouth,Arsenal_Portsmouth_2003
39,3.2,2.4,3.0,2.75,2.6,2.4,2.8,-1.5,1.85,2.5,2.05,3.2,3.25,3.2,2.62,1.95,1.85,3.1,2.38,2.3,1.8,2.5,2.37,1.85,2.05,1.875,3.2,0.0,0.0,2.7,1.77,2.3,2.025,2.62,Blackburn,Liverpool,Blackburn_Liverpool_2003
40,3.0,2.8,3.0,2.3,2.25,2.9,2.3,-0.25,1.8,2.375,,3.25,3.2,3.2,2.25,2.0,1.95,3.1,2.8,2.9,,2.75,2.8,1.75,1.95,1.8,3.2,,-0.25,2.2,1.85,2.87,2.1,2.2,Bolton,Middlesbrough,Bolton_Middlesbrough_2003
41,3.5,1.57,3.3,5.5,5.0,1.57,5.0,0.5,2.0,4.5,1.85,3.5,3.6,3.4,5.5,1.8,1.71,3.5,1.53,1.65,2.0,1.615,1.57,2.0,1.8,1.8,3.65,1.0,1.0,4.4,2.0,1.61,2.1,5.5,Charlton,Man United,Charlton_Man United_2003
42,3.5,6.0,3.5,1.5,1.53,6.65,1.53,-1.25,2.05,1.5330000000000001,2.0,3.5,3.6,3.5,1.5,1.75,1.8,3.25,7.0,4.8,1.85,5.5,6.0,1.9,1.95,1.825,3.65,-1.25,-1.25,1.55,1.85,6.0,2.075,1.44,Chelsea,Tottenham,Chelsea_Tottenham_2003
43,3.25,2.62,3.0,2.4,2.37,2.75,2.37,-1.25,1.9,2.4,1.8,3.2,3.2,3.2,2.3,1.9,1.8,3.1,2.62,2.7,2.05,2.5,2.7,1.9,1.8,2.1,3.2,0.0,0.0,2.3,2.0,2.75,1.8,2.38,Everton,Newcastle,Everton_Newcastle_2003
44,3.25,5.0,3.2,1.6,1.57,5.4,1.61,-0.75,1.85,1.615,1.8,3.4,3.4,3.4,1.57,1.95,1.85,3.5,5.5,4.2,2.05,5.0,5.5,1.85,1.8,2.05,3.55,-0.75,-0.75,1.7,2.05,5.5,1.85,1.57,Southampton,Wolves,Southampton_Wolves_2003
45,3.0,3.75,3.1,1.95,1.83,3.6,1.83,-0.5,1.75,1.8330000000000002,2.05,3.4,3.25,3.3,1.83,2.05,1.9,3.2,4.33,3.2,1.8,4.0,3.75,1.79,1.9,1.875,3.25,-0.5,-0.5,2.0,1.9,4.0,2.025,1.8,Birmingham,Fulham,Birmingham_Fulham_2003
46,3.0,3.6,3.1,1.95,1.83,3.65,1.83,-0.5,1.9,1.8330000000000002,1.95,3.4,3.25,3.3,1.83,1.9,1.79,3.3,3.5,3.2,1.9,4.0,3.75,1.9,1.9,1.925,3.25,-0.5,-0.5,2.0,1.9,4.0,1.975,2.0,Man City,Aston Villa,Man City_Aston Villa_2003
47,3.2,2.5,3.2,2.65,2.5,2.5,2.6,-0.5,1.8,2.5,2.05,3.4,3.2,3.2,2.5,2.0,1.85,3.1,2.38,2.4,1.8,2.5,2.5,1.85,1.77,1.875,3.2,0.0,0.25,2.4,2.05,2.5,2.025,2.75,Leicester,Leeds,Leicester_Leeds_2003
48,3.2,3.75,3.1,1.9,1.83,3.75,1.9,-0.5,1.8,1.909,1.9,3.25,3.25,3.25,1.85,2.0,1.85,3.2,3.75,3.8,1.95,3.5,3.75,1.85,1.65,1.9,3.3,-0.5,-0.25,1.8,2.15,3.75,2.0,1.83,Aston Villa,Charlton,Aston Villa_Charlton_2003
49,3.2,2.5,3.0,2.4,2.5,2.7,2.3,0.0,1.9,2.25,1.85,3.2,3.25,3.2,2.37,1.9,1.85,3.1,2.62,2.7,2.0,2.75,2.62,1.85,1.8,2.05,3.25,0.0,0.0,2.3,2.0,2.8,1.85,2.38,Fulham,Man City,Fulham_Man City_2003
50,3.2,2.75,3.0,2.15,2.2,3.15,2.1,-0.25,1.75,2.1,1.85,3.25,3.25,3.25,2.1,2.05,1.85,3.25,3.0,3.1,2.0,3.0,3.0,1.85,1.9,2.05,3.25,-0.25,-0.25,2.1,1.9,3.2,1.85,2.1,Leeds,Birmingham,Leeds_Birmingham_2003
51,3.75,8.0,4.0,1.32,1.33,10.0,1.3,-1.25,2.0,1.3330000000000002,1.8,4.0,4.5,4.2,1.33,1.8,1.65,4.0,8.5,7.0,2.05,9.0,8.0,2.05,1.75,2.075,4.3,-1.25,-1.25,1.35,2.08,9.5,1.825,1.33,Liverpool,Leicester,Liverpool_Leicester_2003
52,3.4,6.0,3.5,1.53,1.5,6.5,1.5,-1.0,2.0,1.5,1.85,3.5,3.6,3.4,1.53,1.8,1.71,3.4,5.5,4.8,2.0,6.0,6.0,2.0,1.92,2.0,3.5,-1.0,-1.0,1.55,1.9,6.5,1.9,1.53,Newcastle,Bolton,Newcastle_Bolton_2003
53,3.2,2.62,3.0,2.3,2.3,2.87,2.25,-0.25,1.85,2.1,2.0,3.25,3.25,3.2,2.25,1.95,1.71,3.2,2.75,2.7,1.85,3.0,2.8,2.0,2.0,1.85,3.25,-0.25,-0.25,2.3,1.8,2.87,2.05,2.25,Portsmouth,Blackburn,Portsmouth_Blackburn_2003
54,3.2,3.2,3.1,2.1,2.0,3.25,2.0,-0.25,1.8,2.2,1.85,3.25,3.25,3.25,2.0,2.0,1.85,3.2,3.25,3.5,2.0,2.8,3.25,1.85,1.85,2.075,3.25,-0.25,-0.25,1.9,1.95,3.4,1.825,2.0,Tottenham,Southampton,Tottenham_Southampton_2003
55,3.4,1.44,3.7,5.95,6.5,1.5,6.5,1.25,2.1,6.0,2.0,4.0,3.6,3.6,6.0,1.7,1.65,3.6,1.44,1.5,1.85,1.5,1.5,2.05,1.95,1.95,3.65,1.25,1.25,5.0,1.85,1.5,1.95,7.5,Wolves,Chelsea,Wolves_Chelsea_2003
56,3.2,3.1,3.0,2.15,2.2,3.2,2.0,-0.25,2.0,2.1,1.85,3.4,3.25,3.1,2.2,1.8,1.75,2.87,3.5,3.1,2.0,3.0,3.0,1.95,1.9,2.025,3.25,-0.25,-0.25,2.1,1.92,3.4,1.875,2.0,Man United,Arsenal,Man United_Arsenal_2003
57,3.2,2.62,3.0,2.33,2.3,2.82,2.3,-0.25,1.85,2.2,2.05,3.25,3.25,3.2,2.3,1.95,1.85,3.2,2.8,2.7,1.8,2.8,2.7,1.85,2.08,1.875,3.25,-0.25,-0.25,2.3,1.78,2.8,2.025,2.4,Middlesbrough,Everton,Middlesbrough_Everton_2003
58,3.75,6.0,3.7,1.55,1.5,5.7,1.53,-1.0,2.05,1.444,2.05,3.75,3.5,3.5,1.5,1.75,1.79,3.4,7.0,5.0,1.8,6.0,6.0,1.9,1.9,1.85,3.7,-1.0,-1.0,1.5,1.9,5.5,2.05,1.5,Arsenal,Newcastle,Arsenal_Newcastle_2003
59,3.2,3.2,3.1,2.0,2.0,3.5,1.9,-0.5,1.8,1.8330000000000002,2.05,3.25,3.25,3.25,1.9,2.0,1.9,3.2,3.5,3.5,1.8,3.75,3.5,1.79,2.0,1.9,3.25,-0.5,-0.5,1.9,1.8,3.75,2.0,1.91,Birmingham,Portsmouth,Birmingham_Portsmouth_2003
60,3.4,4.33,3.3,1.67,1.72,5.0,1.61,-0.75,1.9,1.6669999999999998,1.8,3.4,3.6,3.4,1.61,1.9,1.85,3.2,5.0,4.4,2.05,4.333,5.0,1.85,1.8,2.05,3.45,-0.75,-0.75,1.65,2.0,5.0,1.85,1.62,Bolton,Wolves,Bolton_Wolves_2003
61,4.0,8.5,4.0,1.35,1.3,8.5,1.33,-1.5,2.1,1.3330000000000002,2.0,4.33,4.33,4.0,1.36,1.7,1.71,4.2,8.5,7.0,1.85,8.0,7.5,2.0,2.0,1.85,4.3,-1.5,-1.5,1.35,1.8,8.5,2.05,1.3,Chelsea,Aston Villa,Chelsea_Aston Villa_2003
62,3.6,1.44,3.5,6.5,7.0,1.5,6.5,1.0,2.0,6.5,2.0,3.75,3.6,3.6,6.0,1.8,1.71,3.5,1.44,1.55,1.85,1.444,1.5,2.0,1.95,1.925,3.7,1.0,1.0,4.8,1.85,1.5,1.975,6.5,Leicester,Man United,Leicester_Man United_2003
63,3.2,4.33,3.1,1.8,1.66,4.4,1.8,-0.5,1.75,1.7269999999999999,1.8,3.4,3.2,3.25,1.8,2.05,1.9,3.4,4.5,3.8,2.05,4.333,4.0,1.79,1.8,2.05,3.25,-0.5,-0.5,1.8,2.0,4.33,1.85,1.67,Southampton,Middlesbrough,Southampton_Middlesbrough_2003
64,3.4,4.5,3.1,1.75,1.66,4.5,1.8,-0.75,1.95,1.6669999999999998,2.0,3.25,3.4,3.25,1.72,1.85,1.79,3.3,4.33,3.8,1.85,4.333,4.33,1.9,2.0,1.85,3.35,-0.75,-0.75,1.8,1.8,4.0,2.05,1.73,Blackburn,Fulham,Blackburn_Fulham_2003
65,3.25,1.72,3.1,4.15,4.2,1.85,4.33,0.5,1.9,3.75,2.0,3.4,3.2,3.25,4.0,1.9,1.9,3.25,1.8,1.85,1.85,1.8,1.8,1.79,1.95,1.9,3.25,0.5,0.5,3.6,1.85,1.8,2.0,4.33,Charlton,Liverpool,Charlton_Liverpool_2003
66,3.4,3.75,3.1,1.85,1.8,4.0,1.83,-0.5,1.95,1.7269999999999999,2.0,3.25,3.25,3.3,1.72,1.85,1.9,3.3,4.33,3.8,1.85,4.0,4.33,1.79,1.85,2.1,3.33,-0.75,-0.5,1.8,1.95,4.0,1.8,1.73,Everton,Leeds,Everton_Leeds_2003
67,3.4,4.0,3.1,1.75,1.72,4.4,1.72,-0.75,2.05,1.6669999999999998,2.05,3.5,3.4,3.25,1.75,1.75,1.75,3.4,4.75,3.6,1.8,4.333,4.2,1.95,1.95,1.85,3.4,-0.75,-0.75,1.85,1.85,4.5,2.05,1.73,Man City,Tottenham,Man City_Tottenham_2003
68,3.5,4.5,3.3,1.71,1.66,4.5,1.61,-0.75,2.0,1.615,1.85,3.4,3.6,3.4,1.66,1.8,1.85,3.3,5.0,4.4,2.0,4.5,4.5,1.85,1.9,2.0,3.5,-0.75,-0.75,1.65,1.9,5.0,1.9,1.62,Fulham,Leicester,Fulham_Leicester_2003
69,3.25,2.25,3.1,2.5,2.6,2.6,2.5,0.0,1.9,2.4,2.0,3.2,3.3,3.2,2.37,1.9,1.79,3.4,2.38,2.6,1.85,2.5,2.62,1.9,1.9,1.925,3.25,0.0,0.0,2.3,1.9,2.5,1.975,2.63,Leeds,Blackburn,Leeds_Blackburn_2003
70,3.2,2.4,3.0,2.45,2.6,2.65,2.5,0.0,1.9,2.6,1.9,3.4,3.3,3.2,2.4,1.9,1.85,3.1,2.6,2.6,1.95,2.375,2.6,1.85,1.87,2.0,3.25,0.0,0.0,2.4,1.95,2.5,1.9,2.5,Liverpool,Arsenal,Liverpool_Arsenal_2003
71,3.75,8.0,4.0,1.31,1.28,9.0,1.3,-1.5,2.05,1.3330000000000002,1.95,4.5,4.5,4.5,1.28,1.75,1.65,4.5,8.5,7.0,1.9,9.0,9.0,2.1,1.9,1.925,4.5,-1.5,-1.5,1.35,1.9,9.5,1.975,1.29,Man United,Birmingham,Man United_Birmingham_2003
72,3.25,4.0,3.2,1.87,1.72,3.65,1.72,-0.5,1.85,1.6669999999999998,1.8,3.4,3.5,3.25,1.72,1.95,1.79,3.4,3.75,4.2,2.05,4.5,4.33,1.9,1.87,2.075,3.45,-0.5,-0.5,1.7,1.95,4.33,1.825,1.8,Newcastle,Southampton,Newcastle_Southampton_2003
73,3.2,3.2,3.1,2.05,2.0,3.4,2.1,-0.25,1.85,2.2,1.9,3.25,3.25,3.25,2.0,1.95,1.85,3.2,3.25,3.5,1.95,2.8,3.25,1.85,1.85,2.025,3.25,-0.25,-0.25,1.9,1.95,3.2,1.875,2.0,Portsmouth,Charlton,Portsmouth_Charlton_2003
74,3.2,3.0,3.1,2.27,2.1,2.85,2.25,-0.25,1.9,2.1,2.0,3.2,3.25,3.2,2.2,1.9,1.85,3.2,2.88,3.2,1.85,3.0,2.87,1.85,2.0,1.85,3.33,-0.25,-0.25,2.0,1.8,2.87,2.05,2.2,Tottenham,Everton,Tottenham_Everton_2003
75,3.25,1.83,3.1,3.5,3.6,2.0,3.25,0.5,2.0,3.75,1.9,3.25,3.5,3.25,3.25,1.8,1.75,3.3,1.91,2.0,1.95,1.8,2.0,1.95,1.8,2.05,3.25,0.5,0.5,3.2,2.0,2.0,1.85,3.5,Wolves,Man City,Wolves_Man City_2003
76,3.2,4.33,3.2,1.8,1.72,4.1,1.8,-0.5,1.75,1.7269999999999999,1.8,3.6,3.4,3.25,1.72,2.05,1.95,3.2,4.5,4.0,2.05,4.333,4.33,1.75,1.8,2.0,3.4,-0.5,-0.5,1.75,2.0,4.0,1.9,1.73,Aston Villa,Bolton,Aston Villa_Bolton_2003
77,3.25,1.66,3.2,4.25,4.5,1.8,4.33,0.75,1.9,4.5,2.05,3.4,3.5,3.4,4.2,1.9,1.75,3.3,1.73,1.75,1.8,1.6669999999999998,1.72,1.95,2.0,2.1,3.33,0.5,0.5,4.0,1.8,1.72,1.8,4.75,Middlesbrough,Chelsea,Middlesbrough_Chelsea_2003
78,3.4,1.72,3.1,4.2,4.2,1.8,4.33,0.5,1.85,4.0,2.1,3.25,3.5,3.25,4.0,1.95,1.81,3.25,1.8,1.8,1.75,1.7269999999999999,1.8,1.92,2.0,1.85,3.4,0.5,0.5,3.8,1.82,1.72,2.05,4.0,Birmingham,Chelsea,Birmingham_Chelsea_2003
79,3.4,2.8,3.0,2.15,2.2,3.1,2.2,-0.25,2.0,2.0,1.9,3.25,3.2,3.2,2.2,1.8,1.85,3.2,2.8,3.1,1.95,3.0,2.87,1.85,1.9,1.875,3.25,-0.25,-0.25,2.1,1.93,3.0,2.025,2.2,Arsenal,Chelsea,Arsenal_Chelsea_2003
80,3.5,5.5,3.4,1.6,1.57,5.55,1.57,-0.75,2.0,1.571,1.8,3.4,3.6,3.4,1.57,1.8,1.85,3.3,5.5,4.6,2.05,5.0,5.5,1.85,1.8,2.05,3.4,-0.75,-0.75,1.6,2.0,5.5,1.85,1.57,Fulham,Wolves,Fulham_Wolves_2003
81,3.25,1.57,3.3,4.75,5.5,1.66,5.0,0.75,2.0,4.5,2.1,3.5,3.6,3.4,5.0,1.8,1.71,3.3,1.53,1.65,1.75,1.6669999999999998,1.61,2.0,2.03,1.8,3.5,0.75,0.75,4.4,1.8,1.61,2.1,5.5,Leeds,Man United,Leeds_Man United_2003
82,3.25,4.5,3.1,1.65,1.66,4.95,1.66,-0.75,1.95,1.6669999999999998,1.95,3.25,3.4,3.25,1.7,1.85,1.75,3.3,4.5,3.8,1.9,4.5,4.5,1.95,1.9,2.0,3.4,-0.75,-0.75,1.8,1.9,5.0,1.9,1.7,Man City,Bolton,Man City_Bolton_2003
83,3.25,2.4,3.2,2.55,2.6,2.55,2.5,0.0,1.85,2.5,1.95,3.2,3.3,3.2,2.5,1.95,1.85,3.1,2.5,2.4,1.9,2.4,2.5,1.85,2.0,1.95,3.25,0.0,0.0,2.4,1.8,2.5,1.95,2.5,Middlesbrough,Newcastle,Middlesbrough_Newcastle_2003
84,3.25,1.83,3.2,3.6,3.75,1.95,4.0,0.5,1.9,3.75,1.9,3.25,3.25,3.25,3.5,1.9,1.9,3.2,1.91,1.9,1.95,1.8,1.9,1.79,1.85,2.0,3.3,0.5,0.5,3.4,1.95,1.83,1.9,3.5,Portsmouth,Liverpool,Portsmouth_Liverpool_2003
85,3.2,3.1,3.1,2.15,2.1,3.15,2.25,-0.25,1.66,2.1,1.9,3.25,3.0,3.2,2.2,2.15,1.95,3.1,2.8,3.2,1.95,3.0,2.87,1.75,1.95,1.925,3.25,-0.25,-0.25,2.0,1.85,3.1,1.975,2.2,Birmingham,Aston Villa,Birmingham_Aston Villa_2003
86,3.2,3.2,3.2,1.95,2.0,3.5,2.0,-0.25,1.9,2.1,2.05,3.4,3.25,3.25,1.9,1.9,1.85,3.2,3.5,3.5,1.8,3.0,3.5,1.85,2.0,2.05,3.3,-0.5,-0.5,1.85,1.8,3.4,1.85,2.0,Everton,Southampton,Everton_Southampton_2003
87,3.2,2.37,3.2,2.55,2.62,2.55,2.6,0.0,1.9,2.6,2.0,3.4,3.2,3.2,2.5,1.9,1.79,3.1,2.5,2.4,1.85,2.375,2.5,1.9,1.95,1.925,3.2,0.0,0.0,2.4,1.88,2.5,1.975,2.6,Leicester,Tottenham,Leicester_Tottenham_2003
88,3.2,3.8,3.2,1.9,1.8,3.8,1.9,-0.5,1.95,1.83,1.9,3.4,3.25,3.25,1.85,1.85,1.75,3.25,3.75,3.5,1.95,3.75,3.75,1.95,1.9,1.925,3.25,-0.5,-0.5,1.85,1.9,3.75,1.975,1.91,Blackburn,Charlton,Blackburn_Charlton_2003
89,3.2,2.3,3.2,2.6,2.62,2.5,2.5,0.0,1.9,2.38,1.85,3.2,3.2,3.2,2.6,1.9,1.85,3.2,2.38,2.4,2.0,2.6,2.4,1.85,1.9,2.025,3.2,0.0,0.0,2.4,1.9,2.6,1.875,2.62,Fulham,Newcastle,Fulham_Newcastle_2003
90,3.2,3.6,3.1,2.05,1.9,3.3,2.0,-0.25,1.8,1.909,1.8,3.25,3.25,3.25,2.0,2.0,1.85,3.1,3.25,3.2,2.05,3.5,3.25,1.85,1.85,2.05,3.3,-0.25,-0.25,2.0,1.95,3.4,1.85,2.0,Aston Villa,Everton,Aston Villa_Everton_2003
91,3.2,2.62,3.0,2.4,2.37,2.8,2.4,0.0,1.7,2.375,1.75,3.3,3.2,3.2,2.37,2.1,1.95,3.1,2.63,2.9,2.1,2.6,2.62,1.75,2.05,2.1,3.15,0.0,-0.25,2.2,1.75,2.7,1.8,2.5,Bolton,Birmingham,Bolton_Birmingham_2003
92,3.75,5.5,3.5,1.51,1.5,5.85,1.5,-1.0,2.1,1.444,1.9,3.75,3.5,3.75,1.44,1.7,1.65,3.6,6.5,4.8,1.95,6.0,6.5,2.1,1.9,2.0,3.75,-1.0,-1.0,1.55,1.9,7.0,1.9,1.44,Chelsea,Man City,Chelsea_Man City_2003
93,3.4,6.0,3.5,1.51,1.5,5.85,1.5,-1.0,2.0,1.5,1.95,3.75,3.5,3.5,1.5,1.8,1.79,3.4,6.5,4.8,1.9,6.0,6.0,1.9,1.9,1.925,3.75,-1.0,-1.0,1.55,1.9,7.0,1.975,1.44,Liverpool,Leeds,Liverpool_Leeds_2003
94,4.5,12.0,4.5,1.3,1.16,9.0,1.25,-1.5,2.05,1.25,1.85,5.0,5.0,5.0,1.22,1.75,1.65,5.5,10.0,9.0,2.0,10.0,10.0,2.1,1.85,2.0,4.75,-1.5,-1.5,1.25,1.95,10.0,1.9,1.22,Man United,Fulham,Man United_Fulham_2003
95,3.25,5.0,3.5,1.6,1.57,5.5,1.53,-0.75,1.95,1.571,1.85,3.4,3.6,3.4,1.57,1.85,1.79,3.5,5.5,4.8,2.0,5.5,5.5,1.9,1.9,2.05,3.5,-0.75,-0.75,1.55,1.9,6.0,1.85,1.57,Newcastle,Portsmouth,Newcastle_Portsmouth_2003
96,3.25,3.2,3.2,2.1,2.0,3.3,2.0,-0.25,1.85,1.909,1.85,3.25,3.25,3.25,2.0,1.95,1.95,3.2,3.25,3.4,2.0,3.4,3.25,1.75,1.9,2.025,3.2,-0.25,-0.25,1.9,1.9,3.4,1.875,2.0,Southampton,Blackburn,Southampton_Blackburn_2003
97,3.2,3.0,3.2,2.2,2.1,3.1,2.1,-0.25,1.8,2.2,1.95,3.2,3.25,3.2,2.2,2.0,2.0,3.2,2.88,3.4,1.9,2.8,2.87,1.71,1.95,1.9,3.2,-0.25,-0.25,1.9,1.85,3.2,2.0,2.2,Wolves,Leicester,Wolves_Leicester_2003
98,3.5,1.53,3.3,5.5,5.5,1.6,5.0,0.75,2.0,5.0,1.9,3.75,3.6,3.4,5.0,1.8,1.65,3.4,1.57,1.65,1.95,1.571,1.61,2.1,1.95,2.0,3.5,0.75,0.75,4.4,1.85,1.61,1.9,5.5,Charlton,Arsenal,Charlton_Arsenal_2003
99,3.4,3.75,3.2,1.95,1.8,3.7,1.83,-0.5,1.9,1.7269999999999999,2.05,3.25,3.25,3.3,1.83,1.9,1.85,3.3,4.0,3.4,1.8,4.0,3.75,1.85,1.95,1.8,3.25,-0.5,-0.5,1.9,1.85,4.0,2.1,1.91,Tottenham,Middlesbrough,Tottenham_Middlesbrough_2003
100,3.4,1.72,3.1,3.8,4.2,1.9,4.5,0.5,2.0,4.0,1.95,3.25,3.4,3.25,4.0,1.8,1.75,3.25,1.8,1.9,1.9,1.73,1.8,1.95,1.9,1.925,3.3,0.5,0.5,3.5,1.9,1.72,1.975,4.0,Everton,Chelsea,Everton_Chelsea_2003
101,3.25,1.57,3.2,4.75,5.0,1.65,5.5,,1.9,5.0,,3.5,3.6,3.4,5.0,1.9,1.75,3.5,1.57,1.7,,1.62,1.62,1.95,1.95,,3.55,,,4.2,,1.57,,5.0,Leeds,Arsenal,Leeds_Arsenal_2003
102,5.0,9.0,4.5,1.28,1.2,9.0,1.25,,2.1,1.2,,5.5,5.0,5.0,1.22,1.7,1.6,5.5,10.0,9.0,,11.0,10.0,2.2,2.0,,5.0,,,1.25,,10.0,,1.2,Man United,Portsmouth,Man United_Portsmouth_2003
103,3.2,4.0,3.2,1.77,1.72,4.3,1.72,,1.75,1.73,,3.4,3.4,3.25,1.7,2.05,1.9,3.4,4.5,4.0,,4.33,4.5,1.79,1.95,,3.4,,,1.75,,4.5,,1.67,Middlesbrough,Wolves,Middlesbrough_Wolves_2003
104,3.25,6.0,3.5,1.6,1.5,5.1,1.57,,1.85,1.57,,3.5,3.6,3.6,1.53,1.95,1.9,3.4,5.5,4.8,,5.5,5.5,1.79,1.8,,3.6,,,1.55,,5.5,,1.53,Newcastle,Aston Villa,Newcastle_Aston Villa_2003
105,3.2,2.75,3.1,2.25,2.2,2.9,2.2,,1.9,2.0,,3.25,3.4,3.2,2.2,1.9,1.85,3.25,2.8,3.0,,3.2,2.88,1.85,2.0,,3.3,,,2.1,,2.87,,2.2,Southampton,Man City,Southampton_Man City_2003
106,3.25,4.5,3.3,1.71,1.66,4.5,1.72,,1.9,1.67,,3.4,3.4,3.25,1.7,1.9,1.9,3.3,5.0,4.4,,4.5,4.5,1.79,2.0,,3.4,,,1.65,,4.5,,1.62,Tottenham,Bolton,Tottenham_Bolton_2003
107,3.2,2.25,3.0,2.7,2.8,2.4,2.7,,1.95,2.6,,3.3,3.25,3.1,2.7,1.85,1.75,3.1,2.38,2.3,,2.38,2.38,1.95,1.8,,3.2,,,2.7,,2.37,,2.8,Fulham,Liverpool,Fulham_Liverpool_2003
108,3.25,2.37,3.0,2.55,2.62,2.55,2.5,,1.8,2.5,,3.3,3.3,3.2,2.6,2.0,1.95,3.1,2.5,2.5,,2.4,2.4,1.75,1.9,,3.2,,,2.5,,2.5,,2.62,Leicester,Blackburn,Leicester_Blackburn_2003
109,3.2,3.5,3.1,1.95,1.9,3.7,1.9,,1.75,1.83,,3.4,3.25,3.25,1.85,2.05,2.0,3.2,3.75,3.6,,3.75,3.75,1.71,1.95,,3.25,,,1.85,,3.75,,1.91,Birmingham,Charlton,Birmingham_Charlton_2003
110,3.6,7.5,3.8,1.45,1.44,7.0,1.4,-1.25,2.05,1.444,1.85,4.0,3.75,3.6,1.44,1.75,1.65,3.3,8.0,5.4,2.0,6.5,7.0,2.0,1.85,2.05,3.85,-1.25,-1.25,1.45,1.95,8.5,1.85,1.36,Arsenal,Tottenham,Arsenal_Tottenham_2003
111,3.0,3.0,3.0,2.05,2.2,3.45,2.0,-0.25,1.66,2.1,1.85,3.25,3.25,3.1,2.0,2.15,2.0,3.0,3.25,3.1,2.0,3.2,3.4,1.71,1.85,2.05,3.2,-0.25,-0.25,2.1,1.95,3.4,1.85,2.0,Aston Villa,Middlesbrough,Aston Villa_Middlesbrough_2003
112,3.2,2.62,3.0,2.4,2.37,2.7,2.37,-0.25,1.7,2.375,2.0,3.25,3.2,3.1,2.3,2.1,2.0,3.1,2.75,2.9,1.85,2.6,2.8,1.71,2.05,1.775,3.2,-0.25,-0.25,2.2,1.8,2.75,2.125,2.25,Bolton,Southampton,Bolton_Southampton_2003
113,3.2,3.0,3.0,2.3,2.1,2.9,2.25,-0.25,1.95,2.1,1.95,3.2,3.25,3.2,2.2,1.85,2.0,3.2,3.0,2.9,1.9,3.0,2.87,1.71,2.0,1.9,3.2,-0.25,-0.25,2.2,1.8,2.87,2.0,2.1,Charlton,Fulham,Charlton_Fulham_2003
114,3.25,3.5,3.2,1.9,1.9,3.9,1.83,-0.5,2.0,1.909,1.95,3.25,3.25,3.3,1.83,1.8,1.75,3.2,4.0,3.4,1.9,3.4,3.75,1.95,1.9,1.925,3.25,-0.5,-0.5,1.9,1.9,4.0,1.975,1.8,Portsmouth,Leeds,Portsmouth_Leeds_2003
115,3.2,2.4,3.0,2.7,2.6,2.45,2.6,0.0,1.7,2.6,2.1,3.25,3.2,3.1,2.7,2.1,1.85,3.1,2.38,2.4,1.75,2.375,2.37,1.85,1.8,1.825,3.15,0.0,0.25,2.6,2.0,2.5,2.075,2.88,Wolves,Birmingham,Wolves_Birmingham_2003
116,3.4,5.0,3.4,1.62,1.57,5.25,1.61,-0.75,2.05,1.5,1.8,3.5,3.6,3.4,1.57,1.75,1.71,3.5,6.5,4.6,2.05,6.0,5.5,2.0,1.8,2.075,3.5,-0.75,-0.75,1.6,2.0,5.0,1.825,1.57,Chelsea,Newcastle,Chelsea_Newcastle_2003
117,3.2,2.25,3.0,2.8,2.8,2.35,2.75,0.0,1.85,2.6,2.1,3.25,3.2,3.2,2.75,1.95,1.75,3.1,2.38,2.3,1.75,2.375,2.3,1.95,2.0,1.875,3.25,0.0,0.0,2.7,1.8,2.37,2.025,2.88,Liverpool,Man United,Liverpool_Man United_2003
118,3.6,6.0,3.7,1.45,1.5,7.0,1.44,-1.0,2.1,1.444,1.85,3.75,3.8,3.6,1.5,1.7,1.75,3.4,6.5,5.0,2.0,6.5,6.0,1.95,1.8,2.025,3.8,-1.0,-1.0,1.5,2.0,7.0,1.875,1.44,Man City,Leicester,Man City_Leicester_2003
119,3.25,2.87,3.0,2.3,2.2,2.9,2.25,-0.25,1.85,2.2,1.9,3.25,3.25,3.2,2.25,1.95,1.85,3.1,2.88,2.9,1.95,2.75,2.8,1.85,1.95,1.85,3.2,-0.25,-0.25,2.2,1.85,2.87,2.05,2.38,Blackburn,Everton,Blackburn_Everton_2003
120,3.2,1.72,3.1,4.45,4.2,1.77,4.5,0.5,1.85,4.33,1.8,3.25,3.4,3.25,4.33,1.95,1.79,3.25,1.73,1.85,2.05,1.73,1.73,1.9,2.05,1.875,3.35,0.75,0.5,3.6,1.77,1.72,2.025,4.33,Birmingham,Arsenal,Birmingham_Arsenal_2003
121,3.2,4.33,3.2,1.7,1.72,5.0,1.66,-0.75,1.9,1.73,1.85,3.4,3.4,3.25,1.67,1.9,1.95,3.2,4.5,4.2,2.0,4.33,4.75,1.75,1.85,2.0,3.3,-0.75,-0.75,1.7,1.95,5.0,1.9,1.67,Everton,Wolves,Everton_Wolves_2003
122,3.4,2.87,3.1,2.25,2.1,3.0,2.2,-0.25,1.9,2.0,2.0,3.25,3.2,3.2,2.25,1.9,1.95,3.3,2.75,3.0,1.85,3.0,2.8,1.75,1.95,1.875,3.2,-0.25,-0.25,2.1,1.85,3.0,2.025,2.25,Leeds,Bolton,Leeds_Bolton_2003
123,3.25,2.5,3.0,2.65,2.5,2.5,2.7,0.0,1.85,2.5,1.95,3.2,3.25,3.2,2.5,1.95,1.95,3.1,2.38,2.5,1.9,2.4,2.5,1.75,1.9,1.9,3.2,0.0,0.0,2.5,1.9,2.37,2.0,2.62,Leicester,Charlton,Leicester_Charlton_2003
124,5.0,9.5,4.5,1.28,1.22,10.0,1.25,-1.5,2.1,1.22,1.8,5.5,5.0,5.0,1.25,1.7,1.55,5.0,10.0,9.0,2.05,10.0,9.0,2.25,1.8,2.1,4.75,-1.5,-1.5,1.25,2.0,10.0,1.8,1.25,Man United,Blackburn,Man United_Blackburn_2003
125,3.2,2.25,3.1,2.85,2.75,2.33,2.8,0.25,1.75,2.6,1.85,3.25,3.25,3.2,2.8,2.05,1.9,3.2,2.25,2.2,2.0,2.38,2.25,1.79,1.8,2.1,3.25,0.25,0.25,2.8,2.0,2.3,1.8,2.75,Middlesbrough,Liverpool,Middlesbrough_Liverpool_2003
126,3.2,3.75,3.2,1.85,1.8,4.0,1.8,-0.5,2.0,1.73,1.8,3.25,3.4,3.25,1.75,1.8,1.71,3.3,4.0,4.0,2.05,4.33,4.2,2.0,1.85,2.025,3.35,-0.5,-0.5,1.75,1.95,4.0,1.875,1.8,Newcastle,Man City,Newcastle_Man City_2003
127,3.4,1.66,3.2,4.5,4.5,1.75,4.5,0.75,1.95,4.33,1.95,3.4,3.4,3.25,4.33,1.85,1.75,3.3,1.62,1.7,1.9,1.67,1.73,1.95,1.9,1.975,3.4,0.75,0.75,4.2,1.9,1.72,1.925,5.0,Southampton,Chelsea,Southampton_Chelsea_2003
128,3.2,3.3,3.1,2.0,2.0,3.6,1.9,-0.5,1.75,2.1,1.8,3.2,3.25,3.1,2.0,2.05,1.95,3.1,3.75,3.5,2.05,3.0,3.4,1.75,2.0,1.8,3.2,-0.25,-0.5,1.9,1.8,3.75,2.1,2.0,Tottenham,Aston Villa,Tottenham_Aston Villa_2003
129,3.25,3.6,3.2,1.95,1.83,3.7,1.83,-0.5,1.95,1.8,1.95,3.25,3.25,3.2,1.91,1.85,1.85,3.3,4.0,4.0,1.9,3.75,3.6,1.85,1.95,1.95,3.25,-0.5,-0.5,1.75,1.85,4.0,1.95,1.91,Fulham,Portsmouth,Fulham_Portsmouth_2003
130,3.0,2.87,3.0,2.27,2.25,2.9,2.25,-0.25,1.66,2.25,1.95,3.2,3.25,3.2,2.2,2.15,1.95,3.0,2.88,2.9,1.9,2.88,2.88,1.75,1.95,1.875,3.2,-0.25,-0.25,2.2,1.85,2.87,2.025,2.2,Aston Villa,Southampton,Aston Villa_Southampton_2003
131,3.2,2.8,3.0,2.18,2.2,3.05,2.1,-0.25,1.75,2.1,1.9,3.2,3.25,3.2,2.2,2.05,1.85,3.2,2.88,2.9,1.95,3.0,2.88,1.85,1.9,2.05,3.25,-0.25,-0.25,2.2,1.9,3.2,1.85,2.2,Blackburn,Tottenham,Blackburn_Tottenham_2003
132,3.2,2.8,3.0,2.3,2.25,2.85,2.25,-0.25,1.66,2.2,2.05,3.25,3.25,3.2,2.25,2.15,2.0,3.1,2.8,2.9,1.8,2.8,2.8,1.71,2.0,1.875,3.2,-0.25,-0.25,2.2,1.8,2.87,2.025,2.2,Bolton,Everton,Bolton_Everton_2003
133,3.5,4.5,3.3,1.65,1.61,4.85,1.61,-0.75,2.0,1.53,1.8,3.4,3.4,3.4,1.62,1.8,1.71,3.5,5.5,4.4,2.05,5.5,5.0,2.0,1.9,2.025,3.5,-0.75,-0.75,1.65,1.9,5.5,1.875,1.57,Charlton,Leeds,Charlton_Leeds_2003
134,3.4,4.0,3.3,1.85,1.8,3.95,1.8,-0.5,1.9,1.73,1.9,3.25,3.4,3.25,1.8,1.9,1.85,3.1,4.0,3.8,1.95,4.0,4.0,1.85,1.85,1.975,3.3,-0.5,-0.5,1.75,1.95,4.0,1.925,1.8,Portsmouth,Leicester,Portsmouth_Leicester_2003
135,3.2,1.9,3.3,3.7,3.5,1.92,3.75,0.5,1.95,3.0,2.0,3.4,3.25,3.25,3.75,1.85,1.85,3.2,1.8,1.8,1.85,2.1,1.85,1.85,1.9,1.9,3.25,0.5,0.5,3.6,1.9,1.9,2.0,4.33,Wolves,Newcastle,Wolves_Newcastle_2003
136,4.33,8.0,3.9,1.35,1.28,8.7,1.33,-1.25,2.1,1.29,1.9,4.5,4.33,4.0,1.33,1.7,1.55,4.5,9.0,6.0,1.95,9.0,8.5,2.25,2.0,2.05,4.15,-1.25,-1.5,1.4,1.8,8.5,1.85,1.33,Arsenal,Fulham,Arsenal_Fulham_2003
137,3.2,2.75,3.0,2.4,2.4,2.75,2.37,0.0,1.85,2.25,1.85,3.3,3.25,3.0,2.38,1.95,1.75,2.9,2.8,2.9,2.0,2.75,2.75,1.95,1.8,2.1,3.15,0.0,0.0,2.2,2.0,2.7,1.8,2.38,Chelsea,Man United,Chelsea_Man United_2003
138,3.25,5.5,3.5,1.58,1.53,5.7,1.57,-1.0,1.9,1.57,1.9,3.4,3.6,3.4,1.57,1.9,,3.4,5.0,4.8,1.95,5.5,5.5,,1.9,1.85,3.5,-1.0,-1.0,1.55,1.9,5.5,2.05,1.62,Liverpool,Birmingham,Liverpool_Birmingham_2003
139,3.25,3.4,3.1,2.0,1.9,3.45,1.9,-0.5,1.85,1.91,2.0,3.25,3.25,3.25,1.91,1.95,2.0,3.25,3.5,3.2,1.85,3.4,3.5,1.71,2.0,1.8,3.25,-0.5,-0.5,2.0,1.8,3.75,2.1,1.91,Man City,Middlesbrough,Man City_Middlesbrough_2003
140,3.2,3.0,3.2,2.2,2.1,3.0,2.2,-0.25,1.7,2.0,1.95,3.25,3.2,3.25,2.1,2.1,2.0,3.2,3.0,3.1,1.9,3.2,3.0,1.71,1.9,1.9,3.2,-0.25,-0.25,2.0,1.9,3.0,2.0,2.1,Birmingham,Blackburn,Birmingham_Blackburn_2003
141,3.2,3.6,3.1,1.9,1.83,3.8,1.8,-0.5,1.9,1.7269999999999999,2.0,3.25,3.2,3.25,1.85,1.9,1.9,3.3,3.75,3.8,1.85,4.333,3.75,1.85,1.95,1.925,3.25,-0.5,-0.5,1.8,1.85,4.33,1.975,1.83,Fulham,Bolton,Fulham_Bolton_2003
142,3.5,1.5,3.4,5.5,5.5,1.55,6.5,0.75,1.85,5.5,1.85,3.5,3.6,3.6,5.5,1.95,1.95,3.6,1.5,1.6,2.0,1.5330000000000001,1.53,1.8,2.0,1.8,3.6,1.0,0.75,4.6,1.8,1.5,2.1,6.0,Leeds,Chelsea,Leeds_Chelsea_2003
143,3.4,1.5,3.4,6.25,5.5,1.55,6.5,1.0,2.1,6.0,1.95,3.75,3.4,3.6,5.5,1.7,1.85,3.6,1.44,1.6,1.9,1.5,1.53,1.85,1.85,2.025,3.5,1.0,1.0,4.6,1.95,1.53,1.875,6.5,Leicester,Arsenal,Leicester_Arsenal_2003
144,4.5,11.0,4.3,1.27,1.2,10.0,1.28,-1.5,2.0,1.25,1.9,4.5,4.5,4.5,1.25,1.8,1.65,5.0,11.0,8.5,1.95,10.0,11.0,2.05,1.9,1.9,5.0,-1.5,-1.5,1.27,1.9,10.0,2.0,1.25,Man United,Aston Villa,Man United_Aston Villa_2003
145,3.25,4.33,3.2,1.75,1.72,4.5,1.72,-0.75,1.7,1.6669999999999998,1.9,3.4,3.4,3.25,1.72,2.1,2.0,3.2,4.5,4.2,1.95,4.5,4.33,1.71,1.95,1.85,3.35,-0.75,-0.75,1.7,1.85,4.5,2.05,1.67,Middlesbrough,Portsmouth,Middlesbrough_Portsmouth_2003
146,3.2,2.75,3.1,2.25,2.25,2.9,2.25,0.0,1.8,2.2,1.8,3.25,3.4,3.2,2.25,2.0,1.87,3.2,2.88,2.8,2.05,2.8,2.8,1.85,1.8,2.125,3.2,0.0,0.0,2.2,2.0,2.75,1.775,2.38,Newcastle,Liverpool,Newcastle_Liverpool_2003
147,3.25,5.0,3.4,1.62,1.57,5.5,1.66,-0.75,1.8,1.615,1.8,3.5,3.4,3.4,1.57,2.0,1.9,3.5,5.5,4.6,2.05,5.0,5.5,1.79,1.83,2.075,3.4,-0.75,-0.75,1.6,1.97,5.0,1.825,1.53,Tottenham,Wolves,Tottenham_Wolves_2003
148,3.2,2.75,3.1,2.32,2.25,2.82,2.3,-0.25,1.8,2.1,1.9,3.4,3.4,3.2,2.25,2.0,1.79,3.2,2.9,2.8,1.95,3.0,2.8,1.9,1.95,1.875,3.15,-0.25,-0.25,2.2,1.85,2.7,2.025,2.25,Everton,Man City,Everton_Man City_2003
149,3.2,2.8,3.1,2.2,2.2,3.05,2.25,-0.25,1.75,2.2,1.95,3.3,3.25,3.2,2.2,2.05,2.0,3.2,3.0,2.8,1.9,2.8,2.87,1.71,1.9,1.875,3.1,-0.25,-0.25,2.2,1.9,2.87,2.025,2.25,Southampton,Charlton,Southampton_Charlton_2003
150,4.333,10.0,4.2,1.3,1.25,10.0,1.286,-1.25,2.05,1.286,2.0,4.75,4.5,4.33,1.3,1.75,1.71,4.5,9.5,8.0,1.85,9.0,8.5,2.0,1.95,2.05,4.5,-1.5,-1.5,1.3,1.85,10.0,1.85,1.25,Chelsea,Bolton,Chelsea_Bolton_2003
151,3.2,2.75,3.0,2.3,2.3,2.85,2.25,-0.25,1.66,2.2,1.95,3.25,3.25,3.2,2.25,2.15,1.9,3.1,2.75,2.9,1.9,2.8,2.8,1.79,2.01,1.85,3.2,-0.25,-0.25,2.2,1.8,2.875,2.05,2.25,Leicester,Birmingham,Leicester_Birmingham_2003
152,3.25,6.0,3.5,1.55,1.53,6.0,1.571,-0.75,1.85,1.571,1.85,3.4,3.4,3.4,1.53,1.95,1.85,3.25,6.0,4.8,2.0,5.5,6.0,1.85,1.8,2.1,3.5,-0.75,-0.75,1.55,2.0,6.0,1.8,1.53,Liverpool,Southampton,Liverpool_Southampton_2003
153,3.75,8.0,3.9,1.4,1.36,8.4,1.4,-1.25,2.0,1.364,1.85,4.33,3.75,4.0,1.36,1.8,1.79,3.75,8.5,6.0,2.0,8.0,7.5,1.9,1.9,1.95,3.8,-1.25,-1.25,1.4,1.9,8.5,1.95,1.36,Man United,Man City,Man United_Man City_2003
154,3.2,3.2,3.0,2.1,2.0,3.3,2.1,-0.25,1.7,2.1,2.05,3.25,3.25,3.2,2.1,2.1,2.0,3.2,3.0,3.1,1.8,3.0,3.1,1.71,1.85,2.05,3.2,-0.5,-0.25,2.1,1.95,3.2,1.85,2.1,Middlesbrough,Charlton,Middlesbrough_Charlton_2003
155,3.5,5.0,3.3,1.65,1.57,5.25,1.615,-0.75,1.95,1.615,1.85,3.5,3.4,3.4,1.61,1.85,1.9,3.5,5.0,4.4,2.0,4.5,5.0,1.79,1.9,2.0,3.4,-0.75,-0.75,1.65,1.9,5.5,1.9,1.57,Newcastle,Tottenham,Newcastle_Tottenham_2003
156,3.2,3.0,3.1,2.2,2.1,3.0,2.2,-0.25,1.8,2.2,2.0,3.2,3.2,3.2,2.2,2.0,1.9,3.2,2.88,3.0,1.85,2.8,2.87,1.79,1.95,1.85,3.2,-0.25,-0.25,2.1,1.85,3.0,2.05,2.2,Portsmouth,Everton,Portsmouth_Everton_2003
157,4.0,8.5,3.9,1.35,1.3,8.35,1.364,-1.25,2.05,1.3330000000000002,2.0,4.33,4.333,4.33,1.33,1.75,1.75,4.2,8.5,6.0,1.85,8.0,7.5,1.95,1.95,1.8,4.2,-1.25,-1.25,1.4,1.85,7.5,2.1,1.36,Arsenal,Blackburn,Arsenal_Blackburn_2003
158,3.2,4.2,3.1,1.75,1.72,4.6,1.7269999999999999,-0.75,1.75,1.7269999999999999,1.85,3.4,3.4,3.4,1.66,2.05,1.95,3.25,4.5,3.8,2.0,4.333,4.5,1.75,1.85,2.0,3.3,-0.75,-0.75,1.8,1.95,4.5,1.9,1.67,Aston Villa,Wolves,Aston Villa_Wolves_2003
159,3.2,2.5,3.1,2.26,2.5,2.85,2.5,-0.25,1.85,2.5,2.0,3.3,3.2,3.2,2.37,1.95,1.95,3.1,2.8,2.5,1.85,2.5,2.62,1.75,2.0,1.8,3.25,-0.25,-0.25,2.4,1.8,2.6,2.1,2.38,Leeds,Fulham,Leeds_Fulham_2003
160,3.2,4.2,3.2,1.87,1.72,3.9,1.909,-0.5,1.75,1.8,1.9,3.25,3.3,3.2,1.9,2.05,1.85,3.25,3.75,4.0,1.95,4.0,3.6,1.85,1.9,1.95,3.25,-0.5,-0.5,1.75,1.95,4.0,1.95,1.83,Blackburn,Aston Villa,Blackburn_Aston Villa_2003
161,3.4,1.57,3.2,4.5,5.0,1.7,5.0,0.75,1.95,4.333,2.0,3.4,3.6,3.4,4.5,1.85,1.79,3.5,1.62,1.7,1.85,1.6669999999999998,1.66,1.9,1.95,1.925,3.5,0.75,0.75,4.2,1.9,1.6669999999999998,1.975,5.0,Bolton,Arsenal,Bolton_Arsenal_2003
162,3.25,2.25,3.0,2.7,2.75,2.4,2.875,0.0,1.9,2.4,1.85,3.2,3.3,3.2,2.6,1.9,1.79,3.2,2.38,2.4,2.0,2.5,2.4,1.9,2.1,1.85,3.25,0.25,0.0,2.6,1.75,2.375,2.05,2.62,Charlton,Newcastle,Charlton_Newcastle_2003
163,3.2,4.0,3.1,1.75,1.8,4.35,1.8,-0.75,1.75,1.7269999999999999,2.0,3.25,3.4,3.25,1.72,2.05,1.85,3.1,4.33,4.2,1.85,4.333,4.33,1.85,2.05,1.8,3.35,-0.75,-0.75,1.75,1.8,4.0,2.1,1.73,Everton,Leicester,Everton_Leicester_2003
164,3.25,1.66,3.1,4.3,4.5,1.78,4.5,0.5,1.85,3.75,2.05,3.25,3.4,3.25,4.33,1.95,1.71,3.3,1.73,1.85,1.8,1.8,1.72,2.0,2.05,1.85,3.3,0.5,0.5,3.6,1.8,1.8,2.05,4.33,Fulham,Chelsea,Fulham_Chelsea_2003
165,3.25,4.33,3.1,1.75,1.72,4.35,1.7269999999999999,-0.75,1.7,1.6669999999999998,2.0,3.4,3.4,3.25,1.8,2.1,2.0,3.2,4.75,4.2,1.85,4.5,4.0,1.71,2.0,1.825,3.35,-0.75,-0.75,1.75,1.85,5.0,2.075,1.73,Southampton,Portsmouth,Southampton_Portsmouth_2003
166,3.5,1.61,3.3,4.65,5.0,1.7,5.5,0.75,2.0,4.5,2.0,3.6,3.6,3.4,4.5,1.8,1.63,3.3,1.62,1.65,1.85,1.615,1.66,2.1,2.0,1.875,3.4,0.75,0.75,4.4,1.85,1.615,2.025,5.5,Tottenham,Man United,Tottenham_Man United_2003
167,3.4,3.25,3.1,1.9,1.9,3.75,1.909,-0.5,1.9,2.0,2.05,3.4,3.3,3.25,2.0,1.9,1.75,3.4,3.75,3.2,1.8,3.0,3.25,1.95,2.0,1.825,3.3,-0.5,-0.5,2.0,1.85,4.0,2.075,1.91,Man City,Leeds,Man City_Leeds_2003
168,5.5,15.0,5.0,1.15,1.12,16.0,1.167,-1.75,2.25,1.167,1.75,6.0,6.5,6.0,1.14,1.61,1.55,6.0,15.0,10.0,2.1,12.0,15.0,2.36,1.75,2.125,6.0,-1.75,-1.75,1.2,2.1,15.0,1.775,1.14,Arsenal,Wolves,Arsenal_Wolves_2003
169,3.2,2.87,3.0,2.2,2.1,2.95,2.25,-0.25,1.7,2.1,2.0,3.25,3.25,3.25,2.1,2.1,1.93,3.3,3.0,2.9,1.85,3.0,3.0,1.79,2.0,1.8,3.3,-0.25,-0.25,2.2,1.85,3.1,2.1,2.1,Birmingham,Man City,Birmingham_Man City_2003
170,3.2,3.1,3.1,2.25,2.1,3.0,2.25,-0.25,1.75,2.1,1.85,3.2,3.25,3.2,2.2,2.05,2.01,3.1,2.88,3.0,2.0,3.0,2.87,1.71,1.85,2.05,3.2,-0.25,-0.25,2.1,2.0,3.1,1.85,2.2,Blackburn,Middlesbrough,Blackburn_Middlesbrough_2003
171,3.25,1.61,3.2,4.95,5.0,1.67,5.5,0.75,1.8,4.5,1.9,3.6,3.4,3.4,5.0,2.0,1.84,3.3,1.67,1.75,1.95,1.6669999999999998,1.61,1.87,1.85,2.05,3.4,0.75,0.75,4.0,2.0,1.6669999999999998,1.85,5.0,Charlton,Chelsea,Charlton_Chelsea_2003
172,3.2,3.1,3.1,2.2,2.1,3.1,2.2,-0.25,1.75,2.1,1.9,3.25,3.25,3.25,2.0,2.05,1.96,3.1,3.0,3.2,1.95,3.0,3.25,1.75,1.95,1.9,3.2,-0.25,-0.25,2.0,1.9,3.2,2.0,2.1,Fulham,Southampton,Fulham_Southampton_2003
173,3.25,2.75,3.0,2.25,2.25,2.9,2.3,-0.25,1.8,2.2,1.9,3.2,3.25,3.2,2.2,2.0,1.88,3.2,2.88,3.1,1.95,2.75,2.87,1.85,2.0,1.85,3.25,-0.25,-0.25,2.1,1.85,3.0,2.05,2.2,Leeds,Aston Villa,Leeds_Aston Villa_2003
174,3.2,2.0,3.1,3.4,3.2,2.0,3.25,0.25,1.9,3.2,1.75,3.25,3.4,3.25,3.25,1.9,1.87,3.2,2.0,2.0,2.1,2.0,2.0,1.85,1.8,1.825,3.3,0.5,0.5,3.2,2.05,2.1,2.075,3.25,Leicester,Newcastle,Leicester_Newcastle_2003
175,3.25,5.0,3.4,1.65,1.61,5.2,1.6669999999999998,-0.75,1.9,1.6669999999999998,1.95,3.4,3.6,3.4,1.61,1.9,1.82,3.3,4.5,4.6,1.9,4.5,5.0,1.95,1.95,1.9,3.45,-0.75,-0.75,1.6,1.9,5.0,2.0,1.67,Liverpool,Bolton,Liverpool_Bolton_2003
176,5.0,11.0,4.8,1.25,1.2,10.0,1.25,-1.5,2.05,1.222,1.85,5.5,5.5,5.0,1.22,1.75,1.61,5.0,10.0,9.5,2.0,10.0,10.0,2.25,1.85,2.05,5.25,-1.5,-1.5,1.22,2.0,10.0,1.85,1.25,Man United,Everton,Man United_Everton_2003
177,3.25,2.62,3.0,2.45,2.37,2.65,2.5,0.0,1.8,2.4,1.85,3.2,3.25,3.2,2.4,2.0,1.87,3.1,2.5,2.6,2.0,2.5,2.6,1.85,1.85,1.95,3.25,0.0,0.0,2.4,2.0,2.7,1.95,2.5,Portsmouth,Tottenham,Portsmouth_Tottenham_2003
178,3.2,2.87,3.0,2.2,2.2,3.05,2.2,-0.25,1.8,2.0,1.95,3.25,3.25,3.1,2.2,2.0,1.91,3.1,2.88,3.1,1.9,3.2,3.0,1.79,1.95,1.85,3.2,-0.25,-0.25,2.1,1.9,3.2,2.05,2.2,Aston Villa,Fulham,Aston Villa_Fulham_2003
179,3.2,4.33,3.1,1.75,1.72,4.5,1.8,-0.5,1.8,1.73,1.8,3.2,3.4,3.25,1.73,2.0,1.9,3.2,5.0,3.8,2.05,4.33,4.33,1.79,2.1,2.0,3.3,-0.5,-0.75,1.8,1.75,4.5,1.9,1.67,Bolton,Leicester,Bolton_Leicester_2003
180,5.0,8.0,4.8,1.25,1.28,10.0,1.25,-1.75,2.05,1.22,1.9,5.0,5.5,5.0,1.22,1.75,1.65,4.5,10.0,9.5,1.95,10.0,10.0,2.12,1.72,1.825,5.0,-1.75,-1.5,1.22,2.15,11.0,2.075,1.22,Chelsea,Portsmouth,Chelsea_Portsmouth_2003
181,3.2,3.0,3.1,2.1,2.1,3.2,2.1,-0.25,1.7,1.83,2.0,3.25,3.25,3.25,2.0,2.1,1.86,3.2,3.25,3.5,1.85,3.75,3.25,1.85,2.05,2.05,3.25,-0.5,-0.5,1.9,1.75,3.4,1.85,2.0,Everton,Birmingham,Everton_Birmingham_2003
182,3.2,2.2,3.0,2.7,2.8,2.4,2.87,0.25,1.8,2.6,1.9,3.2,3.25,3.2,2.62,2.0,1.87,3.2,2.25,2.2,1.95,2.38,2.38,1.85,2.1,2.125,3.2,0.25,0.0,2.9,1.75,2.37,1.775,2.75,Man City,Liverpool,Man City_Liverpool_2003
183,3.25,1.61,3.3,5.25,5.0,1.65,5.0,0.75,1.85,4.5,1.95,3.4,3.6,3.4,5.0,1.95,1.88,3.3,1.67,1.65,1.9,1.67,1.62,1.85,1.95,2.0,3.3,0.75,0.75,4.4,1.9,1.66,1.9,5.5,Middlesbrough,Man United,Middlesbrough_Man United_2003
184,3.5,5.0,3.4,1.65,1.61,5.0,1.61,-0.75,1.9,1.57,1.9,3.6,3.6,3.4,1.62,1.9,1.81,3.3,5.0,4.6,1.95,5.0,5.0,1.9,1.95,1.925,3.4,-0.75,-0.75,1.6,1.9,5.5,1.975,1.67,Newcastle,Blackburn,Newcastle_Blackburn_2003
185,3.2,2.75,3.0,2.2,2.25,3.0,2.3,-0.25,1.85,2.2,1.95,3.2,3.25,3.2,2.2,1.95,1.86,3.2,2.75,2.7,1.9,2.8,2.88,1.85,1.95,1.8,3.25,-0.25,-0.25,2.3,1.9,3.0,2.1,2.25,Tottenham,Charlton,Tottenham_Charlton_2003
186,3.2,2.5,3.0,2.52,2.5,2.52,2.62,0.0,1.85,2.6,2.05,3.2,3.25,3.2,2.5,1.95,1.87,3.1,2.38,2.3,1.8,2.38,2.5,1.85,2.05,1.9,3.25,0.0,0.0,2.7,1.8,2.6,2.0,2.62,Wolves,Leeds,Wolves_Leeds_2003
187,3.2,1.66,3.2,4.7,4.5,1.72,4.5,0.75,1.9,4.33,1.9,3.4,3.6,3.25,4.33,1.9,1.91,3.3,1.73,1.75,1.95,1.73,1.73,1.8,1.85,2.0,3.35,0.75,0.75,4.0,2.0,1.72,1.9,4.75,Southampton,Arsenal,Southampton_Arsenal_2003
188,3.25,4.5,3.2,1.7,1.66,4.85,1.66,-0.75,1.75,1.57,1.85,3.6,3.4,3.4,1.62,2.05,1.9,3.3,5.5,4.2,2.0,5.5,5.0,1.79,1.8,2.0,3.3,-0.75,-0.75,1.7,2.05,5.5,1.9,1.62,Aston Villa,Portsmouth,Aston Villa_Portsmouth_2003
189,3.5,1.53,3.4,5.6,5.5,1.57,6.5,1.0,1.9,5.5,1.85,3.5,3.5,3.5,5.5,1.9,1.75,3.4,1.5,1.6,2.0,1.53,1.53,1.9,2.1,2.125,3.5,1.0,0.75,4.6,1.75,1.57,1.775,6.0,Bolton,Man United,Bolton_Man United_2003
190,3.4,4.5,3.2,1.75,1.66,4.5,1.8,-0.5,1.75,1.73,1.8,3.4,3.4,3.25,1.75,2.05,1.85,3.3,4.75,4.2,2.05,4.0,4.2,1.85,1.75,2.025,3.3,-0.5,-0.5,1.7,2.1,4.5,1.875,1.73,Chelsea,Liverpool,Chelsea_Liverpool_2003
191,3.25,1.53,3.3,5.0,5.5,1.65,5.5,0.75,1.9,5.0,2.0,3.6,3.4,3.4,4.5,1.9,1.85,3.4,1.57,1.65,1.85,1.62,1.67,1.85,1.95,1.9,3.45,0.75,0.75,4.4,1.9,1.66,2.0,5.0,Everton,Arsenal,Everton_Arsenal_2003
192,3.2,2.62,3.0,2.25,2.3,2.9,2.3,-0.25,1.9,2.25,1.95,3.25,3.25,3.25,2.25,1.9,1.85,3.2,2.75,2.9,1.9,2.75,2.75,1.85,2.0,1.85,3.25,-0.25,-0.25,2.2,1.85,3.0,2.05,2.25,Man City,Charlton,Man City_Charlton_2003
193,3.0,3.0,3.0,2.2,2.2,3.0,2.2,-0.25,1.7,2.2,1.85,3.1,3.25,3.1,2.2,2.1,1.95,3.0,3.2,2.9,2.0,3.0,3.0,1.75,1.85,2.025,3.25,-0.25,-0.25,2.2,2.0,3.2,1.875,2.1,Middlesbrough,Fulham,Middlesbrough_Fulham_2003
194,3.4,6.0,3.5,1.55,1.5,6.0,1.53,-1.0,2.0,1.5,1.85,3.75,3.6,3.4,1.53,1.8,1.71,3.4,6.5,4.8,2.0,6.0,6.0,2.0,2.0,1.9,3.5,-1.0,-1.0,1.55,1.85,7.0,2.0,1.44,Newcastle,Leeds,Newcastle_Leeds_2003
195,3.2,4.5,3.2,1.7,1.66,4.85,1.8,-0.75,1.8,1.73,1.95,3.4,3.4,3.25,1.73,2.0,1.95,3.3,4.5,4.2,1.9,4.33,4.33,1.75,1.95,1.825,3.3,-0.75,-0.75,1.7,1.9,4.5,2.075,1.67,Southampton,Leicester,Southampton_Leicester_2003
196,3.2,3.0,3.1,2.2,2.1,3.0,2.2,-0.25,1.8,2.2,1.8,3.25,3.25,3.25,2.1,2.0,1.85,3.2,2.75,3.2,2.05,2.8,3.0,1.85,1.85,2.0,3.25,-0.25,-0.25,2.0,2.0,3.2,1.9,2.25,Tottenham,Birmingham,Tottenham_Birmingham_2003
197,3.25,2.37,3.1,2.65,2.62,2.42,2.87,0.25,1.95,2.5,1.85,3.2,3.25,3.2,2.62,1.85,1.79,3.1,2.38,2.3,2.0,2.4,2.38,1.9,2.0,2.1,3.25,0.25,0.0,2.6,1.85,2.4,1.8,2.62,Wolves,Blackburn,Wolves_Blackburn_2003
198,5.0,10.0,4.5,1.27,1.25,10.0,1.28,-1.5,1.95,1.22,2.05,5.0,5.0,5.0,1.25,1.85,1.71,4.5,10.0,9.0,1.8,10.0,9.0,2.0,2.05,1.85,5.0,-1.5,-1.5,1.25,1.8,10.0,2.05,1.22,Arsenal,Middlesbrough,Arsenal_Middlesbrough_2003
199,3.2,3.0,3.0,2.2,2.2,3.05,2.1,-0.25,1.66,2.1,2.05,3.2,3.25,3.2,2.1,2.15,2.0,3.0,3.1,2.9,1.8,3.0,3.1,1.7,2.08,1.9,3.2,-0.25,-0.25,2.2,1.77,3.4,2.0,2.1,Birmingham,Southampton,Birmingham_Southampton_2003
200,3.25,3.3,3.0,2.05,2.0,3.5,2.1,-0.25,1.8,1.91,1.8,3.25,3.25,3.25,2.0,2.0,1.85,3.1,3.25,3.3,2.05,3.4,3.25,1.85,1.8,2.025,3.1,-0.25,-0.25,2.0,2.05,3.4,1.875,2.0,Blackburn,Bolton,Blackburn_Bolton_2003
201,3.5,6.0,3.4,1.57,1.5,6.0,1.57,-0.75,2.0,1.53,1.75,3.5,3.5,3.5,1.53,1.8,1.85,3.4,6.0,4.6,2.1,5.5,5.5,1.85,1.75,2.05,3.5,-0.75,-0.75,1.6,2.1,6.5,1.85,1.5,Charlton,Wolves,Charlton_Wolves_2003
202,3.25,3.5,3.1,2.05,1.9,3.4,2.1,-0.5,1.75,1.8,2.1,3.25,3.25,3.25,1.91,2.05,1.85,3.2,3.25,3.6,1.75,3.75,3.5,1.85,2.05,1.8,3.25,-0.5,-0.5,1.85,1.8,3.4,2.1,2.0,Fulham,Everton,Fulham_Everton_2003
203,3.2,2.3,3.0,2.3,2.62,2.85,2.5,0.0,1.8,2.1,1.9,3.2,3.25,3.2,2.25,2.0,1.85,3.2,2.62,2.9,1.95,3.0,2.8,1.85,1.9,2.075,3.2,0.0,0.0,2.2,1.95,2.7,1.825,2.38,Leeds,Tottenham,Leeds_Tottenham_2003
204,3.25,5.5,3.3,1.65,1.53,5.25,1.66,-0.75,1.8,1.62,1.9,3.4,3.4,3.4,1.62,2.0,1.85,3.4,5.0,4.4,1.95,5.0,5.0,1.85,1.9,2.025,3.4,-0.75,-0.75,1.65,1.95,5.5,1.875,1.62,Liverpool,Aston Villa,Liverpool_Aston Villa_2003
205,3.25,2.62,3.0,2.4,2.3,2.7,2.5,0.0,1.8,2.2,1.85,3.25,3.25,3.2,2.3,2.0,1.85,3.2,2.75,2.7,2.0,2.75,2.7,1.85,1.85,2.0,3.25,0.0,0.0,2.3,2.0,2.7,1.9,2.25,Portsmouth,Man City,Portsmouth_Man City_2003
206,3.5,1.53,3.3,6.0,5.5,1.55,6.0,0.75,1.85,5.0,,3.75,3.5,3.5,5.5,1.95,1.85,3.4,1.57,1.65,,1.57,1.53,1.85,2.0,1.875,3.5,,0.75,4.4,1.85,1.61,2.025,5.5,Leicester,Chelsea,Leicester_Chelsea_2003
207,3.75,6.5,3.9,1.47,1.44,7.0,1.44,-1.0,2.0,1.36,1.8,4.0,4.0,3.75,1.4,1.8,1.75,3.6,7.5,6.0,2.05,8.0,7.5,1.95,1.75,2.1,3.75,-1.0,-1.0,1.4,2.1,7.5,1.8,1.44,Man United,Newcastle,Man United_Newcastle_2003
208,3.25,3.75,3.1,1.8,1.8,4.35,1.83,-0.5,1.75,1.67,1.85,3.25,3.25,3.3,1.83,2.05,1.79,3.3,4.33,3.8,2.0,4.5,3.75,1.9,1.9,2.0,3.2,-0.5,-0.5,1.8,1.95,4.5,1.9,1.73,Bolton,Portsmouth,Bolton_Portsmouth_2003
209,3.2,2.75,3.0,2.2,2.25,3.0,2.25,-0.25,1.7,2.1,1.85,3.2,3.25,3.2,2.2,2.1,1.85,3.2,2.88,3.1,2.0,3.0,2.88,1.85,1.85,1.975,3.25,-0.25,-0.25,2.1,2.0,3.1,1.925,2.2,Everton,Charlton,Everton_Charlton_2003
210,3.2,2.8,3.0,2.1,2.2,3.2,2.1,-0.25,1.95,2.1,1.8,3.25,3.25,3.2,2.2,1.85,1.75,3.2,3.0,3.1,2.05,3.0,2.88,1.9,1.85,2.05,3.2,-0.25,-0.25,2.1,2.0,3.4,1.85,2.1,Man City,Blackburn,Man City_Blackburn_2003
211,3.25,4.33,3.1,1.8,1.72,4.35,1.72,-0.75,1.66,1.67,1.95,3.4,3.3,3.25,1.8,2.15,1.85,3.2,4.5,3.8,1.9,4.5,4.0,1.85,1.8,1.85,3.2,-0.75,-0.5,1.8,2.05,5.0,2.05,1.67,Middlesbrough,Leicester,Middlesbrough_Leicester_2003
212,3.5,5.0,3.2,1.65,1.57,5.1,1.72,-1.0,1.75,1.62,2.15,3.5,3.3,3.4,1.67,2.05,1.95,3.5,5.0,4.2,1.7,4.5,4.5,1.75,1.8,1.775,3.4,-1.0,-0.75,1.7,2.05,5.0,2.125,1.57,Southampton,Leeds,Southampton_Leeds_2003
213,3.2,2.25,3.1,2.85,2.8,2.3,2.87,0.25,1.85,2.6,1.85,3.2,3.25,3.2,2.75,1.95,1.9,3.1,2.3,2.2,2.0,2.38,2.3,1.8,1.85,2.05,3.2,0.25,0.25,2.8,2.0,2.37,1.85,2.75,Tottenham,Liverpool,Tottenham_Liverpool_2003
214,3.75,1.3,3.9,8.0,8.0,1.35,8.5,1.25,2.05,8.0,2.1,4.5,4.5,4.0,7.5,1.75,1.65,4.33,1.33,1.4,1.75,1.36,1.36,2.05,2.0,1.825,4.35,1.25,1.25,6.0,1.85,1.36,2.075,9.0,Wolves,Man United,Wolves_Man United_2003
215,3.25,1.66,3.1,5.0,4.5,1.7,5.5,0.75,1.8,4.5,1.9,3.6,3.4,3.25,4.33,2.0,1.95,3.3,1.67,1.8,1.95,1.67,1.73,1.75,1.85,1.95,3.25,0.75,0.75,3.8,2.0,1.66,1.95,5.0,Aston Villa,Arsenal,Aston Villa_Arsenal_2003
216,4.33,8.0,4.2,1.3,1.3,9.4,1.3,-1.5,1.95,1.3,1.95,4.75,4.5,4.33,1.3,1.85,1.71,4.33,11.0,8.0,1.9,8.0,8.5,2.0,1.9,1.925,4.5,-1.5,-1.5,1.3,1.95,12.0,1.975,1.29,Chelsea,Birmingham,Chelsea_Birmingham_2003
217,3.5,5.0,3.3,1.62,1.57,5.4,1.66,-0.75,1.95,1.62,1.8,3.6,3.4,3.4,1.62,1.85,1.75,3.5,6.0,4.4,2.05,4.5,5.0,1.95,1.85,2.025,3.45,-0.75,-0.75,1.65,2.0,5.5,1.875,1.57,Newcastle,Fulham,Newcastle_Fulham_2003
218,3.2,1.8,3.1,4.3,4.0,1.8,4.5,0.5,1.9,4.0,2.05,3.25,3.4,3.25,4.0,1.9,1.9,3.1,1.73,1.85,1.8,1.8,1.8,1.79,2.05,1.825,3.25,0.5,0.5,3.6,1.8,1.8,2.075,4.5,Wolves,Liverpool,Wolves_Liverpool_2003
219,3.2,2.5,2.9,2.6,2.5,2.5,2.7,0.0,1.75,2.6,1.8,3.25,3.25,3.1,2.7,2.05,1.9,3.1,2.25,2.4,2.05,2.375,2.37,1.79,2.08,1.8,3.2,0.25,0.0,2.7,1.77,2.5,2.1,2.75,Birmingham,Newcastle,Birmingham_Newcastle_2003
220,3.2,4.2,3.1,1.85,1.72,4.0,1.8,-0.5,1.85,1.7269999999999999,1.95,3.25,3.3,3.25,1.8,1.95,1.85,3.25,4.0,3.6,1.9,4.333,4.0,1.85,1.85,1.925,3.3,-0.5,-0.5,1.85,2.0,4.5,1.975,1.8,Charlton,Bolton,Charlton_Bolton_2003
221,3.2,2.75,3.0,2.3,2.25,2.85,2.375,-0.25,1.8,2.2,2.0,3.25,3.25,3.2,2.2,2.0,1.79,3.2,2.75,3.1,1.85,2.8,2.87,1.9,2.05,1.9,3.25,-0.25,-0.25,2.1,1.8,2.875,2.0,2.25,Fulham,Tottenham,Fulham_Tottenham_2003
222,3.25,2.25,3.2,2.45,2.75,2.65,2.5,0.0,1.75,2.5,1.95,3.2,3.25,3.2,2.5,2.05,1.85,3.2,2.5,2.4,1.9,2.4,2.5,1.85,1.9,1.9,3.2,0.0,0.0,2.4,1.95,2.7,2.0,2.5,Leeds,Middlesbrough,Leeds_Middlesbrough_2003
223,3.25,2.75,2.8,2.45,2.3,2.65,2.5,0.0,1.75,2.4,1.85,3.2,3.25,3.1,2.37,2.05,1.85,3.1,2.62,2.9,2.0,2.5,2.7,1.85,1.8,2.1,3.2,0.0,0.0,2.3,2.05,2.7,1.8,2.38,Leicester,Aston Villa,Leicester_Aston Villa_2003
224,3.2,5.5,3.2,1.72,1.57,4.75,1.7269999999999999,-0.75,1.85,1.7269999999999999,1.95,3.4,3.4,3.4,1.66,1.95,1.79,3.3,5.0,4.0,1.9,4.333,4.5,1.9,2.0,1.95,3.35,-0.75,-0.75,1.75,1.85,5.0,1.95,1.62,Liverpool,Everton,Liverpool_Everton_2003
225,4.5,9.5,4.5,1.26,1.22,10.0,1.25,-1.5,2.05,1.25,1.9,5.0,5.5,4.75,1.25,1.75,1.71,5.0,11.0,9.0,1.95,10.0,10.0,2.0,1.85,2.025,5.0,-1.5,-1.5,1.25,2.0,10.0,1.875,1.27,Man United,Southampton,Man United_Southampton_2003
226,3.4,3.6,3.1,1.9,1.83,3.75,1.909,-0.5,1.9,1.7269999999999999,1.95,3.25,3.25,3.3,1.83,1.9,1.85,3.3,3.6,3.6,1.9,4.0,3.75,1.85,1.9,1.9,3.3,-0.5,-0.5,1.85,1.95,4.0,2.0,1.91,Portsmouth,Wolves,Portsmouth_Wolves_2003
227,5.0,10.0,4.8,1.26,1.25,10.0,1.25,-1.5,2.1,1.2,1.9,5.5,5.5,4.75,1.25,1.7,1.65,4.5,10.0,9.5,1.95,11.0,10.0,2.05,1.95,1.9,5.0,-1.5,-1.5,1.22,1.9,10.0,2.0,1.25,Arsenal,Man City,Arsenal_Man City_2003
228,3.25,1.66,3.1,4.25,4.5,1.8,4.5,0.5,1.9,4.5,2.05,3.4,3.3,3.25,4.33,1.9,1.71,3.3,1.8,1.8,1.8,1.6669999999999998,1.72,2.0,2.05,1.85,3.25,0.5,0.5,3.8,1.8,1.8,2.05,4.33,Blackburn,Chelsea,Blackburn_Chelsea_2003
229,3.4,6.0,3.5,1.6,1.44,5.5,1.615,-0.75,1.95,1.5,2.0,3.5,3.4,3.6,1.53,1.85,1.75,3.75,6.0,4.8,1.85,6.0,5.5,1.95,2.3,2.05,3.4,-1.0,-1.25,1.55,1.55,6.0,1.85,1.5,Aston Villa,Leeds,Aston Villa_Leeds_2003
230,3.2,2.2,2.9,2.9,2.87,2.25,3.1,0.25,1.8,2.8,1.95,3.25,3.2,3.2,2.8,2.0,1.85,3.1,2.2,2.3,1.9,2.2,2.25,1.85,1.9,1.95,3.25,0.25,0.25,2.8,1.95,2.25,1.95,2.8,Bolton,Liverpool,Bolton_Liverpool_2003
231,3.5,1.57,3.4,5.25,5.5,1.61,5.5,0.75,1.9,5.0,2.1,3.4,3.6,3.4,5.0,1.9,1.85,3.3,1.62,1.6,1.75,1.571,1.61,1.85,2.0,1.85,3.5,0.75,0.75,4.6,1.85,1.615,2.05,5.0,Everton,Man United,Everton_Man United_2003
232,3.25,3.2,3.1,1.95,2.0,3.6,1.909,-0.25,1.8,1.8,2.05,3.25,3.25,3.25,2.0,2.0,1.85,3.2,3.5,3.2,1.8,3.75,3.25,1.85,1.95,2.125,3.25,-0.5,-0.5,2.0,1.85,4.0,1.775,1.91,Middlesbrough,Blackburn,Middlesbrough_Blackburn_2003
233,3.75,7.5,3.9,1.42,1.4,8.0,1.4,-1.25,2.05,1.364,2.05,3.75,4.333,3.75,1.4,1.75,1.75,3.6,8.5,6.0,1.8,8.0,7.5,1.95,1.55,2.025,3.75,-1.5,-1.0,1.4,2.3,7.5,1.875,1.36,Newcastle,Leicester,Newcastle_Leicester_2003
234,3.25,3.2,3.1,2.0,2.0,3.3,2.1,-0.5,1.75,1.909,1.75,3.25,3.25,3.2,2.1,2.05,1.85,3.2,3.0,3.5,2.1,3.4,3.1,1.85,1.8,1.775,3.3,-0.25,-0.25,1.9,2.0,3.4,2.125,2.1,Southampton,Fulham,Southampton_Fulham_2003
235,3.5,5.0,3.2,1.65,1.57,5.0,1.6669999999999998,-0.75,1.85,1.615,1.9,3.4,3.4,3.4,1.61,1.95,1.79,3.5,5.0,4.2,1.95,4.5,5.0,1.9,2.1,1.95,3.4,-0.75,-1.0,1.7,1.7,5.5,1.95,1.62,Tottenham,Portsmouth,Tottenham_Portsmouth_2003
236,3.75,1.33,3.8,7.5,8.0,1.4,9.0,1.25,1.95,7.0,1.95,4.0,4.0,3.75,7.5,1.85,1.79,4.0,1.33,1.45,1.9,1.4,1.4,1.9,1.65,1.975,4.0,1.25,1.5,5.4,2.1,1.4,1.925,8.5,Wolves,Arsenal,Wolves_Arsenal_2003
237,4.0,7.5,3.9,1.4,1.4,7.8,1.364,-1.25,1.95,1.3330000000000002,1.95,4.75,4.333,3.75,1.36,1.85,1.71,3.6,8.5,6.0,1.9,8.0,8.5,2.0,1.55,2.0,3.9,-1.25,-1.0,1.4,2.3,9.0,1.9,1.33,Chelsea,Charlton,Chelsea_Charlton_2003
238,3.25,3.0,3.1,2.15,2.1,3.05,2.0,-0.25,1.85,2.2,2.05,3.25,3.4,3.25,2.1,1.95,1.9,3.2,3.4,3.2,1.8,2.75,3.0,1.79,1.5,2.025,3.25,-0.5,0.0,2.0,2.45,3.5,1.875,2.1,Man City,Birmingham,Man City_Birmingham_2003
239,4.5,9.5,4.8,1.23,1.22,11.0,1.25,-1.5,2.05,1.25,2.0,5.0,5.0,5.0,1.25,1.75,1.71,5.0,10.0,9.5,1.85,10.0,9.0,2.0,1.65,1.85,5.25,-1.5,-1.25,1.22,2.15,13.0,2.05,1.22,Arsenal,Southampton,Arsenal_Southampton_2003
240,3.2,3.0,3.2,2.15,2.1,3.1,2.1,-0.25,1.8,2.1,1.8,3.25,3.25,3.25,2.1,2.0,1.95,3.2,3.0,3.1,2.05,3.0,3.0,1.75,1.55,2.05,3.25,-0.25,0.0,2.0,2.31,3.4,1.85,2.1,Leeds,Wolves,Leeds_Wolves_2003
241,3.2,2.37,3.0,2.65,2.62,2.4,2.7,0.0,1.85,2.38,2.0,3.3,3.25,3.2,2.6,1.95,1.95,3.1,2.4,2.5,1.85,2.6,2.4,1.75,2.3,1.85,3.25,0.0,-0.25,2.5,1.55,2.5,2.05,2.75,Leicester,Bolton,Leicester_Bolton_2003
242,3.2,3.5,3.1,2.05,1.9,3.35,2.1,-0.25,1.75,2.1,2.0,3.25,3.25,3.25,2.0,2.05,2.0,3.2,3.25,3.2,1.85,3.0,3.25,1.71,1.6,1.95,3.25,-0.25,0.0,2.0,2.2,3.4,1.95,2.0,Birmingham,Everton,Birmingham_Everton_2003
243,3.2,2.37,3.0,2.7,2.62,2.4,2.87,0.0,1.95,2.8,2.05,3.2,3.25,3.2,2.62,1.85,1.79,3.1,2.38,2.5,1.8,2.2,2.38,1.9,2.3,1.8,3.2,0.0,-0.25,2.5,1.55,2.37,2.1,2.62,Blackburn,Newcastle,Blackburn_Newcastle_2003
244,3.2,3.0,3.0,2.1,2.1,3.2,2.1,-0.25,1.85,2.1,1.8,3.25,3.25,3.25,2.0,1.95,1.79,3.2,3.25,3.1,2.05,3.0,3.25,1.9,1.5,2.0,3.25,-0.25,0.0,2.1,2.45,3.4,1.9,2.0,Charlton,Tottenham,Charlton_Tottenham_2003
245,3.2,3.2,3.0,2.15,2.0,3.1,2.2,-0.25,1.8,2.0,1.95,3.25,3.25,3.1,2.2,2.0,1.79,3.2,3.0,3.1,1.9,3.2,3.0,1.9,1.55,1.925,3.25,-0.25,0.0,2.1,2.3,3.2,1.975,2.1,Fulham,Aston Villa,Fulham_Aston Villa_2003
246,3.6,4.5,3.3,1.62,1.66,5.35,1.61,-0.75,1.9,1.44,1.8,3.4,3.6,3.4,1.57,1.9,1.85,3.3,5.5,4.4,2.05,6.5,5.5,1.85,2.05,2.1,3.45,-0.75,-1.0,1.65,1.7,5.5,1.8,1.57,Liverpool,Man City,Liverpool_Man City_2003
247,5.0,9.5,4.5,1.23,1.22,11.0,1.25,-1.5,2.05,1.22,1.9,5.0,5.5,5.0,1.22,1.75,1.75,5.0,10.0,9.0,1.95,10.0,10.0,1.95,1.6,1.95,5.25,-1.5,-1.25,1.25,2.2,11.0,1.95,1.22,Man United,Middlesbrough,Man United_Middlesbrough_2003
248,3.5,1.53,3.5,5.5,5.5,1.6,5.5,0.75,1.95,5.0,,4.0,3.6,3.4,5.5,1.85,1.75,3.4,1.62,1.55,,1.57,1.57,1.95,2.0,1.9,3.45,,0.75,4.8,1.85,1.61,2.0,4.75,Portsmouth,Chelsea,Portsmouth_Chelsea_2003
249,3.2,3.2,3.1,2.1,2.0,3.4,2.2,,1.85,2.1,2.0,3.25,3.25,3.25,2.0,1.95,1.85,3.2,3.25,3.2,1.85,3.0,3.25,1.85,1.95,,3.2,-0.25,-0.25,2.0,1.9,3.2,,2.0,Bolton,Man City,Bolton_Man City_2003
250,3.2,2.8,3.0,2.1,2.2,3.4,2.2,-0.25,1.85,2.0,2.0,3.25,3.25,3.25,2.0,1.95,1.75,3.2,2.8,2.9,1.85,3.2,3.25,1.95,1.6,1.875,3.2,-0.25,0.0,2.2,2.2,3.2,2.025,2.2,Charlton,Blackburn,Charlton_Blackburn_2003
251,3.2,2.5,3.0,2.6,2.62,2.6,2.625,0.0,1.8,2.375,1.85,3.2,3.2,3.2,2.4,2.0,1.79,2.9,2.6,2.5,2.0,2.6,2.6,1.9,2.2,2.05,3.2,0.0,-0.25,2.5,1.6,2.6,1.85,2.6,Chelsea,Arsenal,Chelsea_Arsenal_2003
252,4.5,11.0,4.5,1.25,1.2,11.0,1.222,-1.5,2.15,1.25,1.95,5.5,5.5,5.5,1.2,1.66,1.5,5.0,10.0,9.0,1.9,10.0,10.0,2.35,1.45,2.125,5.25,-1.75,-1.25,1.25,2.6,13.0,1.775,1.2,Man United,Leeds,Man United_Leeds_2003
253,3.25,4.33,3.2,1.8,1.72,4.5,1.7269999999999999,-0.75,1.85,1.615,2.05,3.4,3.4,3.25,1.72,1.95,1.79,3.2,5.0,4.2,1.8,5.0,4.33,1.9,2.15,1.775,3.25,-0.75,-1.0,1.7,1.65,5.0,2.125,1.62,Newcastle,Middlesbrough,Newcastle_Middlesbrough_2003
254,3.2,3.75,3.1,2.0,1.83,3.65,2.0,-0.25,1.7,1.8330000000000002,1.85,3.25,3.2,3.25,2.0,2.1,1.95,3.2,3.25,3.6,2.0,3.75,3.25,1.75,1.8,2.075,3.25,-0.25,-0.25,1.85,2.05,3.75,1.825,2.0,Southampton,Everton,Southampton_Everton_2003
255,3.2,2.62,3.0,2.5,2.37,2.7,2.6,0.0,1.9,2.375,1.8,3.2,3.2,3.2,2.37,1.9,1.9,3.1,2.5,2.6,2.05,2.6,2.62,1.79,2.2,2.0,3.2,0.0,-0.25,2.4,1.6,2.625,1.9,2.5,Wolves,Fulham,Wolves_Fulham_2003
256,2.875,3.4,3.1,2.05,2.0,3.5,2.1,-0.25,1.66,2.0,2.05,3.25,3.1,3.2,2.0,2.15,2.0,3.0,3.4,3.2,1.8,3.6,3.3,1.71,1.7,2.0,3.25,-0.5,-0.25,2.0,2.05,3.6,1.9,2.1,Aston Villa,Birmingham,Aston Villa_Birmingham_2003
257,3.4,5.5,3.3,1.6,1.57,5.6,1.571,-0.75,2.0,1.5,2.05,3.75,3.5,3.4,1.57,1.8,1.65,3.3,5.5,4.4,1.8,6.0,5.5,2.05,2.3,2.1,3.6,-1.0,-1.25,1.65,1.55,6.5,1.8,1.57,Tottenham,Leicester,Tottenham_Leicester_2003
258,5.0,11.0,4.0,1.25,1.2,12.0,1.286,-1.5,2.05,1.222,2.0,5.0,5.0,5.0,1.25,1.75,1.65,5.0,10.0,7.0,1.85,10.0,9.0,2.05,2.05,1.85,5.0,-1.5,-1.5,1.35,1.8,10.0,2.05,1.22,Arsenal,Charlton,Arsenal_Charlton_2003
259,3.2,3.0,3.1,2.1,2.1,3.3,2.1,-0.25,1.9,2.1,1.8,3.25,3.25,3.2,2.1,1.9,1.9,3.2,3.0,3.5,2.05,3.0,3.1,1.79,1.8,2.1,3.25,-0.25,-0.25,1.9,2.05,3.4,1.8,2.1,Blackburn,Southampton,Blackburn_Southampton_2003
260,3.2,2.75,3.0,2.3,2.25,2.95,2.375,-0.25,1.75,2.2,1.9,3.2,3.25,3.2,2.25,2.05,1.79,3.2,2.62,2.7,1.95,2.8,2.8,1.9,1.95,1.9,3.25,-0.25,-0.25,2.3,1.9,2.875,2.0,2.38,Everton,Aston Villa,Everton_Aston Villa_2003
261,3.25,1.57,3.2,5.1,5.0,1.67,5.0,0.75,1.95,4.5,1.75,3.4,3.6,3.4,5.0,1.85,1.71,3.5,1.67,1.75,2.1,1.6669999999999998,1.61,2.0,1.8,1.875,3.5,1.0,1.0,4.0,2.05,1.6669999999999998,2.025,4.5,Fulham,Man United,Fulham_Man United_2003
262,3.2,3.3,3.0,2.2,2.0,3.2,2.2,-0.25,1.85,2.1,1.95,3.2,3.25,3.25,2.1,1.95,1.85,3.1,2.88,3.2,1.9,3.0,3.0,1.85,1.95,1.975,3.2,-0.25,-0.25,2.1,1.9,3.2,1.925,2.2,Leicester,Wolves,Leicester_Wolves_2003
263,3.4,1.72,3.2,4.4,4.2,1.8,4.333,0.5,1.9,4.0,1.95,3.25,3.3,3.25,4.33,1.9,1.75,3.25,1.73,1.75,1.9,1.7269999999999999,1.72,1.95,1.9,1.9,3.35,0.5,0.5,4.0,1.8,1.8330000000000002,2.0,4.33,Man City,Chelsea,Man City_Chelsea_2003
264,3.2,1.9,3.1,3.2,3.5,2.2,3.2,0.25,1.8,2.75,2.05,3.0,3.25,3.25,3.0,2.0,1.79,3.2,2.2,2.0,1.8,2.25,2.1,1.9,2.0,1.925,3.2,0.25,0.25,3.2,1.85,2.2,1.975,3.4,Leeds,Liverpool,Leeds_Liverpool_2003
265,3.2,2.2,3.0,3.2,2.8,2.2,3.2,0.25,1.85,3.0,2.0,3.25,3.25,3.25,3.0,1.95,1.85,3.2,2.2,2.1,1.85,2.1,2.1,1.85,1.95,1.95,3.2,0.25,0.25,3.2,1.9,2.2,1.95,2.8,Portsmouth,Newcastle,Portsmouth_Newcastle_2003
266,3.2,3.1,3.1,2.15,2.1,3.25,2.1,-0.25,,2.1,1.95,3.3,3.25,3.25,2.1,,1.95,3.1,3.3,3.2,1.9,3.0,3.0,1.75,1.6,1.9,3.25,-0.25,0.0,2.0,2.2,3.4,2.0,2.1,Birmingham,Middlesbrough,Birmingham_Middlesbrough_2003
267,3.2,3.2,3.0,2.1,2.0,3.4,2.1,-0.25,1.8,2.0,1.9,3.25,3.25,3.25,2.0,2.0,1.85,3.2,3.8,3.3,1.95,3.2,3.25,1.85,1.85,1.975,3.2,-0.25,-0.25,2.0,2.0,3.2,1.925,1.95,Birmingham,Bolton,Birmingham_Bolton_2003
268,3.2,2.75,3.0,2.25,2.2,3.0,2.2,-0.25,1.8,2.0,1.9,3.2,3.25,3.25,2.1,2.0,2.0,3.25,3.2,3.1,1.95,3.2,3.0,1.71,1.9,2.05,3.3,-0.25,-0.25,2.1,1.95,2.8,1.85,2.2,Middlesbrough,Tottenham,Middlesbrough_Tottenham_2003
269,3.75,5.5,3.7,1.53,1.53,6.5,1.571,-1.0,1.95,1.444,1.75,3.75,3.5,3.6,1.5,1.85,1.75,3.4,7.0,5.0,2.1,6.0,6.0,1.95,2.2,2.0,3.65,-1.0,-1.25,1.5,1.6,6.5,1.9,1.5,Birmingham,Leicester,Birmingham_Leicester_2003
270,3.4,1.5,3.4,6.0,6.0,1.57,6.5,1.0,2.0,6.0,2.1,3.75,3.75,3.4,6.0,1.8,1.71,3.4,1.5,1.6,1.75,1.5,1.53,2.0,2.25,2.1,3.6,0.75,0.5,4.6,1.57,1.5330000000000001,1.8,7.0,Blackburn,Arsenal,Blackburn_Arsenal_2003
271,3.2,1.66,3.2,4.75,4.5,1.73,4.5,0.75,1.9,4.333,2.05,3.6,3.6,3.25,4.33,1.9,1.79,3.3,1.67,1.75,1.8,1.7269999999999999,1.73,1.9,1.98,2.1,3.4,0.5,0.5,4.0,1.73,1.7269999999999999,1.8,5.0,Bolton,Chelsea,Bolton_Chelsea_2003
272,3.2,3.0,3.0,2.2,2.1,3.15,2.2,-0.25,1.8,2.1,1.95,3.25,3.25,3.25,2.1,2.0,1.9,3.2,3.1,3.1,1.9,3.0,3.0,1.79,1.92,1.95,3.2,-0.25,-0.25,2.1,1.92,3.2,1.95,2.2,Charlton,Middlesbrough,Charlton_Middlesbrough_2003
273,3.2,4.33,3.2,1.75,1.72,4.7,1.7269999999999999,-0.75,1.8,1.7269999999999999,1.95,3.3,3.4,3.4,1.67,2.0,1.79,3.2,5.5,4.2,1.9,4.333,4.5,1.9,2.0,1.85,3.4,-0.75,-0.75,1.7,1.85,5.0,2.05,1.67,Everton,Portsmouth,Everton_Portsmouth_2003
274,3.25,4.0,3.1,1.85,1.72,4.0,1.8330000000000002,-0.5,1.8,1.8,2.05,3.4,3.3,3.25,1.85,2.0,1.79,3.4,4.33,3.8,1.8,3.75,3.75,1.9,1.7,1.85,3.4,-0.5,-0.25,1.8,2.05,4.333,2.05,1.8,Fulham,Leeds,Fulham_Leeds_2003
275,3.2,1.72,3.2,4.33,4.0,1.8,4.0,0.5,1.95,4.0,1.95,3.4,3.25,3.2,4.0,1.85,1.71,3.4,1.8,1.7,1.9,1.8,1.8,2.0,1.9,1.9,3.4,0.5,0.5,4.2,1.8,1.909,2.0,4.33,Man City,Man United,Man City_Man United_2003
276,3.2,2.25,3.0,2.8,2.75,2.4,2.875,0.25,1.8,2.6,1.85,3.2,3.25,3.2,2.62,2.0,1.9,3.2,2.38,2.3,2.0,2.375,2.38,1.79,1.5,2.1,3.25,0.25,0.5,2.7,2.4,2.375,1.8,2.88,Southampton,Liverpool,Southampton_Liverpool_2003
277,3.2,2.6,3.0,2.5,2.4,2.7,2.5,0.0,1.95,2.375,1.95,3.25,3.25,3.2,2.4,1.85,1.75,3.1,2.8,2.5,1.9,2.6,2.6,1.95,2.2,1.95,3.2,0.0,-0.25,2.5,1.6,2.7,1.95,2.4,Tottenham,Newcastle,Tottenham_Newcastle_2003
278,3.2,2.6,3.0,2.6,2.4,2.6,2.7,0.0,1.8,2.375,1.95,3.3,3.25,3.0,2.5,2.0,1.85,3.1,2.62,2.5,1.9,2.6,2.6,1.85,2.2,1.925,3.2,0.0,-0.25,2.5,1.6,2.5,1.975,2.5,Wolves,Aston Villa,Wolves_Aston Villa_2003
279,3.75,7.0,3.8,1.45,1.44,8.0,1.44,-1.0,1.85,1.4,1.8,3.75,4.0,3.75,1.44,1.95,1.79,3.5,8.0,5.4,2.05,7.0,6.5,1.9,2.15,1.825,3.75,-1.0,-1.25,1.45,1.65,7.5,2.025,1.44,Liverpool,Portsmouth,Liverpool_Portsmouth_2003
280,5.0,9.5,4.5,1.25,1.22,11.0,1.222,-1.5,2.05,1.2,1.95,5.5,5.5,5.5,1.2,1.75,1.65,5.0,12.0,9.0,1.9,11.0,10.0,2.05,1.7,1.925,5.25,-1.5,-1.25,1.25,2.05,13.0,1.975,1.22,Arsenal,Bolton,Arsenal_Bolton_2003
281,3.25,3.75,3.1,1.85,1.8,4.25,1.8,-0.5,1.85,1.6669999999999998,1.85,3.4,3.4,3.25,1.8,1.95,1.85,3.3,4.33,3.6,2.0,4.5,4.0,1.85,1.55,2.05,3.25,-0.5,-0.25,1.85,2.3,4.5,1.85,1.8,Aston Villa,Blackburn,Aston Villa_Blackburn_2003
282,3.75,6.5,3.8,1.44,1.44,7.5,1.444,-1.0,1.9,1.4,1.8,3.75,4.0,3.75,1.4,1.9,1.79,3.6,8.0,5.4,2.05,7.0,7.5,1.9,2.0,2.075,4.0,-1.0,-1.25,1.45,1.75,7.5,1.825,1.44,Chelsea,Fulham,Chelsea_Fulham_2003
283,3.2,2.7,2.9,2.5,2.37,2.72,2.5,0.0,1.8,2.375,1.85,3.25,3.25,3.2,2.4,2.0,1.85,3.0,2.8,2.7,2.0,2.6,2.6,1.85,2.2,2.0,3.2,0.0,-0.25,2.4,1.6,2.7,1.9,2.4,Leicester,Everton,Leicester_Everton_2003
284,3.75,8.0,4.0,1.4,1.36,8.5,1.364,-1.25,1.9,1.364,1.75,4.75,4.333,4.0,1.36,1.9,1.79,3.75,10.0,7.0,2.1,8.0,7.5,1.9,1.55,2.1,4.0,-1.25,-1.0,1.35,2.3,9.0,1.8,1.3,Liverpool,Wolves,Liverpool_Wolves_2003
285,3.75,6.5,3.9,1.44,1.44,7.5,1.444,-1.25,2.05,1.4,2.0,4.2,4.0,3.75,1.4,1.75,1.65,3.6,6.5,6.5,1.85,7.0,7.5,2.05,1.8,1.825,4.0,-1.25,-1.0,1.37,1.95,7.5,2.075,1.44,Man United,Tottenham,Man United_Tottenham_2003
286,3.2,2.8,3.0,2.2,2.25,3.2,2.2,-0.25,1.66,2.0,1.85,3.2,3.2,3.25,2.1,2.15,2.0,3.1,3.2,2.7,2.0,3.2,3.0,1.71,1.5,2.0,3.2,-0.25,0.0,2.3,2.45,3.25,1.9,2.2,Middlesbrough,Birmingham,Middlesbrough_Birmingham_2003
287,3.25,4.5,3.2,1.7,1.66,5.0,1.7269999999999999,-0.75,1.8,1.615,1.95,3.6,3.4,3.4,1.66,2.0,1.85,3.3,5.0,4.2,1.9,5.0,4.5,1.85,2.15,1.875,3.4,-0.75,-1.0,1.7,1.65,5.0,2.025,1.67,Newcastle,Charlton,Newcastle_Charlton_2003
288,3.2,2.6,3.0,2.5,2.4,2.7,2.6,0.0,1.66,2.5,1.85,3.3,3.1,3.2,2.4,2.15,1.95,3.1,2.63,2.7,2.0,2.5,2.6,1.75,2.05,2.05,3.2,0.0,-0.25,2.3,1.7,2.7,1.85,2.5,Portsmouth,Southampton,Portsmouth_Southampton_2003
289,3.2,2.4,3.0,2.45,2.6,2.77,2.5,0.0,1.85,2.25,1.8,3.3,3.25,3.2,2.37,1.95,1.79,3.1,2.63,2.7,2.05,2.75,2.62,1.9,2.05,2.05,3.2,0.0,-0.25,2.3,1.7,2.7,1.85,2.5,Leeds,Man City,Leeds_Man City_2003
290,3.4,4.0,3.2,1.95,1.72,3.75,1.8330000000000002,-0.5,1.8,1.7269999999999999,2.0,3.4,3.3,3.4,1.83,2.0,1.9,3.4,4.33,4.0,1.85,4.0,3.6,1.79,1.6,1.85,3.3,-0.5,-0.25,1.75,2.2,4.333,2.05,1.8,Birmingham,Leeds,Birmingham_Leeds_2003
291,3.25,4.5,3.1,1.8,1.66,4.4,1.8,-0.5,1.85,1.8,1.95,3.4,3.4,3.4,1.72,1.95,1.9,3.3,4.75,3.8,1.9,3.75,4.2,1.79,2.15,2.1,3.35,-0.75,-1.0,1.8,1.65,4.333,1.8,1.73,Blackburn,Portsmouth,Blackburn_Portsmouth_2003
292,3.2,2.87,3.0,2.25,2.2,3.15,2.2,-0.25,1.85,2.2,2.0,3.2,3.25,3.25,2.1,1.95,1.9,3.1,3.4,2.9,1.85,2.8,3.0,1.79,1.55,1.9,3.15,-0.25,0.0,2.2,2.3,3.2,2.0,2.1,Charlton,Aston Villa,Charlton_Aston Villa_2003
293,5.0,11.0,4.5,1.25,1.2,11.5,1.25,-1.5,2.0,1.2,1.8,5.5,5.0,5.0,1.22,1.8,1.71,5.0,15.0,9.0,2.05,11.0,10.0,2.0,1.5,2.1,5.15,-1.5,-1.25,1.25,2.45,13.0,1.8,1.2,Chelsea,Wolves,Chelsea_Wolves_2003
294,3.2,3.1,3.1,2.2,2.1,3.2,2.2,-0.25,1.8,2.2,1.85,3.25,3.25,3.2,2.2,2.0,1.95,3.1,3.1,3.2,2.0,2.8,2.87,1.75,1.55,1.95,3.2,-0.25,0.0,2.0,2.3,3.2,1.95,2.2,Everton,Middlesbrough,Everton_Middlesbrough_2003
295,3.2,3.4,3.1,2.05,1.9,3.5,2.0,-0.5,1.9,2.1,2.0,3.4,3.4,3.25,2.0,1.9,1.85,3.25,3.2,3.5,1.85,3.0,3.25,1.85,1.7,1.9,3.3,-0.5,-0.25,1.9,2.05,3.5,2.0,2.1,Man City,Fulham,Man City_Fulham_2003
296,3.2,2.8,3.1,2.2,2.2,3.15,2.25,-0.25,1.8,2.1,1.9,3.25,3.2,3.2,2.2,2.0,1.95,3.2,3.1,3.5,1.95,3.0,2.87,1.75,1.9,2.0,3.25,-0.25,-0.25,1.9,1.95,3.1,1.9,2.2,Southampton,Tottenham,Southampton_Tottenham_2003
297,3.4,3.4,3.1,2.1,2.0,3.35,2.1,-0.25,1.9,1.909,1.95,3.3,3.25,3.25,2.0,1.9,1.85,3.0,3.6,3.5,1.9,3.25,3.25,1.85,1.5,1.95,3.25,-0.25,0.0,1.9,2.45,3.4,1.95,2.0,Arsenal,Man United,Arsenal_Man United_2003
298,3.25,2.37,3.0,2.7,2.7,2.5,2.875,0.0,1.8,2.75,2.05,3.2,3.25,3.2,2.62,2.0,1.9,3.0,2.38,2.5,1.8,2.2,2.37,1.79,2.3,1.85,3.2,0.0,-0.25,2.5,1.55,2.375,2.05,2.88,Bolton,Newcastle,Bolton_Newcastle_2003
299,3.25,2.1,3.1,3.6,3.1,2.0,3.4,0.5,1.85,3.75,1.85,3.3,3.25,3.25,3.25,1.95,1.9,3.1,2.0,1.9,2.0,1.8,2.0,1.79,1.55,2.05,3.3,0.5,0.75,3.5,2.3,2.1,1.85,3.6,Leicester,Liverpool,Leicester_Liverpool_2003
300,3.2,3.0,3.0,2.2,2.1,3.2,2.25,-0.25,1.75,2.0,1.95,3.2,3.2,3.2,2.1,2.05,1.9,3.2,3.2,3.1,1.9,3.2,3.1,1.79,1.65,1.95,3.2,-0.25,0.0,2.1,2.15,3.1,1.95,2.2,Fulham,Birmingham,Fulham_Birmingham_2003
301,3.2,3.5,3.0,2.0,1.9,3.7,1.909,-0.5,1.75,1.8,2.0,3.25,3.25,3.25,1.85,2.05,1.95,3.2,4.0,3.3,1.85,4.0,3.75,1.75,1.7,1.85,3.25,-0.5,-0.25,2.0,2.05,4.0,2.05,1.91,Middlesbrough,Bolton,Middlesbrough_Bolton_2003
302,3.4,5.5,3.4,1.62,1.53,5.65,1.615,-0.75,1.95,1.5,1.75,3.6,3.4,3.4,1.53,1.85,1.75,3.4,6.0,4.6,2.1,6.0,6.0,1.95,2.0,2.025,3.5,-0.75,-1.0,1.6,1.75,6.0,1.875,1.57,Newcastle,Everton,Newcastle_Everton_2003
303,3.2,1.8,3.1,3.5,3.75,2.05,4.0,0.5,1.9,3.0,1.8,3.4,3.25,3.2,3.6,1.9,1.79,3.3,1.91,1.9,2.05,2.1,1.9,1.9,2.05,2.05,3.25,0.5,0.25,3.5,1.7,1.909,1.85,3.75,Tottenham,Chelsea,Tottenham_Chelsea_2003
304,3.2,2.6,3.0,2.5,2.4,2.7,2.5,0.0,1.7,2.6,1.95,3.3,3.4,3.2,2.5,2.1,1.95,3.1,2.62,2.9,1.9,2.375,2.5,1.75,2.2,1.975,3.2,0.0,-0.25,2.2,1.6,2.625,1.925,2.5,Wolves,Southampton,Wolves_Southampton_2003
305,3.4,3.75,3.1,1.95,1.83,3.85,1.909,-0.5,1.85,1.7269999999999999,2.05,3.4,3.3,3.25,1.85,1.95,1.85,3.2,3.8,3.6,1.8,4.0,3.75,1.85,1.67,1.875,3.25,-0.5,-0.25,1.85,2.1,4.0,2.025,1.91,Aston Villa,Man City,Aston Villa_Man City_2003
306,3.4,5.0,3.4,1.62,1.61,5.75,1.615,-0.75,1.85,1.5,1.95,3.6,3.4,3.4,1.57,1.95,1.75,3.3,5.5,4.6,1.9,6.0,5.5,1.95,2.05,1.975,3.5,-0.75,-1.0,1.6,1.7,6.0,1.925,1.62,Liverpool,Blackburn,Liverpool_Blackburn_2003
307,3.2,3.0,3.1,2.05,2.1,3.55,2.0,-0.5,1.95,1.909,2.0,3.3,3.3,3.2,2.1,1.85,1.75,3.2,3.3,3.5,1.85,3.5,3.1,1.95,1.7,1.85,3.2,-0.5,-0.25,1.9,2.05,3.6,2.05,2.1,Leeds,Leicester,Leeds_Leicester_2003
308,3.2,4.33,3.1,1.92,1.72,4.0,1.909,-0.5,1.8,1.8,1.95,3.2,3.1,3.25,1.85,2.0,1.85,3.2,4.5,3.8,1.9,4.0,3.75,1.85,1.45,1.875,3.2,-0.5,0.0,1.8,2.6,4.333,2.025,1.83,Arsenal,Liverpool,Arsenal_Liverpool_2003
309,3.2,2.87,3.1,2.2,2.25,3.2,2.2,-0.25,1.8,2.0,2.0,3.25,3.25,3.2,2.1,2.0,1.9,3.0,3.1,3.2,1.85,3.2,3.1,1.79,1.6,1.95,3.2,-0.25,0.0,2.0,2.21,3.2,1.95,2.2,Everton,Tottenham,Everton_Tottenham_2003
310,3.2,1.66,3.1,4.25,4.33,1.8,4.5,0.75,1.85,4.333,1.85,3.4,3.3,3.25,4.0,1.95,1.79,3.4,1.8,1.85,2.0,1.7269999999999999,1.8,1.9,1.85,2.075,3.45,0.75,0.75,3.6,2.0,1.8,1.825,4.33,Birmingham,Man United,Birmingham_Man United_2003
311,3.4,3.2,3.0,2.0,2.0,3.65,2.1,-0.25,1.9,2.0,1.8,3.2,3.25,3.25,1.9,1.9,1.79,3.2,3.4,3.1,2.05,3.0,3.5,1.9,1.55,2.05,3.25,-0.25,0.0,2.1,2.3,3.4,1.85,2.1,Blackburn,Leeds,Blackburn_Leeds_2003
312,3.25,2.6,3.0,2.45,2.4,2.75,2.5,0.0,1.8,2.4,1.8,3.3,3.25,3.2,2.37,2.0,1.9,3.1,2.62,2.6,2.05,2.5,2.62,1.79,2.2,2.05,3.2,0.0,-0.25,2.4,1.6,2.7,1.85,2.5,Bolton,Aston Villa,Bolton_Aston Villa_2003
313,3.25,4.0,3.1,1.85,1.72,4.33,1.8,-0.5,1.85,1.8,1.95,3.5,3.5,3.25,1.8,1.95,1.9,3.4,4.75,3.8,1.9,3.75,4.0,1.79,1.6,1.95,3.25,-0.5,-0.25,1.8,2.2,4.2,1.95,1.73,Charlton,Portsmouth,Charlton_Portsmouth_2003
314,3.75,8.0,4.2,1.4,1.36,8.0,1.364,-1.0,1.95,1.4,1.7,4.33,4.5,3.75,1.4,1.85,1.85,3.75,8.5,8.0,2.15,7.0,7.5,1.85,2.0,2.1,4.1,-1.0,-1.25,1.3,1.85,8.5,1.8,1.36,Chelsea,Middlesbrough,Chelsea_Middlesbrough_2003
315,3.0,2.75,3.0,2.35,2.3,2.9,2.3,-0.25,1.75,2.375,2.05,3.3,3.25,3.2,2.37,2.05,1.95,3.1,2.9,3.1,1.8,2.75,2.62,1.75,1.65,1.8,3.2,-0.25,0.0,2.1,2.15,3.0,2.1,2.3,Leicester,Fulham,Leicester_Fulham_2003
316,3.5,5.0,3.5,1.62,1.61,5.5,1.615,-1.0,2.0,1.571,1.85,3.6,3.6,3.4,1.61,1.8,1.85,3.3,6.5,4.8,2.0,5.0,5.0,1.85,2.2,1.975,3.5,-1.0,-1.25,1.55,1.6,5.5,1.925,1.53,Man City,Wolves,Man City_Wolves_2003
317,3.2,2.1,3.0,2.9,3.1,2.3,3.2,0.25,1.95,3.2,,3.4,3.25,3.25,3.0,1.85,1.79,3.1,2.38,2.2,,2.0,2.1,1.9,1.8,2.1,3.3,,0.25,2.9,2.05,2.2,1.8,2.75,Newcastle,Arsenal,Newcastle_Arsenal_2003
318,3.4,1.83,3.1,3.85,3.75,1.95,3.5,0.5,1.8,4.0,1.9,3.4,3.4,3.2,3.6,2.0,1.86,3.2,1.91,2.0,1.95,1.7269999999999999,1.9,1.87,2.15,2.0,3.25,0.5,0.25,3.2,1.65,2.0,1.9,3.75,Aston Villa,Chelsea,Aston Villa_Chelsea_2003
319,3.4,3.2,3.1,2.0,2.0,3.65,2.0,-0.25,1.9,1.8330000000000002,2.05,3.4,3.25,3.25,1.9,1.9,1.86,3.2,3.75,3.5,1.8,3.5,3.5,1.86,1.9,1.975,3.25,-0.5,-0.25,1.9,1.95,3.75,1.925,1.91,Fulham,Blackburn,Fulham_Blackburn_2003
320,3.5,5.0,3.5,1.6,1.57,6.0,1.615,-1.25,1.9,1.5330000000000001,1.95,3.6,3.5,3.4,1.61,1.9,1.77,3.5,5.5,4.8,1.9,5.5,5.0,1.96,2.05,1.8,3.45,-1.0,-1.25,1.55,1.7,6.0,2.1,1.62,Liverpool,Charlton,Liverpool_Charlton_2003
321,3.2,3.2,3.0,2.05,2.0,3.5,2.1,-0.25,1.8,2.0,1.8,3.3,3.25,3.25,2.0,2.0,1.91,3.2,3.3,3.1,2.05,3.2,3.25,1.81,1.5,2.025,3.25,-0.25,0.0,2.1,2.45,3.4,1.875,2.1,Middlesbrough,Southampton,Middlesbrough_Southampton_2003
322,3.2,2.62,2.9,2.4,2.25,2.8,2.375,-0.25,1.8,2.375,2.0,3.3,3.25,3.2,2.3,2.0,1.91,3.3,2.8,2.7,1.85,2.6,2.7,1.81,1.7,1.975,3.25,-0.25,0.0,2.4,2.05,2.875,1.925,2.38,Portsmouth,Birmingham,Portsmouth_Birmingham_2003
323,3.2,3.2,3.0,2.1,2.0,3.35,2.2,-0.25,1.9,2.0,1.95,3.3,3.25,3.25,2.0,1.9,1.81,3.2,3.3,3.3,1.9,3.2,3.25,1.91,1.55,1.95,3.25,-0.25,0.0,2.0,2.3,3.2,1.95,2.1,Tottenham,Man City,Tottenham_Man City_2003
324,3.25,2.62,3.0,2.4,2.3,2.8,2.4,0.0,1.9,2.4,2.0,3.3,3.4,3.2,2.37,1.9,1.91,3.2,2.63,2.7,1.85,2.5,2.62,1.81,1.75,2.15,3.25,-0.25,0.0,2.3,2.0,2.75,1.75,2.5,Wolves,Bolton,Wolves_Bolton_2003
325,3.2,2.87,3.0,2.1,2.1,3.35,2.2,-0.25,1.9,2.2,1.85,3.3,3.3,3.25,2.1,1.9,1.86,3.3,3.0,3.1,2.0,2.8,3.0,1.86,1.55,2.05,3.25,-0.25,0.0,2.1,2.3,3.2,1.85,2.25,Leeds,Everton,Leeds_Everton_2003
326,5.0,8.0,4.7,1.25,1.22,11.0,1.286,-1.75,2.15,1.2,1.95,5.0,5.0,5.0,1.25,1.65,1.66,5.5,10.0,9.5,1.9,11.0,8.5,2.07,1.7,1.825,5.25,-1.75,-1.5,1.22,2.05,10.0,2.075,1.25,Man United,Leicester,Man United_Leicester_2003
327,5.0,8.0,4.2,1.3,1.3,9.0,1.3330000000000002,-1.25,2.15,1.25,1.85,5.0,5.0,4.5,1.28,1.66,1.55,4.33,9.5,8.0,2.0,8.0,9.0,2.25,1.65,1.975,5.0,-1.25,-1.0,1.3,2.15,8.0,1.925,1.29,Arsenal,Leeds,Arsenal_Leeds_2003
328,3.25,3.5,3.1,1.91,1.83,3.75,1.909,-0.5,2.0,1.8,1.8,3.4,3.5,3.25,1.85,1.8,1.85,3.4,3.75,3.8,2.05,3.75,3.75,1.85,1.65,2.0,3.4,-0.5,-0.25,1.8,2.15,3.75,1.9,1.91,Blackburn,Leicester,Blackburn_Leicester_2003
329,3.25,2.75,2.7,2.25,2.25,3.0,2.25,-0.25,1.85,2.2,2.0,3.3,3.2,3.2,2.1,1.95,1.95,3.2,3.3,3.0,1.85,2.75,3.1,1.75,1.65,1.85,3.3,-0.25,0.0,2.3,2.15,3.1,2.05,2.1,Bolton,Tottenham,Bolton_Tottenham_2003
330,3.2,3.0,3.0,2.15,2.1,3.25,2.1,-0.25,1.8,2.0,1.8,3.2,3.25,3.2,2.1,2.0,2.05,3.2,3.4,3.1,2.05,3.2,3.1,1.65,1.5,2.025,3.25,-0.25,0.0,2.1,2.45,3.4,1.875,2.1,Charlton,Birmingham,Charlton_Birmingham_2003
331,3.75,7.0,3.9,1.4,1.36,8.0,1.444,-1.0,1.9,1.4,1.8,4.33,4.0,3.75,1.36,1.9,1.75,4.0,8.5,6.0,2.05,7.0,9.0,1.95,2.0,2.1,4.1,-1.0,-1.25,1.4,1.75,7.5,1.8,1.36,Chelsea,Everton,Chelsea_Everton_2003
332,3.4,5.0,3.5,1.6,1.61,5.75,1.615,-0.75,1.8,1.5,1.9,3.6,3.4,3.4,1.57,2.0,1.71,3.3,5.5,4.8,1.95,6.0,5.5,2.0,1.9,2.1,3.55,-1.0,-1.0,1.55,1.95,6.0,1.8,1.62,Liverpool,Fulham,Liverpool_Fulham_2003
333,3.4,3.3,3.3,1.9,2.0,4.0,1.909,-0.5,1.9,1.909,1.85,3.3,3.3,3.25,1.9,1.9,1.9,3.1,3.75,3.8,2.0,3.25,3.5,1.79,2.2,1.975,3.3,-0.5,-0.75,1.75,1.6,4.0,1.925,1.95,Man City,Southampton,Man City_Southampton_2003
334,3.4,1.61,3.3,5.0,5.0,1.7,4.5,0.75,1.95,4.333,1.9,3.6,3.6,3.4,4.5,1.85,1.71,3.3,1.67,1.65,1.95,1.6669999999999998,1.66,2.0,1.9,2.075,3.4,0.75,0.75,4.4,1.95,1.7269999999999999,1.825,5.0,Portsmouth,Man United,Portsmouth_Man United_2003
335,3.2,2.3,3.2,2.75,2.6,2.42,2.75,0.0,1.85,2.75,2.1,3.3,3.4,3.2,2.5,1.95,1.9,3.3,2.4,2.5,1.75,2.25,2.5,1.79,2.3,1.8,3.3,0.0,-0.25,2.3,1.55,2.375,2.1,2.75,Wolves,Middlesbrough,Wolves_Middlesbrough_2003
336,3.25,2.8,3.0,2.35,2.3,2.9,2.375,0.0,1.75,2.2,1.8,3.3,3.25,3.2,2.25,2.05,1.93,3.0,2.75,2.6,2.05,2.75,2.8,1.81,2.2,2.05,3.2,0.0,-0.25,2.4,1.6,2.875,1.85,2.4,Aston Villa,Newcastle,Aston Villa_Newcastle_2003
337,,8.0,3.9,1.4,1.36,8.5,1.4,-1.25,2.0,,2.0,4.5,4.333,4.0,1.36,1.8,1.71,3.75,8.0,6.0,1.85,,7.5,2.0,1.7,1.9,4.0,-1.25,-1.0,1.4,2.05,7.5,2.0,1.36,Man United,Charlton,Man United_Charlton_2003
338,3.4,3.0,2.7,2.15,2.2,3.2,2.2,-0.5,1.85,1.91,1.9,3.3,3.25,3.25,2.1,1.95,1.85,3.0,3.3,3.2,1.95,3.25,3.0,1.85,1.55,1.925,3.3,-0.5,0.0,2.2,2.3,3.2,1.975,2.1,Everton,Blackburn,Everton_Blackburn_2003
339,3.25,2.8,3.0,2.3,2.2,2.9,2.25,-0.5,1.85,2.2,2.0,3.3,3.3,3.2,2.25,1.95,1.9,3.2,3.1,2.9,1.85,2.75,2.8,1.79,1.7,1.9,3.3,-0.5,0.0,2.2,2.05,3.0,2.0,2.2,Fulham,Charlton,Fulham_Charlton_2003
340,3.2,2.37,3.0,2.5,2.5,2.65,2.5,0.0,1.8,2.38,2.05,3.3,3.4,3.2,2.5,2.0,1.85,3.3,2.62,2.5,1.8,2.6,2.5,1.85,2.2,1.9,3.3,0.0,-0.5,2.5,1.6,2.62,2.0,2.5,Leicester,Man City,Leicester_Man City_2003
341,3.4,4.33,3.2,1.83,1.72,4.35,1.8,-0.5,1.8,1.73,1.9,3.4,3.3,3.25,1.73,2.0,1.79,3.2,4.75,4.0,1.95,4.0,4.33,1.9,1.55,1.95,3.3,-0.5,-0.5,1.75,2.3,4.5,1.95,1.73,Man United,Liverpool,Man United_Liverpool_2003
342,3.2,2.75,3.2,2.3,2.25,2.9,2.3,-0.5,1.8,2.2,2.0,3.2,3.25,3.2,2.3,2.0,1.95,3.2,3.0,2.4,1.85,2.8,2.75,1.75,1.7,1.85,3.3,-0.5,0.0,2.4,2.05,3.0,2.05,2.3,Middlesbrough,Aston Villa,Middlesbrough_Aston Villa_2003
343,3.2,3.5,3.2,2.0,1.9,3.6,1.9,-0.5,1.8,1.83,1.75,3.25,3.25,3.2,1.91,2.0,2.0,3.2,4.0,4.0,2.1,3.75,3.6,1.71,1.8,2.15,3.3,-0.5,-0.5,1.75,2.05,4.0,1.75,1.91,Southampton,Bolton,Southampton_Bolton_2003
344,3.25,5.0,3.1,1.65,1.61,5.0,1.61,-0.75,1.95,1.67,1.95,3.6,3.6,3.4,1.62,1.85,1.75,3.3,5.5,3.8,1.9,4.5,5.0,1.95,2.05,1.95,3.6,-0.75,-1.0,1.8,1.7,5.5,1.95,1.62,Birmingham,Wolves,Birmingham_Wolves_2003
345,3.4,3.2,3.1,2.1,2.0,3.3,2.1,-0.5,1.85,2.0,1.8,3.3,3.25,3.25,2.1,1.95,1.75,3.2,3.3,3.2,2.05,3.0,3.0,1.95,1.5,2.025,3.3,-0.5,0.0,2.0,2.45,3.4,1.875,2.1,Leeds,Portsmouth,Leeds_Portsmouth_2003
346,3.2,2.4,3.0,2.55,2.6,2.6,2.7,0.0,1.8,2.75,1.9,3.3,3.25,3.2,2.5,2.0,1.85,3.1,2.62,2.6,1.95,2.25,2.5,1.85,2.2,2.0,3.3,0.0,-0.5,2.4,1.6,2.5,1.9,2.5,Newcastle,Chelsea,Newcastle_Chelsea_2003
347,3.25,1.66,3.1,4.85,4.5,1.72,5.5,0.75,1.95,4.5,1.95,3.4,3.4,3.25,4.33,1.85,1.85,3.3,1.7,1.85,1.9,1.67,1.73,1.85,1.9,2.0,3.4,0.75,0.75,3.6,1.95,1.66,1.9,5.0,Tottenham,Arsenal,Tottenham_Arsenal_2003
348,3.75,7.5,3.6,1.37,1.36,9.0,1.36,-1.25,2.0,1.33,2.0,4.33,4.33,3.75,1.44,1.8,1.65,4.0,7.5,5.8,1.85,9.0,6.0,2.05,1.6,1.85,4.15,-1.25,-1.0,1.45,2.2,9.0,2.05,1.4,Arsenal,Birmingham,Arsenal_Birmingham_2003
349,3.25,1.85,3.1,3.95,3.75,1.9,3.75,0.5,1.95,3.4,,3.5,3.5,3.3,3.6,1.85,1.85,3.25,1.83,1.8,,1.91,1.83,1.85,2.15,1.9,3.3,,0.25,3.8,1.65,1.9,2.0,4.0,Blackburn,Man United,Blackburn_Man United_2003
350,3.4,4.0,3.1,1.85,1.73,4.0,1.8,-0.5,1.9,1.67,,3.4,3.4,3.5,1.8,1.9,1.9,3.5,4.33,3.8,,4.33,3.5,1.79,1.55,1.95,3.4,,-0.25,1.8,2.3,4.33,1.95,1.8,Charlton,Leicester,Charlton_Leicester_2003
351,3.6,7.0,3.6,1.5,1.44,6.75,1.53,-1.0,1.95,1.44,,3.75,3.6,3.75,1.44,1.85,1.75,3.6,7.0,5.8,,6.5,6.0,1.95,2.15,1.95,3.75,,-1.25,1.45,1.65,6.5,1.95,1.5,Chelsea,Southampton,Chelsea_Southampton_2003
352,3.2,2.38,2.9,2.55,2.62,2.5,2.62,0.0,1.8,2.6,1.8,3.4,3.4,3.1,2.62,2.0,1.85,3.2,2.4,2.4,2.05,2.38,2.37,1.85,2.05,2.05,3.3,0.0,-0.25,2.7,1.7,2.5,1.85,2.7,Man City,Newcastle,Man City_Newcastle_2003
353,3.2,3.0,3.0,2.1,2.1,3.35,2.2,-0.25,1.85,2.0,1.85,3.4,3.25,3.2,2.0,1.95,1.9,3.25,3.5,3.1,2.0,3.2,3.2,1.79,1.5,2.075,3.25,-0.25,0.0,2.1,2.45,3.2,1.825,2.0,Portsmouth,Fulham,Portsmouth_Fulham_2003
354,3.2,2.5,3.2,2.5,2.5,2.7,2.5,0.0,1.85,2.5,,3.4,3.4,3.2,2.3,1.95,1.85,3.2,2.75,2.5,,2.5,2.62,1.85,2.1,2.1,3.25,,-0.25,2.3,1.67,2.62,1.8,2.38,Wolves,Everton,Wolves_Everton_2003
355,3.25,4.0,3.5,1.72,1.75,5.0,1.66,-0.75,1.8,1.67,,3.6,3.6,3.25,1.72,2.0,1.95,3.4,5.0,4.8,,4.5,4.2,1.75,2.15,1.9,3.35,,-1.0,1.55,1.65,5.0,2.0,1.67,Aston Villa,Tottenham,Aston Villa_Tottenham_2003
356,3.2,2.6,3.2,2.35,2.3,2.75,2.25,0.0,1.9,2.1,1.8,3.4,3.5,3.5,2.37,1.9,1.9,3.4,3.0,2.5,2.05,3.0,2.37,1.79,2.05,2.1,3.4,0.0,-0.25,2.3,1.7,2.87,1.8,2.2,Bolton,Leeds,Bolton_Leeds_2003
357,3.5,5.5,4.0,1.57,1.57,6.25,1.57,-1.0,1.8,1.53,1.9,3.4,3.5,3.4,1.53,2.0,1.95,3.4,6.0,7.0,1.95,5.5,5.5,1.75,2.15,1.975,3.5,-1.0,-1.25,1.35,1.65,6.5,1.925,1.62,Liverpool,Middlesbrough,Liverpool_Middlesbrough_2003
358,3.2,1.72,2.7,4.25,4.33,1.8,4.5,0.5,1.85,4.33,1.95,3.4,3.3,3.25,4.0,1.95,1.85,3.2,1.8,1.9,1.9,1.73,1.8,1.85,1.7,1.95,3.25,0.5,0.75,4.2,2.15,1.8,1.95,4.33,Portsmouth,Arsenal,Portsmouth_Arsenal_2003
359,3.2,1.9,3.3,3.25,3.25,2.05,3.4,0.5,1.8,3.0,,3.4,3.25,3.25,3.25,2.0,1.95,3.4,2.1,1.85,,2.1,2.0,1.75,2.05,2.1,3.25,,0.25,3.4,1.7,2.1,1.8,3.2,Birmingham,Liverpool,Birmingham_Liverpool_2003
360,3.2,3.0,3.1,2.2,2.1,3.0,2.25,-0.25,1.85,2.2,2.0,3.3,3.3,3.2,2.2,1.95,1.95,3.2,3.0,2.8,1.85,2.8,2.88,1.75,1.6,1.9,3.2,-0.25,0.0,2.2,2.2,3.0,2.0,2.25,Everton,Bolton,Everton_Bolton_2003
361,3.2,2.37,3.1,2.5,2.62,2.52,2.6,,1.85,2.5,,3.3,3.25,3.2,2.5,1.95,1.85,3.1,2.4,2.6,,2.5,2.5,1.85,2.2,,3.25,,-0.25,2.3,1.6,2.6,,2.75,Leeds,Charlton,Leeds_Charlton_2003
362,3.2,2.5,3.0,2.4,2.4,2.65,2.4,,1.8,2.38,,3.3,3.4,3.2,2.4,2.0,1.95,3.25,2.75,2.5,,2.6,2.6,1.75,2.05,,3.25,,-0.25,2.5,1.7,2.75,,2.4,Leicester,Portsmouth,Leicester_Portsmouth_2003
363,3.2,2.87,3.1,2.1,2.25,3.2,2.25,-0.25,1.8,2.2,1.8,3.3,3.2,3.2,2.2,2.0,1.85,3.0,3.3,3.2,2.05,2.8,2.88,1.85,1.5,2.025,3.2,-0.25,0.0,2.0,2.45,3.1,1.875,2.1,Man United,Chelsea,Man United_Chelsea_2003
364,3.25,3.2,3.1,2.05,2.0,3.25,2.1,-0.25,1.8,1.8,1.9,3.2,3.25,3.25,1.91,2.0,1.9,3.2,3.4,3.2,1.95,3.75,3.5,1.79,1.5,2.0,3.25,-0.25,0.0,2.0,2.45,3.4,1.9,2.1,Middlesbrough,Man City,Middlesbrough_Man City_2003
365,3.2,2.2,3.1,2.8,2.7,2.3,2.87,0.25,1.85,2.8,1.8,3.3,3.4,3.25,2.75,1.95,1.95,3.3,2.25,2.1,2.05,2.2,2.25,1.75,1.85,2.05,3.2,0.25,0.25,3.0,2.0,2.3,1.85,3.0,Southampton,Aston Villa,Southampton_Aston Villa_2003
366,3.2,2.75,3.0,2.15,2.2,3.05,2.3,-0.25,1.95,2.1,1.95,3.4,3.4,3.2,2.2,1.85,1.79,3.25,3.0,3.1,1.9,3.0,2.88,1.9,1.6,1.9,3.25,-0.25,0.0,2.1,2.2,2.87,2.0,2.2,Tottenham,Blackburn,Tottenham_Blackburn_2003
367,3.2,2.0,2.6,3.8,3.6,1.9,3.25,0.25,1.8,3.5,,3.25,3.4,3.25,3.5,2.0,1.9,2.87,1.91,2.1,,1.91,1.91,1.79,1.74,1.775,3.2,,0.5,3.6,1.9,2.1,2.125,4.0,Fulham,Arsenal,Fulham_Arsenal_2003
368,4.5,9.5,4.8,1.27,1.22,9.5,1.3,,2.1,1.29,,5.0,5.0,5.0,1.25,1.7,1.65,5.0,9.0,9.5,,8.0,9.0,2.05,1.92,,5.0,,-1.5,1.22,1.66,9.0,,1.3,Newcastle,Wolves,Newcastle_Wolves_2003
369,3.2,1.9,3.2,3.25,3.25,2.05,2.87,0.25,,2.75,1.88,3.3,3.6,3.4,2.88,,1.95,3.4,2.25,2.0,1.96,2.25,2.1,1.75,1.9,2.0,3.25,0.25,0.25,3.1,1.9,2.2,1.9,3.0,Southampton,Newcastle,Southampton_Newcastle_2003
370,5.5,12.0,4.0,1.22,1.22,12.0,1.25,,2.1,1.17,,5.0,5.0,5.0,1.22,1.7,1.65,4.5,12.0,8.5,,12.0,10.0,2.05,1.22,,5.0,,-0.5,1.3,3.53,13.0,,1.25,Arsenal,Leicester,Arsenal_Leicester_2003
371,3.25,3.0,3.2,2.05,2.0,3.1,2.2,-0.25,1.8,2.2,2.04,3.2,3.4,3.4,2.0,2.0,1.9,3.4,3.2,2.9,1.8,2.75,3.1,1.79,1.9,1.925,3.4,-0.25,-0.25,2.1,1.95,3.0,1.975,2.2,Aston Villa,Man United,Aston Villa_Man United_2003
372,3.25,3.2,3.0,2.05,2.0,3.2,2.1,-0.25,1.8,2.2,1.94,3.2,3.4,3.25,2.1,2.0,1.9,3.2,3.1,3.1,1.9,2.75,3.0,1.79,1.9,2.0,3.25,-0.5,-0.25,2.1,1.95,3.25,1.9,2.25,Blackburn,Birmingham,Blackburn_Birmingham_2003
373,3.2,3.4,3.1,1.95,1.9,3.5,2.0,-0.5,1.9,1.91,2.02,3.3,3.2,3.25,2.0,1.9,1.9,3.25,3.6,3.5,1.82,3.5,3.25,1.79,1.95,1.85,3.25,-0.5,-0.5,1.9,1.69,3.75,2.05,2.0,Bolton,Fulham,Bolton_Fulham_2003
374,3.2,3.2,3.1,2.05,2.0,3.2,2.0,-0.5,1.85,2.0,1.76,3.3,3.3,3.25,2.0,1.95,1.85,3.2,3.6,3.2,2.08,3.2,3.25,1.85,1.9,1.85,3.25,-0.5,-0.25,2.0,1.95,3.6,2.05,2.0,Charlton,Southampton,Charlton_Southampton_2003
375,4.33,8.0,3.9,1.3,1.3,9.0,1.33,,2.05,1.3,1.7,4.5,4.5,4.2,1.33,1.75,1.65,4.33,9.0,6.0,2.14,8.0,8.0,2.05,1.3,,4.4,-1.5,-0.5,1.4,2.96,9.0,,1.33,Chelsea,Leeds,Chelsea_Leeds_2003
376,3.4,3.1,3.1,2.0,2.0,3.35,2.0,-0.5,1.8,1.8,,3.4,3.3,3.25,2.0,2.0,1.9,3.3,3.75,3.2,,3.6,3.25,1.79,2.0,1.8,3.25,,-0.5,2.0,1.65,3.6,2.1,1.91,Liverpool,Newcastle,Liverpool_Newcastle_2003
377,3.2,3.4,3.1,1.95,1.9,3.5,2.1,-0.25,1.9,1.83,1.72,3.3,3.25,3.25,2.0,1.9,1.85,3.25,3.3,3.5,2.12,3.75,3.25,1.85,1.95,2.025,3.25,-0.25,-0.5,1.9,1.69,3.4,1.875,2.1,Man City,Everton,Man City_Everton_2003
378,3.2,3.1,3.0,2.1,2.0,3.1,2.25,-0.25,1.8,2.2,2.0,3.2,3.3,3.2,2.2,2.0,1.9,3.3,3.2,3.1,1.84,2.8,2.88,1.79,1.95,1.825,3.25,-0.25,-0.25,2.1,1.9,3.0,2.075,2.2,Portsmouth,Middlesbrough,Portsmouth_Middlesbrough_2003
379,3.25,2.62,3.0,2.3,2.25,2.75,2.37,,2.0,2.2,,3.2,3.3,3.2,2.38,1.8,1.75,3.3,3.0,2.9,,2.75,2.62,1.95,1.75,,3.25,,0.0,2.2,2.1,2.8,,2.3,Wolves,Tottenham,Wolves_Tottenham_2003
